EmployeeID,FirstName,LastName,Title,DepartmentType,BusinessUnit,EmployeeType,Gender,TenureYears,Age,SatisfactionScore,EngagementScore,WorkLifeBalanceScore,PerformanceScore,CurrentEmployeeRating,AttritionProbability,RiskCategory,TopReasons,Recommendation
1550,Kyle,Peck,Production Technician I,Production,BPC,Full-Time,Female,1.9,65.0,3,2,3,Fully Meets,3,0.6421929420706362,High Risk,short tenure; Department = Production; BusinessUnit = BPC,Key drivers: short tenure and Department = Production. Recommended: provide onboarding/mentorship support given short tenure. Prioritize immediate action.
2024,Yair,Snyder,Production Technician II,Production,EW,Full-Time,Female,0.69,35.0,1,2,5,Fully Meets,3,0.6411225671005295,High Risk,short tenure; Department = Production; low performance rating,Key drivers: short tenure and Department = Production. Recommended: provide onboarding/mentorship support given short tenure; offer coaching or a targeted development plan. Prioritize immediate action.
1912,Erica,French,Production Technician II,Production,TNS,Part-Time,Female,1.0,39.0,5,2,1,Fully Meets,3,0.6386812145745312,High Risk,short tenure; Department = Production; low performance rating,Key drivers: short tenure and Department = Production. Recommended: provide onboarding/mentorship support given short tenure; offer coaching or a targeted development plan. Prioritize immediate action.
2992,Moshe,Copeland,Production Technician I,Production,NEL,Full-Time,Female,1.01,53.0,4,1,2,Fully Meets,4,0.6374607515236574,High Risk,short tenure; Department = Production; low performance rating,Key drivers: short tenure and Department = Production. Recommended: provide onboarding/mentorship support given short tenure; offer coaching or a targeted development plan. Prioritize immediate action.
1740,Lei-Ming,Nguyen,Production Technician I,Production,NEL,Contract,Female,1.38,63.0,4,5,4,Fully Meets,3,0.6262261226564925,High Risk,short tenure; Department = Production; low performance rating,Key drivers: short tenure and Department = Production. Recommended: provide onboarding/mentorship support given short tenure; offer coaching or a targeted development plan. Prioritize immediate action.
2308,Asia,Rivers,Data Analyst,Production,EW,Full-Time,Male,0.39,27.0,2,1,3,Fully Meets,5,0.6262024235414327,High Risk,short tenure; Department = Production; JobFunctionDescription = Coordinator,Key drivers: short tenure and Department = Production. Recommended: provide onboarding/mentorship support given short tenure. Prioritize immediate action.
3225,Saniya,Bradley,Production Technician I,Production,EW,Contract,Female,2.04,49.0,1,3,1,Fully Meets,3,0.6230540868983055,High Risk,short tenure; Department = Production; low performance rating,Key drivers: short tenure and Department = Production. Recommended: provide onboarding/mentorship support given short tenure; offer coaching or a targeted development plan. Prioritize immediate action.
1424,Aydin,Bautista,Production Technician I,Production,BPC,Full-Time,Female,0.71,44.0,4,4,5,Needs Improvement,3,0.6207705725843439,High Risk,short tenure; Department = Production; low performance rating,Key drivers: short tenure and Department = Production. Recommended: provide onboarding/mentorship support given short tenure; offer coaching or a targeted development plan. Prioritize immediate action.
2058,Brady,Boyd,Production Technician I,Production,NEL,Full-Time,Male,0.13,43.0,5,5,4,Fully Meets,3,0.618365498696419,High Risk,short tenure; Department = Production; low performance rating,Key drivers: short tenure and Department = Production. Recommended: provide onboarding/mentorship support given short tenure; offer coaching or a targeted development plan. Prioritize immediate action.
1506,Hayden,Richmond,Production Technician I,Production,NEL,Part-Time,Female,2.01,54.0,3,2,2,Exceeds,3,0.6178829751952362,High Risk,short tenure; Department = Production; low performance rating,Key drivers: short tenure and Department = Production. Recommended: provide onboarding/mentorship support given short tenure; offer coaching or a targeted development plan. Prioritize immediate action.
1872,Reyna,Good,Production Technician I,Production,PL,Full-Time,Female,0.53,54.0,2,1,5,Fully Meets,3,0.6149463486800308,High Risk,short tenure; Department = Production; low performance rating,Key drivers: short tenure and Department = Production. Recommended: provide onboarding/mentorship support given short tenure; offer coaching or a targeted development plan. Prioritize immediate action.
3619,Karissa,Bowers,Production Technician I,Production,TNS,Full-Time,Male,0.11,42.0,5,1,2,Fully Meets,3,0.6141825133757999,High Risk,short tenure; Department = Production; low performance rating,Key drivers: short tenure and Department = Production. Recommended: provide onboarding/mentorship support given short tenure; offer coaching or a targeted development plan. Prioritize immediate action.
3017,Arjun,Gibson,Production Technician I,Production,PL,Full-Time,Female,0.3,32.0,5,3,3,PIP,5,0.612619859226546,High Risk,short tenure; Department = Production; PayZone = Zone B,Key drivers: short tenure and Department = Production. Recommended: provide onboarding/mentorship support given short tenure. Prioritize immediate action.
1270,Yahir,Hill,Production Technician I,Production,TNS,Part-Time,Female,0.67,59.0,5,5,1,Fully Meets,3,0.6116645987776157,High Risk,short tenure; Department = Production; low performance rating,Key drivers: short tenure and Department = Production. Recommended: provide onboarding/mentorship support given short tenure; offer coaching or a targeted development plan. Prioritize immediate action.
3063,Patience,Henry,Production Technician I,Production,CCDR,Contract,Female,1.61,43.0,5,1,1,Fully Meets,5,0.6073889602526474,High Risk,short tenure; Department = Production; low performance rating,Key drivers: short tenure and Department = Production. Recommended: provide onboarding/mentorship support given short tenure; offer coaching or a targeted development plan. Prioritize immediate action.
2008,Kaila,Johnston,Production Technician I,Production,BPC,Part-Time,Female,0.5,85.0,2,1,2,Fully Meets,3,0.6073460811225512,High Risk,short tenure; Department = Production; BusinessUnit = BPC,Key drivers: short tenure and Department = Production. Recommended: provide onboarding/mentorship support given short tenure. Prioritize immediate action.
1839,Aydin,Perry,Production Technician I,Production,PYZ,Full-Time,Female,1.04,58.0,3,3,3,Exceeds,3,0.6072686515798137,High Risk,short tenure; Department = Production; low performance rating,Key drivers: short tenure and Department = Production. Recommended: provide onboarding/mentorship support given short tenure; offer coaching or a targeted development plan. Prioritize immediate action.
1835,Colin,Cherry,Production Technician II,Production,EW,Part-Time,Female,0.85,44.0,2,5,2,Needs Improvement,3,0.6062650766451692,High Risk,short tenure; Department = Production; low performance rating,Key drivers: short tenure and Department = Production. Recommended: provide onboarding/mentorship support given short tenure; offer coaching or a targeted development plan. Prioritize immediate action.
2087,Arianna,Durham,Production Technician I,Production,PYZ,Part-Time,Female,0.59,67.0,4,4,1,Fully Meets,3,0.6060370551756973,High Risk,short tenure; Department = Production; low performance rating,Key drivers: short tenure and Department = Production. Recommended: provide onboarding/mentorship support given short tenure; offer coaching or a targeted development plan. Prioritize immediate action.
1784,Trystan,Ramos,Production Technician I,Production,WBL,Part-Time,Female,0.0,55.0,3,2,1,Fully Meets,3,0.6051669064579929,High Risk,short tenure; Department = Production; low performance rating,Key drivers: short tenure and Department = Production. Recommended: provide onboarding/mentorship support given short tenure; offer coaching or a targeted development plan. Prioritize immediate action.
1439,Dangelo,Gould,Production Technician I,Production,NEL,Full-Time,Female,0.77,39.0,1,3,3,Needs Improvement,3,0.6044428279506525,High Risk,short tenure; Department = Production; low performance rating,Key drivers: short tenure and Department = Production. Recommended: provide onboarding/mentorship support given short tenure; offer coaching or a targeted development plan. Prioritize immediate action.
1797,Clara,Wheeler,Production Technician I,Production,NEL,Full-Time,Female,2.07,39.0,3,3,5,Fully Meets,3,0.6034537131195254,High Risk,short tenure; Department = Production; low performance rating,Key drivers: short tenure and Department = Production. Recommended: provide onboarding/mentorship support given short tenure; offer coaching or a targeted development plan. Prioritize immediate action.
3072,Daniel,Frye,Production Technician II,Production,EW,Full-Time,Female,0.09,40.0,4,2,1,Fully Meets,1,0.6032540481288582,High Risk,short tenure; Department = Production; training investment,Key drivers: short tenure and Department = Production. Recommended: provide onboarding/mentorship support given short tenure. Prioritize immediate action.
3355,Darryl,Ponce,Production Technician I,Production,PL,Contract,Female,0.46,35.0,3,1,3,Fully Meets,5,0.602299484619931,High Risk,short tenure; Department = Production; low performance rating,Key drivers: short tenure and Department = Production. Recommended: provide onboarding/mentorship support given short tenure; offer coaching or a targeted development plan. Prioritize immediate action.
2397,Marcos,Sloan,Production Manager,Production,TNS,Part-Time,Female,0.61,36.0,5,2,2,Fully Meets,2,0.6021060106698234,High Risk,short tenure; Department = Production; Gender = Female,Key drivers: short tenure and Department = Production. Recommended: provide onboarding/mentorship support given short tenure. Prioritize immediate action.
1924,Teagan,Swanson,Production Technician I,Production,BPC,Part-Time,Female,0.04,32.0,5,3,1,Fully Meets,3,0.6019955624998404,High Risk,short tenure; Department = Production; low performance rating,Key drivers: short tenure and Department = Production. Recommended: provide onboarding/mentorship support given short tenure; offer coaching or a targeted development plan. Prioritize immediate action.
3775,Karma,Koch,Production Technician I,Production,BPC,Contract,Male,1.37,46.0,1,2,3,Fully Meets,3,0.601988705690479,High Risk,short tenure; Department = Production; low performance rating,Key drivers: short tenure and Department = Production. Recommended: provide onboarding/mentorship support given short tenure; offer coaching or a targeted development plan. Prioritize immediate action.
3132,Ximena,Suarez,Production Technician I,Production,EW,Full-Time,Female,2.48,47.0,2,2,1,Fully Meets,4,0.6012421349302438,High Risk,short tenure; Department = Production; low performance rating,Key drivers: short tenure and Department = Production. Recommended: provide onboarding/mentorship support given short tenure; offer coaching or a targeted development plan. Prioritize immediate action.
1249,Aimee,Terry,Production Technician I,Production,TNS,Full-Time,Female,0.61,30.0,4,2,2,Fully Meets,3,0.6010824771153109,High Risk,short tenure; Department = Production; low performance rating,Key drivers: short tenure and Department = Production. Recommended: provide onboarding/mentorship support given short tenure; offer coaching or a targeted development plan. Prioritize immediate action.
2780,Anika,Robbins,Production Technician I,Production,PL,Contract,Male,1.31,75.0,5,3,2,Fully Meets,4,0.6010694895290558,High Risk,short tenure; Department = Production; low performance rating,Key drivers: short tenure and Department = Production. Recommended: provide onboarding/mentorship support given short tenure; offer coaching or a targeted development plan. Prioritize immediate action.
3607,Frankie,Atkins,Production Technician I,Production,EW,Full-Time,Male,1.82,50.0,4,2,1,Fully Meets,5,0.6005571598184178,High Risk,short tenure; Department = Production; low performance rating,Key drivers: short tenure and Department = Production. Recommended: provide onboarding/mentorship support given short tenure; offer coaching or a targeted development plan. Prioritize immediate action.
2295,Everett,Jordan,Production Manager,Production,SVG,Full-Time,Female,0.89,27.0,5,3,4,Fully Meets,5,0.6003830631849583,High Risk,short tenure; Department = Production; PayZone = Zone B,Key drivers: short tenure and Department = Production. Recommended: provide onboarding/mentorship support given short tenure. Prioritize immediate action.
1979,Liam,Snow,Production Technician I,Production,PYZ,Part-Time,Female,0.5,54.0,4,1,5,Fully Meets,3,0.6002104268412293,High Risk,short tenure; Department = Production; low performance rating,Key drivers: short tenure and Department = Production. Recommended: provide onboarding/mentorship support given short tenure; offer coaching or a targeted development plan. Prioritize immediate action.
3069,Jaylen,Donaldson,Production Technician II,Production,WBL,Full-Time,Female,2.12,27.0,2,1,3,Fully Meets,4,0.6000426431750399,High Risk,short tenure; Department = Production; low performance rating,Key drivers: short tenure and Department = Production. Recommended: provide onboarding/mentorship support given short tenure; offer coaching or a targeted development plan. Prioritize immediate action.
1804,Trevon,Deleon,Production Technician I,Production,PL,Part-Time,Male,0.24,69.0,3,3,5,Fully Meets,3,0.6000144207919669,High Risk,short tenure; Department = Production; low performance rating,Key drivers: short tenure and Department = Production. Recommended: provide onboarding/mentorship support given short tenure; offer coaching or a targeted development plan. Prioritize immediate action.
1898,Shaun,Velazquez,Production Technician I,Production,MSC,Full-Time,Female,1.38,30.0,5,4,5,Fully Meets,3,0.5998137426670552,Medium Risk,short tenure; Department = Production; low performance rating,Key drivers: short tenure and Department = Production. Recommended: provide onboarding/mentorship support given short tenure; offer coaching or a targeted development plan. Monitor and follow up.
1512,Kendal,Abbott,Production Technician I,Production,MSC,Contract,Female,1.54,44.0,5,4,2,Fully Meets,3,0.5997063960878378,Medium Risk,short tenure; Department = Production; low performance rating,Key drivers: short tenure and Department = Production. Recommended: provide onboarding/mentorship support given short tenure; offer coaching or a targeted development plan. Monitor and follow up.
1527,Tristen,Reed,Production Technician I,Production,EW,Part-Time,Female,0.22,46.0,1,1,3,Fully Meets,3,0.5993249429803379,Medium Risk,short tenure; Department = Production; low performance rating,Key drivers: short tenure and Department = Production. Recommended: provide onboarding/mentorship support given short tenure; offer coaching or a targeted development plan. Monitor and follow up.
2923,Joel,Spence,Production Technician I,Production,CCDR,Part-Time,Female,0.61,46.0,1,5,2,Needs Improvement,4,0.5992558366294961,Medium Risk,short tenure; Department = Production; low performance rating,Key drivers: short tenure and Department = Production. Recommended: provide onboarding/mentorship support given short tenure; offer coaching or a targeted development plan. Monitor and follow up.
1525,Nehemiah,Leach,Production Technician I,Production,BPC,Full-Time,Female,0.9,79.0,4,2,1,Needs Improvement,3,0.5987379920134706,Medium Risk,short tenure; Department = Production; low performance rating,Key drivers: short tenure and Department = Production. Recommended: provide onboarding/mentorship support given short tenure; offer coaching or a targeted development plan. Monitor and follow up.
1882,Baron,Luna,Production Technician I,Production,MSC,Full-Time,Female,1.18,81.0,4,1,2,Fully Meets,3,0.5985912384529259,Medium Risk,short tenure; Department = Production; low performance rating,Key drivers: short tenure and Department = Production. Recommended: provide onboarding/mentorship support given short tenure; offer coaching or a targeted development plan. Monitor and follow up.
2025,Shamar,Herman,Production Technician II,Production,MSC,Part-Time,Female,2.04,51.0,2,1,4,Fully Meets,3,0.5979488907294812,Medium Risk,short tenure; Department = Production; low performance rating,Key drivers: short tenure and Department = Production. Recommended: provide onboarding/mentorship support given short tenure; offer coaching or a targeted development plan. Monitor and follow up.
1916,Kadyn,Harrison,Production Technician II,Production,PL,Full-Time,Male,1.0,63.0,4,3,3,Fully Meets,3,0.5978852745876221,Medium Risk,short tenure; Department = Production; low performance rating,Key drivers: short tenure and Department = Production. Recommended: provide onboarding/mentorship support given short tenure; offer coaching or a targeted development plan. Monitor and follow up.
3664,Diana,Garza,Production Technician I,Production,PYZ,Full-Time,Female,1.27,70.0,3,5,2,Fully Meets,3,0.5969741367219407,Medium Risk,short tenure; Department = Production; training investment,Key drivers: short tenure and Department = Production. Recommended: provide onboarding/mentorship support given short tenure. Monitor and follow up.
1589,Travis,Morgan,Production Technician I,Production,MSC,Contract,Female,1.99,30.0,1,2,1,Fully Meets,3,0.5969611532518292,Medium Risk,short tenure; Department = Production; low performance rating,Key drivers: short tenure and Department = Production. Recommended: provide onboarding/mentorship support given short tenure; offer coaching or a targeted development plan. Monitor and follow up.
1953,Barbara,Sutwell,Production Technician I,Production,PL,Full-Time,Female,0.13,50.0,5,4,4,Fully Meets,3,0.5961036250469895,Medium Risk,short tenure; Department = Production; low performance rating,Key drivers: short tenure and Department = Production. Recommended: provide onboarding/mentorship support given short tenure; offer coaching or a targeted development plan. Monitor and follow up.
1899,Kolton,Duarte,Production Technician I,Production,TNS,Contract,Female,2.46,44.0,4,2,5,Fully Meets,3,0.5959691356608332,Medium Risk,short tenure; Department = Production; low performance rating,Key drivers: short tenure and Department = Production. Recommended: provide onboarding/mentorship support given short tenure; offer coaching or a targeted development plan. Monitor and follow up.
2040,Brynlee,Crawford,Production Technician II,Production,NEL,Contract,Female,1.56,77.0,2,1,5,Fully Meets,3,0.5949554394475781,Medium Risk,short tenure; Department = Production; low performance rating,Key drivers: short tenure and Department = Production. Recommended: provide onboarding/mentorship support given short tenure; offer coaching or a targeted development plan. Monitor and follow up.
2967,Sade,Smith,Production Technician I,Production,NEL,Full-Time,Female,0.5,43.0,3,2,1,Fully Meets,4,0.594741706997125,Medium Risk,short tenure; Department = Production; low performance rating,Key drivers: short tenure and Department = Production. Recommended: provide onboarding/mentorship support given short tenure; offer coaching or a targeted development plan. Monitor and follow up.
1531,Tiana,Perry,Production Technician I,Production,PYZ,Part-Time,Female,0.08,41.0,5,5,3,Fully Meets,3,0.5946249193303069,Medium Risk,short tenure; Department = Production; low performance rating,Key drivers: short tenure and Department = Production. Recommended: provide onboarding/mentorship support given short tenure; offer coaching or a targeted development plan. Monitor and follow up.
1786,Tara,Hoover,Production Technician I,Production,PL,Full-Time,Male,0.21,47.0,2,4,1,Fully Meets,3,0.5943562644698502,Medium Risk,short tenure; Department = Production; low performance rating,Key drivers: short tenure and Department = Production. Recommended: provide onboarding/mentorship support given short tenure; offer coaching or a targeted development plan. Monitor and follow up.
3298,Tatum,Petty,Production Technician II,Production,EW,Full-Time,Female,0.5,30.0,4,3,4,Fully Meets,5,0.5940804708576934,Medium Risk,short tenure; Department = Production; Employee = Full-Time,Key drivers: short tenure and Department = Production. Recommended: provide onboarding/mentorship support given short tenure. Monitor and follow up.
3642,Karissa,Carrillo,Production Technician I,Production,MSC,Contract,Male,1.54,48.0,1,4,2,Fully Meets,3,0.5938774006585026,Medium Risk,short tenure; Department = Production; low performance rating,Key drivers: short tenure and Department = Production. Recommended: provide onboarding/mentorship support given short tenure; offer coaching or a targeted development plan. Monitor and follow up.
1766,Kasey,Alexander,Production Technician I,Production,PYZ,Contract,Female,1.86,69.0,5,1,2,Fully Meets,3,0.5937281038551131,Medium Risk,short tenure; Department = Production; low performance rating,Key drivers: short tenure and Department = Production. Recommended: provide onboarding/mentorship support given short tenure; offer coaching or a targeted development plan. Monitor and follow up.
3042,Deven,Gillespie,Production Technician I,Production,EW,Contract,Female,0.09,65.0,1,4,2,Exceeds,4,0.5936633602411271,Medium Risk,short tenure; Department = Production; low performance rating,Key drivers: short tenure and Department = Production. Recommended: provide onboarding/mentorship support given short tenure; offer coaching or a targeted development plan. Monitor and follow up.
1487,Frida,Salazar,Production Technician I,Production,CCDR,Full-Time,Female,0.88,55.0,4,4,2,Fully Meets,3,0.5936392190291852,Medium Risk,short tenure; Department = Production; experience level,Key drivers: short tenure and Department = Production. Recommended: provide onboarding/mentorship support given short tenure. Monitor and follow up.
3641,Kiersten,Ellis,Production Technician I,Production,EW,Contract,Male,1.23,56.0,5,2,4,Fully Meets,3,0.5934157144315855,Medium Risk,short tenure; Department = Production; low performance rating,Key drivers: short tenure and Department = Production. Recommended: provide onboarding/mentorship support given short tenure; offer coaching or a targeted development plan. Monitor and follow up.
2899,Johnathan,Huerta,Production Technician I,Production,MSC,Part-Time,Male,1.55,34.0,5,1,3,Fully Meets,5,0.5912289455593712,Medium Risk,short tenure; Department = Production; low performance rating,Key drivers: short tenure and Department = Production. Recommended: provide onboarding/mentorship support given short tenure; offer coaching or a targeted development plan. Monitor and follow up.
3274,Arely,May,Production Technician I,Production,PL,Part-Time,Female,0.52,61.0,5,3,4,PIP,3,0.5904269813792596,Medium Risk,short tenure; Department = Production; low performance rating,Key drivers: short tenure and Department = Production. Recommended: provide onboarding/mentorship support given short tenure; offer coaching or a targeted development plan. Monitor and follow up.
1397,John,Kretschmer,Production Technician I,Production,MSC,Contract,Male,0.21,45.0,2,3,3,Exceeds,3,0.5903673637443234,Medium Risk,short tenure; Department = Production; low performance rating,Key drivers: short tenure and Department = Production. Recommended: provide onboarding/mentorship support given short tenure; offer coaching or a targeted development plan. Monitor and follow up.
2000,Jocelyn,Jackson,Production Technician I,Production,PYZ,Full-Time,Female,0.33,63.0,3,1,3,Fully Meets,3,0.590234703686902,Medium Risk,short tenure; Department = Production; training investment,Key drivers: short tenure and Department = Production. Recommended: provide onboarding/mentorship support given short tenure. Monitor and follow up.
1227,Hailey,Mckay,Production Technician I,Production,TNS,Part-Time,Female,2.79,39.0,2,1,2,Fully Meets,3,0.5896506166483838,Medium Risk,short tenure; Department = Production; low performance rating,Key drivers: short tenure and Department = Production. Recommended: provide onboarding/mentorship support given short tenure; offer coaching or a targeted development plan. Monitor and follow up.
2191,Paul,Moreno,Production Technician II,Production,EW,Contract,Female,2.17,55.0,2,2,3,Needs Improvement,5,0.5892097991690506,Medium Risk,short tenure; Department = Production; low performance rating,Key drivers: short tenure and Department = Production. Recommended: provide onboarding/mentorship support given short tenure; offer coaching or a targeted development plan. Monitor and follow up.
3704,Addisyn,Aguilar,Production Technician I,Production,CCDR,Full-Time,Female,2.75,50.0,4,2,5,Exceeds,5,0.5892058521211996,Medium Risk,short tenure; Department = Production; low performance rating,Key drivers: short tenure and Department = Production. Recommended: provide onboarding/mentorship support given short tenure; offer coaching or a targeted development plan. Monitor and follow up.
3236,Landin,Walton,Production Technician II,Production,NEL,Contract,Female,0.17,47.0,4,2,1,Fully Meets,5,0.5883717420995294,Medium Risk,short tenure; Department = Production; training investment,Key drivers: short tenure and Department = Production. Recommended: provide onboarding/mentorship support given short tenure. Monitor and follow up.
3195,Kaylen,Hogan,Production Technician I,Production,NEL,Full-Time,Female,0.25,45.0,4,5,1,Fully Meets,2,0.5882798992782996,Medium Risk,short tenure; Department = Production; low satisfaction score,Key drivers: short tenure and Department = Production. Recommended: schedule a 1:1 to discuss engagement and career goals; provide onboarding/mentorship support given short tenure. Monitor and follow up.
2970,Shenice,Gold,Production Technician I,Production,MSC,Full-Time,Female,0.98,44.0,5,5,5,Fully Meets,5,0.5880006824434774,Medium Risk,short tenure; Department = Production; low performance rating,Key drivers: short tenure and Department = Production. Recommended: provide onboarding/mentorship support given short tenure; offer coaching or a targeted development plan. Monitor and follow up.
3399,Corinne,Reeves,Production Technician I,Production,NEL,Full-Time,Female,0.99,42.0,4,4,5,Fully Meets,2,0.587633612500815,Medium Risk,short tenure; Department = Production; experience level,Key drivers: short tenure and Department = Production. Recommended: provide onboarding/mentorship support given short tenure. Monitor and follow up.
2288,Kelley,Spirea,Production Manager,Production,NEL,Full-Time,Female,1.55,42.0,1,5,4,Fully Meets,5,0.5874521038109454,Medium Risk,short tenure; Department = Production; training investment,Key drivers: short tenure and Department = Production. Recommended: provide onboarding/mentorship support given short tenure. Monitor and follow up.
1308,Atticus,Frost,Production Technician I,Production,CCDR,Full-Time,Female,0.69,46.0,5,4,2,Fully Meets,3,0.5871825591428813,Medium Risk,short tenure; Department = Production; low performance rating,Key drivers: short tenure and Department = Production. Recommended: provide onboarding/mentorship support given short tenure; offer coaching or a targeted development plan. Monitor and follow up.
1441,Miranda,Chavez,Production Technician I,Production,BPC,Contract,Female,0.82,44.0,1,1,5,Needs Improvement,3,0.5865384466569705,Medium Risk,short tenure; Department = Production; low performance rating,Key drivers: short tenure and Department = Production. Recommended: provide onboarding/mentorship support given short tenure; offer coaching or a targeted development plan. Monitor and follow up.
3011,Isla,Becker,Production Technician I,Production,TNS,Part-Time,Female,0.33,72.0,4,4,3,Fully Meets,5,0.5864176499641338,Medium Risk,short tenure; Department = Production; desired salary at hire,Key drivers: short tenure and Department = Production. Recommended: provide onboarding/mentorship support given short tenure; review compensation against market benchmarks. Monitor and follow up.
1252,Fabian,Young,Production Manager,Production,EW,Part-Time,Female,0.12,44.0,3,2,2,Fully Meets,3,0.5860426332951004,Medium Risk,short tenure; Department = Production; low performance rating,Key drivers: short tenure and Department = Production. Recommended: provide onboarding/mentorship support given short tenure; offer coaching or a targeted development plan. Monitor and follow up.
2995,Ronnie,Haas,Production Technician I,Production,CCDR,Full-Time,Male,0.24,72.0,5,1,2,Needs Improvement,4,0.5855462450385064,Medium Risk,short tenure; Department = Production; low performance rating,Key drivers: short tenure and Department = Production. Recommended: provide onboarding/mentorship support given short tenure; offer coaching or a targeted development plan. Monitor and follow up.
1519,Camille,Livingston,Production Technician I,Production,BPC,Part-Time,Female,0.23,55.0,3,1,1,Fully Meets,3,0.5855164892787715,Medium Risk,short tenure; Department = Production; BusinessUnit = BPC,Key drivers: short tenure and Department = Production. Recommended: provide onboarding/mentorship support given short tenure. Monitor and follow up.
2447,Jensen,Mccullough,Production Manager,Production,PL,Full-Time,Female,2.09,34.0,3,5,4,Fully Meets,4,0.5853614926356905,Medium Risk,short tenure; Department = Production; desired salary at hire,Key drivers: short tenure and Department = Production. Recommended: provide onboarding/mentorship support given short tenure; review compensation against market benchmarks. Monitor and follow up.
1119,Orlando,Henderson,Production Technician I,Production,BPC,Part-Time,Female,1.07,32.0,4,4,5,Fully Meets,3,0.5844453894738597,Medium Risk,short tenure; Department = Production; low performance rating,Key drivers: short tenure and Department = Production. Recommended: provide onboarding/mentorship support given short tenure; offer coaching or a targeted development plan. Monitor and follow up.
2369,Maximilian,Moyer,Network Engineer,Production,SVG,Part-Time,Male,0.89,39.0,2,5,4,Fully Meets,5,0.5834587733085321,Medium Risk,short tenure; Department = Production; PayZone = Zone B,Key drivers: short tenure and Department = Production. Recommended: provide onboarding/mentorship support given short tenure. Monitor and follow up.
1585,Alessandro,Harris,Production Technician I,Production,BPC,Part-Time,Female,0.81,70.0,4,5,4,Fully Meets,3,0.582675976938842,Medium Risk,short tenure; Department = Production; BusinessUnit = BPC,Key drivers: short tenure and Department = Production. Recommended: provide onboarding/mentorship support given short tenure. Monitor and follow up.
3261,Kaylen,Fisher,Production Technician II,Production,EW,Part-Time,Male,2.43,78.0,2,2,1,Fully Meets,4,0.5825152970724837,Medium Risk,short tenure; Department = Production; low performance rating,Key drivers: short tenure and Department = Production. Recommended: provide onboarding/mentorship support given short tenure; offer coaching or a targeted development plan. Monitor and follow up.
2160,Aden,George,Production Technician I,Production,SVG,Full-Time,Female,0.41,38.0,1,1,5,Exceeds,3,0.5820045248308342,Medium Risk,short tenure; Department = Production; low performance rating,Key drivers: short tenure and Department = Production. Recommended: provide onboarding/mentorship support given short tenure; offer coaching or a targeted development plan. Monitor and follow up.
1543,Valery,Holder,Production Technician I,Production,EW,Part-Time,Male,1.82,65.0,1,4,1,Fully Meets,3,0.5819796777957973,Medium Risk,short tenure; Department = Production; low performance rating,Key drivers: short tenure and Department = Production. Recommended: provide onboarding/mentorship support given short tenure; offer coaching or a targeted development plan. Monitor and follow up.
3698,Julien,Banks,Production Technician II,Production,WBL,Full-Time,Female,0.19,42.0,5,2,4,PIP,3,0.5818945725230042,Medium Risk,short tenure; Department = Production; low performance rating,Key drivers: short tenure and Department = Production. Recommended: provide onboarding/mentorship support given short tenure; offer coaching or a targeted development plan. Monitor and follow up.
3772,Zoie,Rowland,Production Technician I,Production,MSC,Full-Time,Female,0.45,60.0,5,2,1,Fully Meets,3,0.5817652430733854,Medium Risk,short tenure; Department = Production; low performance rating,Key drivers: short tenure and Department = Production. Recommended: provide onboarding/mentorship support given short tenure; offer coaching or a targeted development plan. Monitor and follow up.
2415,Raelynn,Lara,Production Manager,Production,TNS,Full-Time,Female,1.54,74.0,2,1,5,Fully Meets,4,0.5817393171657191,Medium Risk,short tenure; Department = Production; low performance rating,Key drivers: short tenure and Department = Production. Recommended: provide onboarding/mentorship support given short tenure; offer coaching or a targeted development plan. Monitor and follow up.
1567,Deborah,Kline,Production Technician I,Production,TNS,Contract,Female,0.4,48.0,2,4,4,Fully Meets,3,0.5817004121866926,Medium Risk,short tenure; Department = Production; low performance rating,Key drivers: short tenure and Department = Production. Recommended: provide onboarding/mentorship support given short tenure; offer coaching or a targeted development plan. Monitor and follow up.
2362,Nola,Bullock,Production Manager,Production,BPC,Full-Time,Female,1.74,52.0,4,5,5,Fully Meets,2,0.5816291064339215,Medium Risk,short tenure; Department = Production; Employee = Full-Time,Key drivers: short tenure and Department = Production. Recommended: provide onboarding/mentorship support given short tenure. Monitor and follow up.
2753,Lisa,Cornett,Production Technician I,Production,CCDR,Contract,Female,0.36,42.0,1,3,4,Fully Meets,4,0.5814991078336765,Medium Risk,short tenure; Department = Production; age,Key drivers: short tenure and Department = Production. Recommended: provide onboarding/mentorship support given short tenure. Monitor and follow up.
1915,Carley,Waters,Production Technician II,Production,NEL,Part-Time,Female,0.15,80.0,3,2,5,Fully Meets,3,0.5812383551651665,Medium Risk,short tenure; Department = Production; low performance rating,Key drivers: short tenure and Department = Production. Recommended: provide onboarding/mentorship support given short tenure; offer coaching or a targeted development plan. Monitor and follow up.
1565,Guillermo,Lynn,Production Technician I,Production,EW,Full-Time,Male,0.87,66.0,4,5,5,Fully Meets,3,0.5810272281590613,Medium Risk,short tenure; Department = Production; low performance rating,Key drivers: short tenure and Department = Production. Recommended: provide onboarding/mentorship support given short tenure; offer coaching or a targeted development plan. Monitor and follow up.
1994,Brenna,Decker,Production Technician II,Production,MSC,Full-Time,Female,0.34,38.0,5,5,1,Fully Meets,3,0.5809536910925533,Medium Risk,short tenure; Department = Production; low performance rating,Key drivers: short tenure and Department = Production. Recommended: provide onboarding/mentorship support given short tenure; offer coaching or a targeted development plan. Monitor and follow up.
3120,Angelique,Hogan,Production Technician I,Production,PL,Part-Time,Female,1.57,80.0,5,1,3,Fully Meets,4,0.5807828856570543,Medium Risk,short tenure; Department = Production; desired salary at hire,Key drivers: short tenure and Department = Production. Recommended: provide onboarding/mentorship support given short tenure; review compensation against market benchmarks. Monitor and follow up.
1972,Joe,Smith,Production Technician II,Production,EW,Contract,Male,0.09,31.0,2,2,3,Fully Meets,3,0.5807554039501401,Medium Risk,short tenure; Department = Production; low performance rating,Key drivers: short tenure and Department = Production. Recommended: provide onboarding/mentorship support given short tenure; offer coaching or a targeted development plan. Monitor and follow up.
2393,Rhett,Holmes,Production Manager,Production,NEL,Full-Time,Female,2.78,33.0,2,3,2,Fully Meets,5,0.5805632525670222,Medium Risk,short tenure; Department = Production; Gender = Female,Key drivers: short tenure and Department = Production. Recommended: provide onboarding/mentorship support given short tenure. Monitor and follow up.
2064,Philip,Cobb,Production Technician I,Production,MSC,Part-Time,Female,0.33,62.0,3,1,5,Fully Meets,3,0.5799642127904043,Medium Risk,short tenure; Department = Production; low performance rating,Key drivers: short tenure and Department = Production. Recommended: provide onboarding/mentorship support given short tenure; offer coaching or a targeted development plan. Monitor and follow up.
2052,Blaine,Contreras,Production Technician I,Production,SVG,Part-Time,Female,2.43,70.0,4,1,4,Fully Meets,3,0.5797673491800914,Medium Risk,short tenure; Department = Production; low performance rating,Key drivers: short tenure and Department = Production. Recommended: provide onboarding/mentorship support given short tenure; offer coaching or a targeted development plan. Monitor and follow up.
2147,Vance,Cain,Production Technician I,Production,NEL,Contract,Female,1.2,45.0,1,2,2,Exceeds,4,0.5797574274220729,Medium Risk,short tenure; Department = Production; low performance rating,Key drivers: short tenure and Department = Production. Recommended: provide onboarding/mentorship support given short tenure; offer coaching or a targeted development plan. Monitor and follow up.
2790,Angelo,Henry,Production Technician I,Production,EW,Contract,Male,0.44,67.0,5,1,2,Fully Meets,4,0.5795424418175841,Medium Risk,short tenure; Department = Production; low performance rating,Key drivers: short tenure and Department = Production. Recommended: provide onboarding/mentorship support given short tenure; offer coaching or a targeted development plan. Monitor and follow up.
1253,Juliette,Morton,Production Manager,Production,MSC,Part-Time,Female,1.23,55.0,4,2,2,Fully Meets,3,0.5794464733782203,Medium Risk,short tenure; Department = Production; low performance rating,Key drivers: short tenure and Department = Production. Recommended: provide onboarding/mentorship support given short tenure; offer coaching or a targeted development plan. Monitor and follow up.
1248,Sarahi,Burke,Production Technician I,Production,MSC,Part-Time,Female,0.68,38.0,3,5,2,Fully Meets,3,0.5791938529580993,Medium Risk,short tenure; Department = Production; low performance rating,Key drivers: short tenure and Department = Production. Recommended: provide onboarding/mentorship support given short tenure; offer coaching or a targeted development plan. Monitor and follow up.
3159,Mollie,Woodward,Production Technician II,Production,WBL,Full-Time,Female,0.82,48.0,1,1,2,Fully Meets,4,0.5790065282579742,Medium Risk,short tenure; Department = Production; low performance rating,Key drivers: short tenure and Department = Production. Recommended: provide onboarding/mentorship support given short tenure; offer coaching or a targeted development plan. Monitor and follow up.
1787,Layla,Gutierrez,Production Technician I,Production,BPC,Contract,Male,1.36,70.0,5,2,3,Fully Meets,3,0.5789420754817689,Medium Risk,short tenure; Department = Production; low performance rating,Key drivers: short tenure and Department = Production. Recommended: provide onboarding/mentorship support given short tenure; offer coaching or a targeted development plan. Monitor and follow up.
2459,Bradyn,Pham,Director of Operations,Production,SVG,Full-Time,Female,0.52,31.0,5,5,5,Fully Meets,4,0.5789009115672739,Medium Risk,short tenure; Department = Production; Employee = Full-Time,Key drivers: short tenure and Department = Production. Recommended: provide onboarding/mentorship support given short tenure. Monitor and follow up.
3294,Brent,Henry,Production Technician I,Production,NEL,Full-Time,Female,0.56,61.0,2,3,2,Fully Meets,3,0.5785419530234177,Medium Risk,short tenure; Department = Production; low performance rating,Key drivers: short tenure and Department = Production. Recommended: provide onboarding/mentorship support given short tenure; offer coaching or a targeted development plan. Monitor and follow up.
3297,Axel,Dunlap,Production Technician I,Production,CCDR,Contract,Male,0.76,71.0,3,2,3,Fully Meets,4,0.5783296913947408,Medium Risk,short tenure; Department = Production; low performance rating,Key drivers: short tenure and Department = Production. Recommended: provide onboarding/mentorship support given short tenure; offer coaching or a targeted development plan. Monitor and follow up.
2066,Ellie,Holder,Production Technician II,Production,MSC,Contract,Female,0.0,37.0,5,1,1,Fully Meets,3,0.5778248156256561,Medium Risk,short tenure; Department = Production; low performance rating,Key drivers: short tenure and Department = Production. Recommended: provide onboarding/mentorship support given short tenure; offer coaching or a targeted development plan. Monitor and follow up.
1499,Abigayle,Mccann,Production Technician I,Production,CCDR,Contract,Female,0.64,51.0,2,4,3,Fully Meets,3,0.5773893998452981,Medium Risk,short tenure; Department = Production; low performance rating,Key drivers: short tenure and Department = Production. Recommended: provide onboarding/mentorship support given short tenure; offer coaching or a targeted development plan. Monitor and follow up.
2888,Celia,Mcpherson,Production Technician II,Production,PYZ,Contract,Female,0.92,43.0,2,5,5,Fully Meets,5,0.5772839213565901,Medium Risk,short tenure; Department = Production; low performance rating,Key drivers: short tenure and Department = Production. Recommended: provide onboarding/mentorship support given short tenure; offer coaching or a targeted development plan. Monitor and follow up.
2376,Erica,Sloan,Production Manager,Production,CCDR,Full-Time,Female,0.15,43.0,2,5,4,Fully Meets,4,0.5770834137521296,Medium Risk,short tenure; Department = Production; Employee = Full-Time,Key drivers: short tenure and Department = Production. Recommended: provide onboarding/mentorship support given short tenure. Monitor and follow up.
2810,Jabari,Stanton,Production Technician I,Production,NEL,Full-Time,Male,0.23,67.0,5,2,5,Fully Meets,4,0.5768103008740838,Medium Risk,short tenure; Department = Production; low performance rating,Key drivers: short tenure and Department = Production. Recommended: provide onboarding/mentorship support given short tenure; offer coaching or a targeted development plan. Monitor and follow up.
1124,Pierce,Robbins,Production Manager,Production,PL,Full-Time,Female,2.88,40.0,2,3,3,Fully Meets,3,0.5765284431325077,Medium Risk,short tenure; Department = Production; low performance rating,Key drivers: short tenure and Department = Production. Recommended: provide onboarding/mentorship support given short tenure; offer coaching or a targeted development plan. Monitor and follow up.
1747,Susan,Good,Production Technician II,Production,PL,Full-Time,Female,0.05,34.0,4,1,4,Fully Meets,3,0.5765231922241054,Medium Risk,short tenure; Department = Production; low performance rating,Key drivers: short tenure and Department = Production. Recommended: provide onboarding/mentorship support given short tenure; offer coaching or a targeted development plan. Monitor and follow up.
2429,Vincent,Ramsey,Production Manager,Production,BPC,Part-Time,Male,1.2,27.0,4,3,2,Fully Meets,4,0.5762648267627558,Medium Risk,short tenure; Department = Production; low performance rating,Key drivers: short tenure and Department = Production. Recommended: provide onboarding/mentorship support given short tenure; offer coaching or a targeted development plan. Monitor and follow up.
1864,Prince,Dickerson,Production Technician I,Production,CCDR,Full-Time,Female,0.12,54.0,2,3,1,Exceeds,3,0.5759736819739526,Medium Risk,short tenure; Department = Production; low performance rating,Key drivers: short tenure and Department = Production. Recommended: provide onboarding/mentorship support given short tenure; offer coaching or a targeted development plan. Monitor and follow up.
3790,Frankie,Figueroa,Production Technician II,Production,PYZ,Full-Time,Female,0.01,64.0,2,3,1,Fully Meets,3,0.5758701763111094,Medium Risk,short tenure; Department = Production; low performance rating,Key drivers: short tenure and Department = Production. Recommended: provide onboarding/mentorship support given short tenure; offer coaching or a targeted development plan. Monitor and follow up.
3169,Cristian,Ritter,Production Technician I,Production,TNS,Part-Time,Female,1.65,75.0,2,3,3,Exceeds,4,0.5752816212077023,Medium Risk,short tenure; Department = Production; low performance rating,Key drivers: short tenure and Department = Production. Recommended: provide onboarding/mentorship support given short tenure; offer coaching or a targeted development plan. Monitor and follow up.
3663,Brandon,Anderson,Production Technician I,Production,PL,Part-Time,Female,2.29,49.0,3,2,4,Exceeds,3,0.5752677255020464,Medium Risk,short tenure; Department = Production; low performance rating,Key drivers: short tenure and Department = Production. Recommended: provide onboarding/mentorship support given short tenure; offer coaching or a targeted development plan. Monitor and follow up.
2184,Mason,Brewer,Production Technician I,Production,EW,Full-Time,Female,1.57,42.0,4,2,4,Exceeds,2,0.5751437658424647,Medium Risk,short tenure; Department = Production; Gender = Female,Key drivers: short tenure and Department = Production. Recommended: provide onboarding/mentorship support given short tenure. Monitor and follow up.
2949,Belen,Vasquez,Production Technician II,Production,EW,Contract,Female,1.86,69.0,2,2,2,Fully Meets,4,0.5747901163948931,Medium Risk,short tenure; Department = Production; training investment,Key drivers: short tenure and Department = Production. Recommended: provide onboarding/mentorship support given short tenure. Monitor and follow up.
3590,Dominik,Mullen,Production Technician I,Production,PYZ,Part-Time,Male,1.63,31.0,5,2,4,Fully Meets,4,0.5745650337451086,Medium Risk,short tenure; Department = Production; low performance rating,Key drivers: short tenure and Department = Production. Recommended: provide onboarding/mentorship support given short tenure; offer coaching or a targeted development plan. Monitor and follow up.
2975,Bradley J,Knapp,Production Technician I,Production,WBL,Full-Time,Male,1.19,78.0,3,2,4,Fully Meets,4,0.5743823869472664,Medium Risk,short tenure; Department = Production; training investment,Key drivers: short tenure and Department = Production. Recommended: provide onboarding/mentorship support given short tenure. Monitor and follow up.
1959,Kamrin,Sander,Production Technician I,Production,CCDR,Part-Time,Female,0.07,37.0,3,5,4,Fully Meets,3,0.5742606745454557,Medium Risk,short tenure; Department = Production; low performance rating,Key drivers: short tenure and Department = Production. Recommended: provide onboarding/mentorship support given short tenure; offer coaching or a targeted development plan. Monitor and follow up.
2922,Miles,Roberts,Production Technician I,Production,BPC,Part-Time,Female,0.73,33.0,2,4,5,Exceeds,5,0.5738195672588243,Medium Risk,short tenure; Department = Production; Gender = Female,Key drivers: short tenure and Department = Production. Recommended: provide onboarding/mentorship support given short tenure. Monitor and follow up.
1502,Abagail,Banks,Production Technician I,Production,MSC,Full-Time,Male,1.92,40.0,3,5,5,Fully Meets,3,0.5737821756217776,Medium Risk,short tenure; Department = Production; low performance rating,Key drivers: short tenure and Department = Production. Recommended: provide onboarding/mentorship support given short tenure; offer coaching or a targeted development plan. Monitor and follow up.
2050,Meadow,Atkins,Production Technician II,Production,NEL,Full-Time,Female,0.93,73.0,4,5,5,Fully Meets,3,0.573312529436625,Medium Risk,short tenure; Department = Production; low performance rating,Key drivers: short tenure and Department = Production. Recommended: provide onboarding/mentorship support given short tenure; offer coaching or a targeted development plan. Monitor and follow up.
1996,Gaige,Marsh,Production Technician II,Production,PYZ,Part-Time,Female,0.08,34.0,5,3,2,Fully Meets,3,0.5732160823502753,Medium Risk,short tenure; Department = Production; low performance rating,Key drivers: short tenure and Department = Production. Recommended: provide onboarding/mentorship support given short tenure; offer coaching or a targeted development plan. Monitor and follow up.
1446,Harley,Mccullough,Production Technician I,Production,TNS,Full-Time,Female,2.61,29.0,1,1,5,Exceeds,3,0.5729862811175926,Medium Risk,short tenure; Department = Production; low performance rating,Key drivers: short tenure and Department = Production. Recommended: provide onboarding/mentorship support given short tenure; offer coaching or a targeted development plan. Monitor and follow up.
3049,Carlie,Wagner,Production Technician II,Production,NEL,Part-Time,Female,0.06,78.0,3,5,2,Fully Meets,4,0.5726482821157408,Medium Risk,short tenure; Department = Production; low performance rating,Key drivers: short tenure and Department = Production. Recommended: provide onboarding/mentorship support given short tenure; offer coaching or a targeted development plan. Monitor and follow up.
3720,Crystal,Brandt,Production Technician II,Production,PYZ,Part-Time,Female,1.31,68.0,1,2,5,Fully Meets,3,0.5726048923093764,Medium Risk,short tenure; Department = Production; low performance rating,Key drivers: short tenure and Department = Production. Recommended: provide onboarding/mentorship support given short tenure; offer coaching or a targeted development plan. Monitor and follow up.
3592,Andre,Guzman,Production Technician I,Production,TNS,Contract,Male,0.7,28.0,1,4,2,Fully Meets,3,0.5725345552420988,Medium Risk,short tenure; Department = Production; low performance rating,Key drivers: short tenure and Department = Production. Recommended: provide onboarding/mentorship support given short tenure; offer coaching or a targeted development plan. Monitor and follow up.
1460,Vaughn,Kim,Production Technician I,Production,BPC,Full-Time,Male,1.31,71.0,3,2,1,Exceeds,3,0.5724990806290812,Medium Risk,short tenure; Department = Production; BusinessUnit = BPC,Key drivers: short tenure and Department = Production. Recommended: provide onboarding/mentorship support given short tenure. Monitor and follow up.
3364,Marisa,Frank,Production Technician II,Production,WBL,Part-Time,Female,0.51,66.0,5,1,2,Exceeds,3,0.5719137211701008,Medium Risk,short tenure; Department = Production; low performance rating,Key drivers: short tenure and Department = Production. Recommended: provide onboarding/mentorship support given short tenure; offer coaching or a targeted development plan. Monitor and follow up.
3573,Jennifer,Medeiros,Production Technician I,Production,NEL,Contract,Female,1.61,43.0,1,4,1,Exceeds,4,0.5717884031134911,Medium Risk,short tenure; Department = Production; low performance rating,Key drivers: short tenure and Department = Production. Recommended: provide onboarding/mentorship support given short tenure; offer coaching or a targeted development plan. Monitor and follow up.
2751,Mathew,Linden,Production Technician II,Production,NEL,Full-Time,Male,0.7,59.0,1,3,2,Fully Meets,5,0.5716904875722866,Medium Risk,short tenure; Department = Production; low performance rating,Key drivers: short tenure and Department = Production. Recommended: provide onboarding/mentorship support given short tenure; offer coaching or a targeted development plan. Monitor and follow up.
2474,Aliana,Blake,Production Manager,Production,NEL,Contract,Male,0.22,68.0,5,4,2,Fully Meets,4,0.5716746294791413,Medium Risk,short tenure; Department = Production; low satisfaction score,Key drivers: short tenure and Department = Production. Recommended: schedule a 1:1 to discuss engagement and career goals; provide onboarding/mentorship support given short tenure. Monitor and follow up.
2370,Salvador,Robinson,Network Engineer,Production,TNS,Contract,Male,1.77,74.0,2,1,4,Fully Meets,5,0.5716618703716528,Medium Risk,short tenure; Department = Production; low performance rating,Key drivers: short tenure and Department = Production. Recommended: provide onboarding/mentorship support given short tenure; offer coaching or a targeted development plan. Monitor and follow up.
3420,Levi,Hayden,Production Technician I,Production,NEL,Contract,Female,1.82,82.0,3,2,3,Fully Meets,2,0.5715786631458377,Medium Risk,short tenure; Department = Production; Gender = Female,Key drivers: short tenure and Department = Production. Recommended: provide onboarding/mentorship support given short tenure. Monitor and follow up.
3057,Bridger,Duran,Production Technician I,Production,TNS,Full-Time,Female,0.66,38.0,2,1,5,Fully Meets,4,0.5714261567000718,Medium Risk,short tenure; Department = Production; Gender = Female,Key drivers: short tenure and Department = Production. Recommended: provide onboarding/mentorship support given short tenure. Monitor and follow up.
1456,Kamila,Rosales,Production Technician I,Production,PYZ,Full-Time,Female,0.04,70.0,1,2,5,Exceeds,3,0.5713450919872813,Medium Risk,short tenure; Department = Production; low performance rating,Key drivers: short tenure and Department = Production. Recommended: provide onboarding/mentorship support given short tenure; offer coaching or a targeted development plan. Monitor and follow up.
3632,Ryan,Oconnell,Production Technician I,Production,CCDR,Contract,Male,0.08,81.0,4,3,5,Fully Meets,3,0.5710556083923995,Medium Risk,short tenure; Department = Production; low performance rating,Key drivers: short tenure and Department = Production. Recommended: provide onboarding/mentorship support given short tenure; offer coaching or a targeted development plan. Monitor and follow up.
2018,Anya,Morton,Production Technician II,Production,PYZ,Contract,Female,1.19,40.0,2,5,1,Fully Meets,3,0.570633627389561,Medium Risk,short tenure; Department = Production; low performance rating,Key drivers: short tenure and Department = Production. Recommended: provide onboarding/mentorship support given short tenure; offer coaching or a targeted development plan. Monitor and follow up.
1873,Nathalie,Rivera,Production Technician II,Production,BPC,Contract,Female,0.11,67.0,2,5,3,Fully Meets,3,0.569695200620989,Medium Risk,short tenure; Department = Production; BusinessUnit = BPC,Key drivers: short tenure and Department = Production. Recommended: provide onboarding/mentorship support given short tenure. Monitor and follow up.
1566,Myles,Hart,Production Technician I,Production,MSC,Full-Time,Female,1.25,64.0,4,1,1,Exceeds,3,0.5693206932035332,Medium Risk,short tenure; Department = Production; low performance rating,Key drivers: short tenure and Department = Production. Recommended: provide onboarding/mentorship support given short tenure; offer coaching or a targeted development plan. Monitor and follow up.
2010,Araceli,Mcguire,Production Technician I,Production,SVG,Part-Time,Female,0.38,77.0,4,4,4,Fully Meets,3,0.5692382232687129,Medium Risk,short tenure; Department = Production; low performance rating,Key drivers: short tenure and Department = Production. Recommended: provide onboarding/mentorship support given short tenure; offer coaching or a targeted development plan. Monitor and follow up.
2473,Anastasia,Hardy,Production Manager,Production,MSC,Contract,Male,1.24,44.0,4,4,3,Fully Meets,4,0.5689746644683983,Medium Risk,short tenure; Department = Production; low performance rating,Key drivers: short tenure and Department = Production. Recommended: provide onboarding/mentorship support given short tenure; offer coaching or a targeted development plan. Monitor and follow up.
1903,Taylor,Wiggins,Production Technician I,Production,PL,Part-Time,Female,0.98,66.0,5,5,2,Fully Meets,3,0.5689579860021948,Medium Risk,short tenure; Department = Production; low performance rating,Key drivers: short tenure and Department = Production. Recommended: provide onboarding/mentorship support given short tenure; offer coaching or a targeted development plan. Monitor and follow up.
3582,Augustus,Drake,Production Technician I,Production,TNS,Part-Time,Male,1.71,58.0,2,2,5,Fully Meets,4,0.5689017859665733,Medium Risk,short tenure; Department = Production; low performance rating,Key drivers: short tenure and Department = Production. Recommended: provide onboarding/mentorship support given short tenure; offer coaching or a targeted development plan. Monitor and follow up.
2752,Adeel,Osturnka,Production Technician I,Production,TNS,Part-Time,Male,0.55,50.0,5,3,1,Fully Meets,4,0.5687019267467475,Medium Risk,short tenure; Department = Production; low performance rating,Key drivers: short tenure and Department = Production. Recommended: provide onboarding/mentorship support given short tenure; offer coaching or a targeted development plan. Monitor and follow up.
3230,Annalise,Avila,Production Technician I,Production,NEL,Full-Time,Female,2.17,35.0,3,4,1,Fully Meets,1,0.5686398586071236,Medium Risk,short tenure; Department = Production; Gender = Female,Key drivers: short tenure and Department = Production. Recommended: provide onboarding/mentorship support given short tenure. Monitor and follow up.
1602,Bryanna,Mahoney,Production Technician II,Production,EW,Full-Time,Female,0.51,26.0,1,2,3,Exceeds,3,0.5680540975365526,Medium Risk,short tenure; Department = Production; low performance rating,Key drivers: short tenure and Department = Production. Recommended: provide onboarding/mentorship support given short tenure; offer coaching or a targeted development plan. Monitor and follow up.
1969,Allison,Lydon,Production Technician I,Production,MSC,Full-Time,Female,0.39,51.0,3,4,3,Fully Meets,3,0.5676916660562936,Medium Risk,short tenure; Department = Production; low performance rating,Key drivers: short tenure and Department = Production. Recommended: provide onboarding/mentorship support given short tenure; offer coaching or a targeted development plan. Monitor and follow up.
2073,Armani,Barker,Production Technician II,Production,PYZ,Part-Time,Female,0.43,70.0,2,1,2,Fully Meets,3,0.5664759965145265,Medium Risk,short tenure; Department = Production; low performance rating,Key drivers: short tenure and Department = Production. Recommended: provide onboarding/mentorship support given short tenure; offer coaching or a targeted development plan. Monitor and follow up.
3668,Victoria,Allen,Production Technician I,Production,BPC,Full-Time,Male,0.0,30.0,5,1,1,Needs Improvement,3,0.5658401038561418,Medium Risk,short tenure; Department = Production; low performance rating,Key drivers: short tenure and Department = Production. Recommended: provide onboarding/mentorship support given short tenure; offer coaching or a targeted development plan. Monitor and follow up.
3100,Carsen,Schmidt,Production Technician I,Production,SVG,Contract,Female,1.17,76.0,5,1,2,Fully Meets,5,0.5656500408809212,Medium Risk,short tenure; Department = Production; low performance rating,Key drivers: short tenure and Department = Production. Recommended: provide onboarding/mentorship support given short tenure; offer coaching or a targeted development plan. Monitor and follow up.
2413,Alexus,Greer,Production Manager,Production,PYZ,Full-Time,Female,0.2,84.0,2,4,2,Fully Meets,4,0.565084043902537,Medium Risk,short tenure; Department = Production; low performance rating,Key drivers: short tenure and Department = Production. Recommended: provide onboarding/mentorship support given short tenure; offer coaching or a targeted development plan. Monitor and follow up.
1801,Rayan,Stephenson,Production Technician I,Production,PYZ,Full-Time,Female,1.5,37.0,4,3,3,Fully Meets,3,0.5649799814979826,Medium Risk,short tenure; Department = Production; low performance rating,Key drivers: short tenure and Department = Production. Recommended: provide onboarding/mentorship support given short tenure; offer coaching or a targeted development plan. Monitor and follow up.
3103,Abel,Snow,Production Technician I,Production,TNS,Full-Time,Male,0.05,67.0,5,2,2,Fully Meets,4,0.5646022954256983,Medium Risk,short tenure; Department = Production; low performance rating,Key drivers: short tenure and Department = Production. Recommended: provide onboarding/mentorship support given short tenure; offer coaching or a targeted development plan. Monitor and follow up.
1733,Shana,Maurice,Production Technician I,Production,EW,Full-Time,Female,1.11,76.0,5,4,3,Fully Meets,3,0.5642870421451022,Medium Risk,short tenure; Department = Production; low performance rating,Key drivers: short tenure and Department = Production. Recommended: provide onboarding/mentorship support given short tenure; offer coaching or a targeted development plan. Monitor and follow up.
1809,Nathalia,Good,Production Technician I,Production,MSC,Contract,Female,0.41,60.0,2,5,1,Fully Meets,3,0.5641472894930547,Medium Risk,short tenure; Department = Production; low performance rating,Key drivers: short tenure and Department = Production. Recommended: provide onboarding/mentorship support given short tenure; offer coaching or a targeted development plan. Monitor and follow up.
2111,Carmelo,Hayden,Production Technician I,Production,SVG,Full-Time,Female,0.34,69.0,3,2,1,Needs Improvement,5,0.5641402138884941,Medium Risk,short tenure; Department = Production; desired salary at hire,Key drivers: short tenure and Department = Production. Recommended: provide onboarding/mentorship support given short tenure; review compensation against market benchmarks. Monitor and follow up.
2188,Grant,York,Production Technician II,Production,BPC,Part-Time,Female,2.37,61.0,4,5,2,Exceeds,2,0.5641052320262906,Medium Risk,short tenure; Department = Production; desired salary at hire,Key drivers: short tenure and Department = Production. Recommended: provide onboarding/mentorship support given short tenure; review compensation against market benchmarks. Monitor and follow up.
1438,Lucian,Mora,Production Technician I,Production,WBL,Contract,Male,0.01,49.0,4,1,1,Exceeds,3,0.5640808428798654,Medium Risk,short tenure; Department = Production; low performance rating,Key drivers: short tenure and Department = Production. Recommended: provide onboarding/mentorship support given short tenure; offer coaching or a targeted development plan. Monitor and follow up.
1918,Callum,Blair,Production Technician I,Production,MSC,Contract,Female,0.18,36.0,5,3,5,Fully Meets,3,0.5639986898261363,Medium Risk,short tenure; Department = Production; low performance rating,Key drivers: short tenure and Department = Production. Recommended: provide onboarding/mentorship support given short tenure; offer coaching or a targeted development plan. Monitor and follow up.
2085,Layton,Goodwin,Production Technician I,Production,NEL,Contract,Female,2.69,27.0,4,3,4,Fully Meets,3,0.5638876113788059,Medium Risk,short tenure; Department = Production; low performance rating,Key drivers: short tenure and Department = Production. Recommended: provide onboarding/mentorship support given short tenure; offer coaching or a targeted development plan. Monitor and follow up.
3666,Davin,Peters,Production Technician I,Production,TNS,Full-Time,Male,0.73,70.0,2,5,1,Fully Meets,3,0.5637825779950661,Medium Risk,short tenure; Department = Production; low performance rating,Key drivers: short tenure and Department = Production. Recommended: provide onboarding/mentorship support given short tenure; offer coaching or a targeted development plan. Monitor and follow up.
1863,Amari,Bowen,Production Technician I,Production,BPC,Part-Time,Female,2.15,39.0,2,5,2,Exceeds,3,0.5636557724589788,Medium Risk,short tenure; Department = Production; BusinessUnit = BPC,Key drivers: short tenure and Department = Production. Recommended: provide onboarding/mentorship support given short tenure. Monitor and follow up.
2011,Naomi,Hardin,Production Technician I,Production,EW,Contract,Female,0.02,32.0,2,3,2,Fully Meets,3,0.5636062631811828,Medium Risk,short tenure; Department = Production; low performance rating,Key drivers: short tenure and Department = Production. Recommended: provide onboarding/mentorship support given short tenure; offer coaching or a targeted development plan. Monitor and follow up.
2349,Reagan,Atkinson,Network Engineer,Production,MSC,Part-Time,Male,0.09,70.0,5,5,1,Fully Meets,4,0.563557668667935,Medium Risk,short tenure; Department = Production; training investment,Key drivers: short tenure and Department = Production. Recommended: provide onboarding/mentorship support given short tenure. Monitor and follow up.
3277,Wade,Beltran,Production Technician II,Production,NEL,Part-Time,Female,0.02,46.0,2,3,3,Fully Meets,5,0.5626644030461501,Medium Risk,short tenure; Department = Production; low performance rating,Key drivers: short tenure and Department = Production. Recommended: provide onboarding/mentorship support given short tenure; offer coaching or a targeted development plan. Monitor and follow up.
3108,Oswaldo,Hanson,Production Technician I,Production,BPC,Full-Time,Female,0.55,81.0,4,1,1,Fully Meets,2,0.5625290242077796,Medium Risk,short tenure; Department = Production; desired salary at hire,Key drivers: short tenure and Department = Production. Recommended: provide onboarding/mentorship support given short tenure; review compensation against market benchmarks. Monitor and follow up.
1731,Erasumus,Monkfish,Production Technician II,Production,WBL,Contract,Male,0.58,79.0,4,1,1,Fully Meets,3,0.5623833658228272,Medium Risk,short tenure; Department = Production; low performance rating,Key drivers: short tenure and Department = Production. Recommended: provide onboarding/mentorship support given short tenure; offer coaching or a targeted development plan. Monitor and follow up.
2323,Aubree,Villanueva,Production Manager,Production,PL,Part-Time,Female,0.32,67.0,1,2,3,Fully Meets,5,0.5622492942501228,Medium Risk,short tenure; Department = Production; low performance rating,Key drivers: short tenure and Department = Production. Recommended: provide onboarding/mentorship support given short tenure; offer coaching or a targeted development plan. Monitor and follow up.
3685,Kylie,Jimenez,Production Technician I,Production,PL,Full-Time,Male,0.24,40.0,3,4,4,Fully Meets,3,0.5619753731661181,Medium Risk,short tenure; Department = Production; low performance rating,Key drivers: short tenure and Department = Production. Recommended: provide onboarding/mentorship support given short tenure; offer coaching or a targeted development plan. Monitor and follow up.
1504,Guillermo,Rose,Production Technician I,Production,PYZ,Full-Time,Female,1.73,55.0,3,5,2,Needs Improvement,3,0.5618426684505221,Medium Risk,short tenure; Department = Production; low performance rating,Key drivers: short tenure and Department = Production. Recommended: provide onboarding/mentorship support given short tenure; offer coaching or a targeted development plan. Monitor and follow up.
2434,Liam,Blevins,Production Manager,Production,TNS,Part-Time,Male,0.31,35.0,2,5,5,Fully Meets,5,0.5618083055556011,Medium Risk,short tenure; Department = Production; low performance rating,Key drivers: short tenure and Department = Production. Recommended: provide onboarding/mentorship support given short tenure; offer coaching or a targeted development plan. Monitor and follow up.
2984,Tayana,Jeannite,Production Technician II,Production,PYZ,Contract,Female,0.65,51.0,1,4,1,Fully Meets,5,0.561693974052054,Medium Risk,short tenure; Department = Production; age,Key drivers: short tenure and Department = Production. Recommended: provide onboarding/mentorship support given short tenure. Monitor and follow up.
1834,Dereon,Huffman,Production Technician II,Production,CCDR,Contract,Female,0.68,48.0,5,4,1,Needs Improvement,3,0.56165256914009,Medium Risk,short tenure; Department = Production; low performance rating,Key drivers: short tenure and Department = Production. Recommended: provide onboarding/mentorship support given short tenure; offer coaching or a targeted development plan. Monitor and follow up.
3659,Kaylee,Baldwin,Production Technician I,Production,CCDR,Full-Time,Male,0.03,37.0,1,3,5,Exceeds,1,0.5615437348327028,Medium Risk,short tenure; Department = Production; Employee = Full-Time,Key drivers: short tenure and Department = Production. Recommended: provide onboarding/mentorship support given short tenure. Monitor and follow up.
2430,Dallas,Ross,Production Manager,Production,CCDR,Full-Time,Male,2.09,78.0,1,2,1,Fully Meets,2,0.561510475462991,Medium Risk,short tenure; Department = Production; experience level,Key drivers: short tenure and Department = Production. Recommended: provide onboarding/mentorship support given short tenure. Monitor and follow up.
2747,Sneha,Jhaveri,Production Technician I,Production,SVG,Part-Time,Female,0.53,66.0,1,3,5,Fully Meets,4,0.5614878573164473,Medium Risk,short tenure; Department = Production; PayZone = Zone B,Key drivers: short tenure and Department = Production. Recommended: provide onboarding/mentorship support given short tenure. Monitor and follow up.
3029,Malachi,Burnett,Production Technician II,Production,PL,Contract,Female,1.28,67.0,1,1,3,Fully Meets,4,0.5614424971813661,Medium Risk,short tenure; Department = Production; Division = Finance & Accounting,Key drivers: short tenure and Department = Production. Recommended: provide onboarding/mentorship support given short tenure. Monitor and follow up.
1291,Celeste,Lin,Production Technician I,Production,WBL,Contract,Female,0.11,38.0,4,5,5,Fully Meets,3,0.5613343354839372,Medium Risk,short tenure; Department = Production; low performance rating,Key drivers: short tenure and Department = Production. Recommended: provide onboarding/mentorship support given short tenure; offer coaching or a targeted development plan. Monitor and follow up.
2135,Valeria,Mayo,Production Technician I,Production,EW,Contract,Female,1.32,71.0,2,2,4,Exceeds,2,0.5613204426780652,Medium Risk,short tenure; Department = Production; training investment,Key drivers: short tenure and Department = Production. Recommended: provide onboarding/mentorship support given short tenure. Monitor and follow up.
1925,Jerome,Fischer,Production Technician I,Production,CCDR,Contract,Male,0.19,46.0,5,1,3,Fully Meets,3,0.561260302268676,Medium Risk,short tenure; Department = Production; low performance rating,Key drivers: short tenure and Department = Production. Recommended: provide onboarding/mentorship support given short tenure; offer coaching or a targeted development plan. Monitor and follow up.
1988,Juliana,Dyer,Production Technician I,Production,TNS,Contract,Female,0.74,37.0,3,1,5,Fully Meets,3,0.5610085383743704,Medium Risk,short tenure; Department = Production; low performance rating,Key drivers: short tenure and Department = Production. Recommended: provide onboarding/mentorship support given short tenure; offer coaching or a targeted development plan. Monitor and follow up.
2380,German,Higgins,Production Manager,Production,TNS,Full-Time,Female,0.02,70.0,1,2,3,Fully Meets,2,0.560844059824986,Medium Risk,short tenure; Department = Production; Employee = Full-Time,Key drivers: short tenure and Department = Production. Recommended: provide onboarding/mentorship support given short tenure. Monitor and follow up.
1122,Sierra,Macias,Production Manager,Production,MSC,Contract,Female,0.77,51.0,1,2,2,Fully Meets,3,0.5605546090339332,Medium Risk,short tenure; Department = Production; low performance rating,Key drivers: short tenure and Department = Production. Recommended: provide onboarding/mentorship support given short tenure; offer coaching or a targeted development plan. Monitor and follow up.
3658,Emery,Gillespie,Production Technician I,Production,BPC,Part-Time,Female,0.67,60.0,4,5,2,Fully Meets,3,0.5605406153215856,Medium Risk,short tenure; Department = Production; BusinessUnit = BPC,Key drivers: short tenure and Department = Production. Recommended: provide onboarding/mentorship support given short tenure. Monitor and follow up.
1475,Miles,Gill,Production Technician II,Production,TNS,Full-Time,Male,0.34,33.0,3,2,3,Exceeds,3,0.5605099439037701,Medium Risk,short tenure; Department = Production; low performance rating,Key drivers: short tenure and Department = Production. Recommended: provide onboarding/mentorship support given short tenure; offer coaching or a targeted development plan. Monitor and follow up.
2811,Phoenix,Farley,Production Technician I,Production,PL,Part-Time,Male,1.79,31.0,4,3,3,Fully Meets,2,0.5604614719888853,Medium Risk,short tenure; Department = Production; low satisfaction score,Key drivers: short tenure and Department = Production. Recommended: schedule a 1:1 to discuss engagement and career goals; provide onboarding/mentorship support given short tenure. Monitor and follow up.
3407,Kamila,Sanders,Production Technician II,Production,WBL,Part-Time,Female,2.07,73.0,3,1,5,Fully Meets,5,0.560359435378661,Medium Risk,short tenure; Department = Production; low performance rating,Key drivers: short tenure and Department = Production. Recommended: provide onboarding/mentorship support given short tenure; offer coaching or a targeted development plan. Monitor and follow up.
2093,Carlee,Lang,Production Technician II,Production,PL,Contract,Female,1.96,78.0,3,2,1,Fully Meets,3,0.5601343428297116,Medium Risk,short tenure; Department = Production; low performance rating,Key drivers: short tenure and Department = Production. Recommended: provide onboarding/mentorship support given short tenure; offer coaching or a targeted development plan. Monitor and follow up.
3690,Jaylene,Deleon,Production Technician I,Production,MSC,Part-Time,Male,0.57,76.0,3,4,5,Needs Improvement,3,0.5599093612900384,Medium Risk,short tenure; Department = Production; low performance rating,Key drivers: short tenure and Department = Production. Recommended: provide onboarding/mentorship support given short tenure; offer coaching or a targeted development plan. Monitor and follow up.
1314,Marcel,Gomez,Production Technician I,Production,WBL,Contract,Female,1.69,30.0,5,5,3,Fully Meets,3,0.5599001387018299,Medium Risk,short tenure; Department = Production; low performance rating,Key drivers: short tenure and Department = Production. Recommended: provide onboarding/mentorship support given short tenure; offer coaching or a targeted development plan. Monitor and follow up.
1923,Giana,Roach,Production Technician I,Production,PL,Full-Time,Female,0.08,60.0,4,3,4,Fully Meets,3,0.5598934793435524,Medium Risk,short tenure; Department = Production; low performance rating,Key drivers: short tenure and Department = Production. Recommended: provide onboarding/mentorship support given short tenure; offer coaching or a targeted development plan. Monitor and follow up.
3639,Jaylen,Acosta,Production Technician I,Production,CCDR,Contract,Female,0.57,61.0,2,3,3,Fully Meets,3,0.5597709207074293,Medium Risk,short tenure; Department = Production; low performance rating,Key drivers: short tenure and Department = Production. Recommended: provide onboarding/mentorship support given short tenure; offer coaching or a targeted development plan. Monitor and follow up.
1422,Gianna,Lopez,Production Technician I,Production,TNS,Full-Time,Female,1.04,32.0,5,1,2,Needs Improvement,3,0.5596480730653661,Medium Risk,short tenure; Department = Production; low performance rating,Key drivers: short tenure and Department = Production. Recommended: provide onboarding/mentorship support given short tenure; offer coaching or a targeted development plan. Monitor and follow up.
2826,Roger,Kaufman,Production Technician II,Production,TNS,Contract,Female,0.31,72.0,3,4,4,Fully Meets,5,0.5594279921327875,Medium Risk,short tenure; Department = Production; low performance rating,Key drivers: short tenure and Department = Production. Recommended: provide onboarding/mentorship support given short tenure; offer coaching or a targeted development plan. Monitor and follow up.
2332,Jaime,Austin,Data Analyst,Production,WBL,Contract,Male,1.06,55.0,1,1,1,Fully Meets,4,0.5594155251713369,Medium Risk,short tenure; Department = Production; low performance rating,Key drivers: short tenure and Department = Production. Recommended: provide onboarding/mentorship support given short tenure; offer coaching or a targeted development plan. Monitor and follow up.
1759,Jose,Houston,Production Technician I,Production,PYZ,Contract,Male,1.75,79.0,2,5,4,Fully Meets,3,0.5593273179805277,Medium Risk,short tenure; Department = Production; low performance rating,Key drivers: short tenure and Department = Production. Recommended: provide onboarding/mentorship support given short tenure; offer coaching or a targeted development plan. Monitor and follow up.
2315,Marcelo,Flowers,Production Manager,Production,CCDR,Full-Time,Female,1.07,40.0,3,4,2,Fully Meets,4,0.5592294086874785,Medium Risk,short tenure; Department = Production; low performance rating,Key drivers: short tenure and Department = Production. Recommended: provide onboarding/mentorship support given short tenure; offer coaching or a targeted development plan. Monitor and follow up.
1970,Trina,Alagbe,Production Technician I,Production,PYZ,Part-Time,Female,0.0,74.0,4,5,4,Fully Meets,3,0.5590005243967422,Medium Risk,short tenure; Department = Production; low performance rating,Key drivers: short tenure and Department = Production. Recommended: provide onboarding/mentorship support given short tenure; offer coaching or a targeted development plan. Monitor and follow up.
3316,Bronson,Houston,Production Technician I,Production,NEL,Part-Time,Female,2.63,51.0,1,2,2,Fully Meets,3,0.5587470506153446,Medium Risk,short tenure; Department = Production; low performance rating,Key drivers: short tenure and Department = Production. Recommended: provide onboarding/mentorship support given short tenure; offer coaching or a targeted development plan. Monitor and follow up.
3422,Jakobe,Erickson,Production Technician I,Production,PYZ,Part-Time,Female,0.13,28.0,1,1,3,Fully Meets,3,0.558582872771187,Medium Risk,short tenure; Department = Production; low performance rating,Key drivers: short tenure and Department = Production. Recommended: provide onboarding/mentorship support given short tenure; offer coaching or a targeted development plan. Monitor and follow up.
2112,Emilio,Pierce,Production Technician I,Production,EW,Part-Time,Female,0.48,83.0,3,4,1,Exceeds,4,0.5583092532248826,Medium Risk,short tenure; Department = Production; low performance rating,Key drivers: short tenure and Department = Production. Recommended: provide onboarding/mentorship support given short tenure; offer coaching or a targeted development plan. Monitor and follow up.
2403,Ellis,Maldonado,Production Manager,Production,BPC,Full-Time,Female,1.98,68.0,3,3,3,Fully Meets,4,0.5582715939773994,Medium Risk,short tenure; Department = Production; low performance rating,Key drivers: short tenure and Department = Production. Recommended: provide onboarding/mentorship support given short tenure; offer coaching or a targeted development plan. Monitor and follow up.
1769,Rashad,Randall,Production Technician I,Production,PL,Contract,Male,0.14,52.0,3,4,5,Fully Meets,3,0.5581803751001557,Medium Risk,short tenure; Department = Production; low performance rating,Key drivers: short tenure and Department = Production. Recommended: provide onboarding/mentorship support given short tenure; offer coaching or a targeted development plan. Monitor and follow up.
3192,Johnathon,Lynch,Production Technician I,Production,CCDR,Full-Time,Female,2.73,30.0,4,5,1,Fully Meets,3,0.5578686202578782,Medium Risk,short tenure; Department = Production; low performance rating,Key drivers: short tenure and Department = Production. Recommended: provide onboarding/mentorship support given short tenure; offer coaching or a targeted development plan. Monitor and follow up.
1162,Jayleen,Oconnell,Production Technician I,Production,WBL,Full-Time,Female,1.14,43.0,3,3,2,Fully Meets,3,0.5577801244445293,Medium Risk,short tenure; Department = Production; low performance rating,Key drivers: short tenure and Department = Production. Recommended: provide onboarding/mentorship support given short tenure; offer coaching or a targeted development plan. Monitor and follow up.
2777,Hector,Escobar,Production Technician I,Production,PYZ,Part-Time,Male,2.57,82.0,1,5,3,Fully Meets,5,0.5573051783085295,Medium Risk,short tenure; Department = Production; low performance rating,Key drivers: short tenure and Department = Production. Recommended: provide onboarding/mentorship support given short tenure; offer coaching or a targeted development plan. Monitor and follow up.
1859,Mohamed,Gay,Production Technician I,Production,PYZ,Contract,Female,0.17,44.0,2,4,5,Exceeds,3,0.5572386359494026,Medium Risk,short tenure; Department = Production; low performance rating,Key drivers: short tenure and Department = Production. Recommended: provide onboarding/mentorship support given short tenure; offer coaching or a targeted development plan. Monitor and follow up.
1827,Jessie,Church,Production Technician I,Production,EW,Contract,Female,0.99,44.0,3,1,5,Needs Improvement,3,0.5571860029918507,Medium Risk,short tenure; Department = Production; low performance rating,Key drivers: short tenure and Department = Production. Recommended: provide onboarding/mentorship support given short tenure; offer coaching or a targeted development plan. Monitor and follow up.
1392,Jeanette,Tippett,Production Technician I,Production,PL,Part-Time,Female,0.19,71.0,4,4,3,Exceeds,3,0.5571597137971581,Medium Risk,short tenure; Department = Production; low performance rating,Key drivers: short tenure and Department = Production. Recommended: provide onboarding/mentorship support given short tenure; offer coaching or a targeted development plan. Monitor and follow up.
1570,Mariana,Copeland,Production Technician I,Production,NEL,Contract,Male,0.5,35.0,4,1,5,Fully Meets,3,0.557152816043486,Medium Risk,short tenure; Department = Production; low performance rating,Key drivers: short tenure and Department = Production. Recommended: provide onboarding/mentorship support given short tenure; offer coaching or a targeted development plan. Monitor and follow up.
3213,Hamish,Garneau,Production Technician I,Production,WBL,Full-Time,Male,1.11,74.0,5,2,1,Fully Meets,2,0.5569767855472199,Medium Risk,short tenure; Department = Production; Employee = Full-Time,Key drivers: short tenure and Department = Production. Recommended: provide onboarding/mentorship support given short tenure. Monitor and follow up.
3591,Abdullah,Ellison,Production Technician I,Production,SVG,Contract,Female,1.51,28.0,1,2,4,Needs Improvement,5,0.5569762027463422,Medium Risk,short tenure; Department = Production; low performance rating,Key drivers: short tenure and Department = Production. Recommended: provide onboarding/mentorship support given short tenure; offer coaching or a targeted development plan. Monitor and follow up.
3726,Averi,Stevenson,Production Technician I,Production,EW,Contract,Female,1.18,31.0,4,1,1,Fully Meets,4,0.5566919010844795,Medium Risk,short tenure; Department = Production; MaritalStatus = Married,Key drivers: short tenure and Department = Production. Recommended: provide onboarding/mentorship support given short tenure. Monitor and follow up.
2961,Erin,Floyd,Production Technician I,Production,SVG,Full-Time,Female,0.76,49.0,2,2,4,Fully Meets,2,0.5566326717735461,Medium Risk,short tenure; Department = Production; Employee = Full-Time,Key drivers: short tenure and Department = Production. Recommended: provide onboarding/mentorship support given short tenure. Monitor and follow up.
2921,Yadira,Dean,Production Technician I,Production,TNS,Full-Time,Female,1.05,69.0,2,5,3,Exceeds,2,0.5563982434931959,Medium Risk,short tenure; Department = Production; Employee = Full-Time,Key drivers: short tenure and Department = Production. Recommended: provide onboarding/mentorship support given short tenure. Monitor and follow up.
1826,Giada,Santos,Production Technician I,Production,SVG,Part-Time,Female,1.34,85.0,2,3,5,Exceeds,3,0.5563677079703828,Medium Risk,short tenure; Department = Production; low performance rating,Key drivers: short tenure and Department = Production. Recommended: provide onboarding/mentorship support given short tenure; offer coaching or a targeted development plan. Monitor and follow up.
2122,Tia,Kent,Production Technician I,Production,BPC,Full-Time,Female,1.43,51.0,3,3,2,Needs Improvement,5,0.5562035508480311,Medium Risk,short tenure; Department = Production; low performance rating,Key drivers: short tenure and Department = Production. Recommended: provide onboarding/mentorship support given short tenure; offer coaching or a targeted development plan. Monitor and follow up.
3079,Tommy,Carter,Production Technician I,Production,EW,Part-Time,Female,1.74,53.0,5,3,3,Fully Meets,4,0.5560260087790152,Medium Risk,short tenure; Department = Production; PayZone = Zone B,Key drivers: short tenure and Department = Production. Recommended: provide onboarding/mentorship support given short tenure. Monitor and follow up.
3300,Rosemary,Becker,Production Technician II,Production,NEL,Full-Time,Male,1.12,80.0,1,1,3,Fully Meets,2,0.5560030780322824,Medium Risk,short tenure; Department = Production; Division = Field Operations,Key drivers: short tenure and Department = Production. Recommended: provide onboarding/mentorship support given short tenure. Monitor and follow up.
2757,Kimberly,Beak,Production Technician II,Production,BPC,Part-Time,Female,0.09,79.0,4,3,2,Fully Meets,2,0.5557338378962682,Medium Risk,short tenure; Department = Production; desired salary at hire,Key drivers: short tenure and Department = Production. Recommended: provide onboarding/mentorship support given short tenure; review compensation against market benchmarks. Monitor and follow up.
3358,Johnathan,Mayo,Production Technician I,Production,TNS,Full-Time,Male,1.34,27.0,1,1,2,Fully Meets,3,0.554926810948995,Medium Risk,short tenure; Department = Production; low performance rating,Key drivers: short tenure and Department = Production. Recommended: provide onboarding/mentorship support given short tenure; offer coaching or a targeted development plan. Monitor and follow up.
2031,August,Wiley,Production Technician I,Production,WBL,Full-Time,Male,1.12,49.0,3,1,1,Fully Meets,3,0.5549110374906915,Medium Risk,short tenure; Department = Production; low performance rating,Key drivers: short tenure and Department = Production. Recommended: provide onboarding/mentorship support given short tenure; offer coaching or a targeted development plan. Monitor and follow up.
1445,Connor,Larsen,Production Technician I,Production,MSC,Part-Time,Female,1.07,63.0,2,2,4,Exceeds,3,0.5548517034943641,Medium Risk,short tenure; Department = Production; low performance rating,Key drivers: short tenure and Department = Production. Recommended: provide onboarding/mentorship support given short tenure; offer coaching or a targeted development plan. Monitor and follow up.
2032,Lindsay,Pennington,Production Technician I,Production,NEL,Contract,Male,0.69,30.0,2,5,4,Fully Meets,3,0.5546334064639648,Medium Risk,short tenure; Department = Production; low performance rating,Key drivers: short tenure and Department = Production. Recommended: provide onboarding/mentorship support given short tenure; offer coaching or a targeted development plan. Monitor and follow up.
3162,Camryn,Clark,Production Technician II,Production,BPC,Part-Time,Male,0.83,29.0,4,4,2,Fully Meets,5,0.5541064755709416,Medium Risk,short tenure; Department = Production; BusinessUnit = BPC,Key drivers: short tenure and Department = Production. Recommended: provide onboarding/mentorship support given short tenure. Monitor and follow up.
3004,Tiara,Velez,Production Technician II,Production,EW,Full-Time,Female,2.81,31.0,3,4,4,Fully Meets,5,0.553969397868949,Medium Risk,short tenure; Department = Production; PayZone = Zone B,Key drivers: short tenure and Department = Production. Recommended: provide onboarding/mentorship support given short tenure. Monitor and follow up.
2013,Zariah,Ritter,Production Technician I,Production,TNS,Contract,Female,1.72,74.0,5,4,4,Fully Meets,3,0.5539667528031955,Medium Risk,short tenure; Department = Production; low performance rating,Key drivers: short tenure and Department = Production. Recommended: provide onboarding/mentorship support given short tenure; offer coaching or a targeted development plan. Monitor and follow up.
1288,Dakota,Salinas,Production Technician I,Production,PYZ,Full-Time,Female,0.79,28.0,4,2,5,Fully Meets,3,0.5534774617751036,Medium Risk,short tenure; Department = Production; low performance rating,Key drivers: short tenure and Department = Production. Recommended: provide onboarding/mentorship support given short tenure; offer coaching or a targeted development plan. Monitor and follow up.
1572,Chance,Warner,Production Technician I,Production,BPC,Part-Time,Female,1.03,75.0,4,2,3,Fully Meets,3,0.5534138194668559,Medium Risk,short tenure; Department = Production; low performance rating,Key drivers: short tenure and Department = Production. Recommended: provide onboarding/mentorship support given short tenure; offer coaching or a targeted development plan. Monitor and follow up.
2796,Destiny,Blake,Production Technician I,Production,TNS,Contract,Female,0.74,35.0,4,2,2,Fully Meets,1,0.5529717837465505,Medium Risk,short tenure; Department = Production; Gender = Female,Key drivers: short tenure and Department = Production. Recommended: provide onboarding/mentorship support given short tenure. Monitor and follow up.
3703,Addisyn,Guerrero,Production Technician I,Production,EW,Part-Time,Female,1.82,75.0,5,5,5,Exceeds,4,0.5527012062829431,Medium Risk,short tenure; Department = Production; Gender = Female,Key drivers: short tenure and Department = Production. Recommended: provide onboarding/mentorship support given short tenure. Monitor and follow up.
2761,Barbara,Gaul,Production Technician I,Production,EW,Contract,Female,0.49,29.0,4,1,3,Fully Meets,4,0.5526170512394967,Medium Risk,short tenure; Department = Production; low performance rating,Key drivers: short tenure and Department = Production. Recommended: provide onboarding/mentorship support given short tenure; offer coaching or a targeted development plan. Monitor and follow up.
1099,Seffi,Shields,Production Technician I,Production,SVG,Part-Time,Female,0.08,55.0,5,1,5,Fully Meets,3,0.552446116284614,Medium Risk,short tenure; Department = Production; low performance rating,Key drivers: short tenure and Department = Production. Recommended: provide onboarding/mentorship support given short tenure; offer coaching or a targeted development plan. Monitor and follow up.
3232,Makenzie,Mercer,Production Technician I,Production,BPC,Part-Time,Male,0.62,52.0,2,5,3,Fully Meets,1,0.5517736577382221,Medium Risk,short tenure; Department = Production; BusinessUnit = BPC,Key drivers: short tenure and Department = Production. Recommended: provide onboarding/mentorship support given short tenure. Monitor and follow up.
3071,Erick,Wood,Production Technician II,Production,CCDR,Full-Time,Female,0.06,70.0,4,1,2,Fully Meets,2,0.5517585039540013,Medium Risk,short tenure; Department = Production; PayZone = Zone B,Key drivers: short tenure and Department = Production. Recommended: provide onboarding/mentorship support given short tenure. Monitor and follow up.
3574,Anna,Von Massenbach,Production Technician I,Production,WBL,Contract,Female,0.63,75.0,3,3,3,Fully Meets,1,0.5517118179485234,Medium Risk,short tenure; Department = Production; PayZone = Zone B,Key drivers: short tenure and Department = Production. Recommended: provide onboarding/mentorship support given short tenure. Monitor and follow up.
3205,Roxana,Goyal,Production Technician I,Production,TNS,Contract,Female,1.1,38.0,1,3,3,Fully Meets,4,0.5517102297221828,Medium Risk,short tenure; Department = Production; low performance rating,Key drivers: short tenure and Department = Production. Recommended: provide onboarding/mentorship support given short tenure; offer coaching or a targeted development plan. Monitor and follow up.
1776,Yamilet,Pierce,Production Technician I,Production,PYZ,Full-Time,Male,1.25,71.0,2,3,3,Fully Meets,3,0.5516207044062966,Medium Risk,short tenure; Department = Production; low performance rating,Key drivers: short tenure and Department = Production. Recommended: provide onboarding/mentorship support given short tenure; offer coaching or a targeted development plan. Monitor and follow up.
1511,Jonathon,Thompson,Production Technician I,Production,EW,Full-Time,Female,0.09,31.0,3,2,2,Fully Meets,3,0.5509231909935356,Medium Risk,short tenure; Department = Production; low performance rating,Key drivers: short tenure and Department = Production. Recommended: provide onboarding/mentorship support given short tenure; offer coaching or a targeted development plan. Monitor and follow up.
3347,Ahmed,Lindsey,Production Technician II,Production,EW,Contract,Female,1.27,64.0,2,4,1,Fully Meets,3,0.5508004162949329,Medium Risk,short tenure; Department = Production; low performance rating,Key drivers: short tenure and Department = Production. Recommended: provide onboarding/mentorship support given short tenure; offer coaching or a targeted development plan. Monitor and follow up.
2169,Larissa,Warner,Production Technician II,Production,MSC,Full-Time,Female,1.85,31.0,2,5,4,Exceeds,3,0.5504245401834247,Medium Risk,short tenure; Department = Production; training investment,Key drivers: short tenure and Department = Production. Recommended: provide onboarding/mentorship support given short tenure. Monitor and follow up.
1999,Kayla,Gibbs,Production Technician II,Production,PL,Contract,Female,1.07,83.0,2,3,2,Fully Meets,3,0.5503821123812271,Medium Risk,short tenure; Department = Production; low performance rating,Key drivers: short tenure and Department = Production. Recommended: provide onboarding/mentorship support given short tenure; offer coaching or a targeted development plan. Monitor and follow up.
1612,Kara,Yates,Production Technician I,Production,TNS,Part-Time,Male,0.64,33.0,5,5,3,Needs Improvement,3,0.5501965740508912,Medium Risk,short tenure; Department = Production; low performance rating,Key drivers: short tenure and Department = Production. Recommended: provide onboarding/mentorship support given short tenure; offer coaching or a targeted development plan. Monitor and follow up.
2171,Simone,Sharp,Production Technician I,Production,BPC,Full-Time,Female,0.8,34.0,3,1,2,Exceeds,3,0.5497327523604095,Medium Risk,short tenure; Department = Production; low performance rating,Key drivers: short tenure and Department = Production. Recommended: provide onboarding/mentorship support given short tenure; offer coaching or a targeted development plan. Monitor and follow up.
1310,Emmalee,Reynolds,Production Technician I,Production,EW,Part-Time,Female,0.3,38.0,4,3,3,Fully Meets,3,0.5497143598995873,Medium Risk,short tenure; Department = Production; low performance rating,Key drivers: short tenure and Department = Production. Recommended: provide onboarding/mentorship support given short tenure; offer coaching or a targeted development plan. Monitor and follow up.
1752,Boston,Avila,Production Technician I,Production,PL,Part-Time,Male,0.09,44.0,1,2,2,Fully Meets,3,0.549687107596589,Medium Risk,short tenure; Department = Production; low performance rating,Key drivers: short tenure and Department = Production. Recommended: provide onboarding/mentorship support given short tenure; offer coaching or a targeted development plan. Monitor and follow up.
1780,Colton,Booker,Production Technician I,Production,BPC,Contract,Female,0.17,33.0,3,2,2,Fully Meets,3,0.549393916091925,Medium Risk,short tenure; Department = Production; low performance rating,Key drivers: short tenure and Department = Production. Recommended: provide onboarding/mentorship support given short tenure; offer coaching or a targeted development plan. Monitor and follow up.
2760,Adil,Sahoo,Production Technician II,Production,BPC,Part-Time,Male,1.72,57.0,1,2,4,Fully Meets,2,0.5492937280630048,Medium Risk,short tenure; Department = Production; desired salary at hire,Key drivers: short tenure and Department = Production. Recommended: provide onboarding/mentorship support given short tenure; review compensation against market benchmarks. Monitor and follow up.
1551,Zaniyah,Roman,Production Technician I,Production,CCDR,Contract,Female,2.05,50.0,4,4,2,Fully Meets,3,0.5484743976262014,Medium Risk,short tenure; Department = Production; low performance rating,Key drivers: short tenure and Department = Production. Recommended: provide onboarding/mentorship support given short tenure; offer coaching or a targeted development plan. Monitor and follow up.
2834,Madyson,Silva,Production Technician I,Production,SVG,Full-Time,Female,1.96,83.0,3,5,3,Fully Meets,5,0.5482968017848732,Medium Risk,short tenure; Department = Production; low performance rating,Key drivers: short tenure and Department = Production. Recommended: provide onboarding/mentorship support given short tenure; offer coaching or a targeted development plan. Monitor and follow up.
2394,Harold,David,Production Manager,Production,PL,Full-Time,Male,1.16,46.0,1,4,1,Fully Meets,2,0.5482364898404264,Medium Risk,short tenure; Department = Production; Employee = Full-Time,Key drivers: short tenure and Department = Production. Recommended: provide onboarding/mentorship support given short tenure. Monitor and follow up.
3731,Maximus,Fields,Production Technician I,Production,EW,Part-Time,Male,2.79,28.0,4,2,1,Fully Meets,3,0.5480069388345975,Medium Risk,short tenure; Department = Production; low performance rating,Key drivers: short tenure and Department = Production. Recommended: provide onboarding/mentorship support given short tenure; offer coaching or a targeted development plan. Monitor and follow up.
1610,Raegan,Spence,Production Technician I,Production,EW,Part-Time,Female,0.02,40.0,5,4,5,Needs Improvement,3,0.5476151877360245,Medium Risk,short tenure; Department = Production; low performance rating,Key drivers: short tenure and Department = Production. Recommended: provide onboarding/mentorship support given short tenure; offer coaching or a targeted development plan. Monitor and follow up.
2287,Ketsia,Liebig,Production Manager,Production,PYZ,Contract,Female,1.08,65.0,4,4,2,Fully Meets,2,0.5476031751167377,Medium Risk,short tenure; Department = Production; Gender = Female,Key drivers: short tenure and Department = Production. Recommended: provide onboarding/mentorship support given short tenure. Monitor and follow up.
2858,Colin,Simpson,Production Technician I,Production,BPC,Full-Time,Male,1.2,53.0,2,1,5,Fully Meets,5,0.5470394589882088,Medium Risk,short tenure; Department = Production; low performance rating,Key drivers: short tenure and Department = Production. Recommended: provide onboarding/mentorship support given short tenure; offer coaching or a targeted development plan. Monitor and follow up.
2880,Aimee,Berg,Production Technician I,Production,WBL,Contract,Female,1.48,26.0,1,1,2,Fully Meets,4,0.5468892291225704,Medium Risk,short tenure; Department = Production; low performance rating,Key drivers: short tenure and Department = Production. Recommended: provide onboarding/mentorship support given short tenure; offer coaching or a targeted development plan. Monitor and follow up.
1496,Izabella,Barron,Production Technician II,Production,TNS,Part-Time,Male,1.01,76.0,3,2,3,Fully Meets,3,0.5468334944086434,Medium Risk,short tenure; Department = Production; low performance rating,Key drivers: short tenure and Department = Production. Recommended: provide onboarding/mentorship support given short tenure; offer coaching or a targeted development plan. Monitor and follow up.
1858,Lailah,Haney,Production Technician I,Production,TNS,Contract,Female,0.56,38.0,4,2,1,Exceeds,3,0.5468011742896525,Medium Risk,short tenure; Department = Production; low performance rating,Key drivers: short tenure and Department = Production. Recommended: provide onboarding/mentorship support given short tenure; offer coaching or a targeted development plan. Monitor and follow up.
1768,Lucia,Hudson,Production Technician I,Production,NEL,Contract,Female,0.55,49.0,3,3,3,Fully Meets,3,0.5462391834417416,Medium Risk,short tenure; Department = Production; low performance rating,Key drivers: short tenure and Department = Production. Recommended: provide onboarding/mentorship support given short tenure; offer coaching or a targeted development plan. Monitor and follow up.
2136,Darrell,Vaughan,Production Technician I,Production,MSC,Part-Time,Female,1.83,35.0,2,2,2,Exceeds,1,0.5457755438352688,Medium Risk,short tenure; Department = Production; desired salary at hire,Key drivers: short tenure and Department = Production. Recommended: provide onboarding/mentorship support given short tenure; review compensation against market benchmarks. Monitor and follow up.
1985,Braxton,Rojas,Production Technician I,Production,SVG,Contract,Female,0.04,63.0,5,5,2,Fully Meets,3,0.5455254217549272,Medium Risk,short tenure; Department = Production; low performance rating,Key drivers: short tenure and Department = Production. Recommended: provide onboarding/mentorship support given short tenure; offer coaching or a targeted development plan. Monitor and follow up.
2020,Angelique,Mathis,Production Technician II,Production,TNS,Part-Time,Female,1.24,80.0,1,2,4,Fully Meets,3,0.5455199719795418,Medium Risk,short tenure; Department = Production; low performance rating,Key drivers: short tenure and Department = Production. Recommended: provide onboarding/mentorship support given short tenure; offer coaching or a targeted development plan. Monitor and follow up.
1883,Giselle,Butler,Production Technician I,Production,NEL,Full-Time,Female,0.57,59.0,4,3,2,Fully Meets,3,0.5452836426463925,Medium Risk,short tenure; Department = Production; low performance rating,Key drivers: short tenure and Department = Production. Recommended: provide onboarding/mentorship support given short tenure; offer coaching or a targeted development plan. Monitor and follow up.
2305,Rosemary,Thornton,Network Engineer,Production,EW,Part-Time,Female,1.42,56.0,5,4,5,Fully Meets,2,0.5450252286700412,Medium Risk,short tenure; Department = Production; Gender = Female,Key drivers: short tenure and Department = Production. Recommended: provide onboarding/mentorship support given short tenure. Monitor and follow up.
1547,Nicole,Stone,Production Technician I,Production,WBL,Contract,Female,0.99,33.0,4,4,4,Fully Meets,3,0.5448031163701255,Medium Risk,short tenure; Department = Production; low performance rating,Key drivers: short tenure and Department = Production. Recommended: provide onboarding/mentorship support given short tenure; offer coaching or a targeted development plan. Monitor and follow up.
2023,Sophie,Moran,Production Technician II,Production,CCDR,Part-Time,Female,0.23,64.0,4,3,4,Fully Meets,3,0.5445817500261866,Medium Risk,short tenure; Department = Production; low performance rating,Key drivers: short tenure and Department = Production. Recommended: provide onboarding/mentorship support given short tenure; offer coaching or a targeted development plan. Monitor and follow up.
3721,Johnny,Goodman,Production Technician I,Production,NEL,Full-Time,Male,0.15,66.0,4,5,5,Fully Meets,2,0.5444967940916005,Medium Risk,short tenure; Department = Production; PayZone = Zone B,Key drivers: short tenure and Department = Production. Recommended: provide onboarding/mentorship support given short tenure. Monitor and follow up.
1498,Cody,Beard,Production Technician I,Production,BPC,Full-Time,Female,0.01,82.0,5,1,3,Exceeds,3,0.5440812247918437,Medium Risk,short tenure; Department = Production; low performance rating,Key drivers: short tenure and Department = Production. Recommended: provide onboarding/mentorship support given short tenure; offer coaching or a targeted development plan. Monitor and follow up.
1878,Kobe,Crosby,Production Technician I,Production,WBL,Part-Time,Female,0.74,25.0,3,5,3,Fully Meets,3,0.5439647322715234,Medium Risk,short tenure; Department = Production; low performance rating,Key drivers: short tenure and Department = Production. Recommended: provide onboarding/mentorship support given short tenure; offer coaching or a targeted development plan. Monitor and follow up.
2080,Ellie,Robbins,Production Technician I,Production,WBL,Contract,Female,0.42,66.0,1,4,4,Fully Meets,3,0.5438380984488506,Medium Risk,short tenure; Department = Production; low performance rating,Key drivers: short tenure and Department = Production. Recommended: provide onboarding/mentorship support given short tenure; offer coaching or a targeted development plan. Monitor and follow up.
1182,Gunnar,Webster,Production Technician I,Production,WBL,Full-Time,Female,1.82,53.0,4,2,5,Fully Meets,3,0.5438093072211404,Medium Risk,short tenure; Department = Production; low performance rating,Key drivers: short tenure and Department = Production. Recommended: provide onboarding/mentorship support given short tenure; offer coaching or a targeted development plan. Monitor and follow up.
3865,Sloane,Moss,Network Engineer,Production,MSC,Part-Time,Male,1.06,63.0,4,1,3,Needs Improvement,3,0.5437865227057205,Medium Risk,short tenure; Department = Production; low performance rating,Key drivers: short tenure and Department = Production. Recommended: provide onboarding/mentorship support given short tenure; offer coaching or a targeted development plan. Monitor and follow up.
1097,Nilson,Fernandes,Production Technician I,Production,SVG,Contract,Male,0.05,27.0,2,1,5,Fully Meets,3,0.5435600338760889,Medium Risk,short tenure; Department = Production; low performance rating,Key drivers: short tenure and Department = Production. Recommended: provide onboarding/mentorship support given short tenure; offer coaching or a targeted development plan. Monitor and follow up.
3278,Mina,Bryant,Production Technician II,Production,PL,Contract,Female,1.11,82.0,4,1,4,Fully Meets,4,0.5435001386741604,Medium Risk,short tenure; Department = Production; low performance rating,Key drivers: short tenure and Department = Production. Recommended: provide onboarding/mentorship support given short tenure; offer coaching or a targeted development plan. Monitor and follow up.
3311,William,Avila,Production Technician I,Production,EW,Contract,Female,0.46,52.0,2,5,1,Fully Meets,4,0.5434496060823979,Medium Risk,short tenure; Department = Production; low performance rating,Key drivers: short tenure and Department = Production. Recommended: provide onboarding/mentorship support given short tenure; offer coaching or a targeted development plan. Monitor and follow up.
3176,Cade,Palmer,Production Technician I,Production,SVG,Full-Time,Female,1.53,26.0,3,5,5,Exceeds,1,0.5432210139348256,Medium Risk,short tenure; Department = Production; Gender = Female,Key drivers: short tenure and Department = Production. Recommended: provide onboarding/mentorship support given short tenure. Monitor and follow up.
3774,Ramiro,Savage,Production Technician I,Production,CCDR,Part-Time,Male,2.32,28.0,3,5,1,Fully Meets,3,0.5432197382985569,Medium Risk,short tenure; Department = Production; low performance rating,Key drivers: short tenure and Department = Production. Recommended: provide onboarding/mentorship support given short tenure; offer coaching or a targeted development plan. Monitor and follow up.
1868,Briana,Wang,Production Technician I,Production,TNS,Part-Time,Male,1.15,26.0,3,5,3,Needs Improvement,3,0.5431693555501478,Medium Risk,short tenure; Department = Production; low performance rating,Key drivers: short tenure and Department = Production. Recommended: provide onboarding/mentorship support given short tenure; offer coaching or a targeted development plan. Monitor and follow up.
1867,Mauricio,Buchanan,Production Technician I,Production,MSC,Full-Time,Male,0.6,84.0,5,1,2,Needs Improvement,3,0.54310883713001,Medium Risk,short tenure; Department = Production; low performance rating,Key drivers: short tenure and Department = Production. Recommended: provide onboarding/mentorship support given short tenure; offer coaching or a targeted development plan. Monitor and follow up.
2181,Trevin,Lambert,Production Technician I,Production,BPC,Contract,Female,1.03,35.0,1,2,4,PIP,5,0.5427201790273031,Medium Risk,short tenure; Department = Production; low performance rating,Key drivers: short tenure and Department = Production. Recommended: provide onboarding/mentorship support given short tenure; offer coaching or a targeted development plan. Monitor and follow up.
3803,Kai,Holt,Production Technician I,Production,PL,Contract,Female,0.89,41.0,2,1,5,Fully Meets,3,0.5427009318472078,Medium Risk,short tenure; Department = Production; low performance rating,Key drivers: short tenure and Department = Production. Recommended: provide onboarding/mentorship support given short tenure; offer coaching or a targeted development plan. Monitor and follow up.
2784,Gillian,Riddle,Production Technician II,Production,TNS,Contract,Male,1.7,45.0,3,4,4,Fully Meets,2,0.5425141706403673,Medium Risk,short tenure; Department = Production; PayZone = Zone B,Key drivers: short tenure and Department = Production. Recommended: provide onboarding/mentorship support given short tenure. Monitor and follow up.
1777,Amare,Hartman,Production Technician I,Production,WBL,Full-Time,Female,1.89,64.0,3,1,1,Fully Meets,3,0.5419316575346983,Medium Risk,short tenure; Department = Production; low performance rating,Key drivers: short tenure and Department = Production. Recommended: provide onboarding/mentorship support given short tenure; offer coaching or a targeted development plan. Monitor and follow up.
3093,Isabell,Meadows,Production Technician II,Production,PYZ,Full-Time,Female,1.54,50.0,4,3,5,Fully Meets,2,0.5418042982172036,Medium Risk,short tenure; Department = Production; Gender = Female,Key drivers: short tenure and Department = Production. Recommended: provide onboarding/mentorship support given short tenure. Monitor and follow up.
1575,Gabriel,Adams,Production Technician I,Production,EW,Contract,Female,1.91,84.0,3,2,2,Fully Meets,3,0.541705111055307,Medium Risk,short tenure; Department = Production; low performance rating,Key drivers: short tenure and Department = Production. Recommended: provide onboarding/mentorship support given short tenure; offer coaching or a targeted development plan. Monitor and follow up.
3779,Damian,Burke,Production Technician I,Production,PYZ,Part-Time,Female,0.54,63.0,1,4,1,Fully Meets,3,0.5416638955511688,Medium Risk,short tenure; Department = Production; low performance rating,Key drivers: short tenure and Department = Production. Recommended: provide onboarding/mentorship support given short tenure; offer coaching or a targeted development plan. Monitor and follow up.
2037,Ian,Hester,Production Technician I,Production,EW,Contract,Female,1.34,81.0,5,2,4,Fully Meets,3,0.5414890761606628,Medium Risk,short tenure; Department = Production; low performance rating,Key drivers: short tenure and Department = Production. Recommended: provide onboarding/mentorship support given short tenure; offer coaching or a targeted development plan. Monitor and follow up.
3398,Kyler,Cherry,Production Technician I,Production,PL,Part-Time,Female,2.82,70.0,2,5,1,Fully Meets,3,0.5411919185972535,Medium Risk,short tenure; Department = Production; low performance rating,Key drivers: short tenure and Department = Production. Recommended: provide onboarding/mentorship support given short tenure; offer coaching or a targeted development plan. Monitor and follow up.
3780,Jessie,Smith,Production Technician I,Production,PL,Part-Time,Female,1.35,81.0,3,2,2,Fully Meets,3,0.5410704121084762,Medium Risk,short tenure; Department = Production; low performance rating,Key drivers: short tenure and Department = Production. Recommended: provide onboarding/mentorship support given short tenure; offer coaching or a targeted development plan. Monitor and follow up.
3318,Maddison,Dixon,Production Technician I,Production,BPC,Part-Time,Male,2.23,30.0,3,4,3,Fully Meets,3,0.5410608284003352,Medium Risk,short tenure; Department = Production; low performance rating,Key drivers: short tenure and Department = Production. Recommended: provide onboarding/mentorship support given short tenure; offer coaching or a targeted development plan. Monitor and follow up.
3587,Quinn,Mccullough,Production Technician I,Production,MSC,Full-Time,Male,0.61,49.0,2,1,2,Fully Meets,2,0.5407681900197596,Medium Risk,short tenure; Department = Production; desired salary at hire,Key drivers: short tenure and Department = Production. Recommended: provide onboarding/mentorship support given short tenure; review compensation against market benchmarks. Monitor and follow up.
1520,Lilianna,Colon,Production Technician I,Production,CCDR,Full-Time,Female,2.51,50.0,2,2,5,Fully Meets,3,0.540627721609956,Medium Risk,short tenure; Department = Production; low performance rating,Key drivers: short tenure and Department = Production. Recommended: provide onboarding/mentorship support given short tenure; offer coaching or a targeted development plan. Monitor and follow up.
1532,Rene,Pena,Production Technician I,Production,SVG,Part-Time,Female,0.24,82.0,2,5,2,Fully Meets,3,0.5405986779134988,Medium Risk,short tenure; Department = Production; PayZone = Zone B,Key drivers: short tenure and Department = Production. Recommended: provide onboarding/mentorship support given short tenure. Monitor and follow up.
2026,Ishaan,Schaefer,Production Technician I,Production,SVG,Contract,Female,0.08,56.0,4,2,4,Fully Meets,3,0.540468218739026,Medium Risk,short tenure; Department = Production; low performance rating,Key drivers: short tenure and Department = Production. Recommended: provide onboarding/mentorship support given short tenure; offer coaching or a targeted development plan. Monitor and follow up.
2901,Deshawn,Ayers,Production Technician I,Production,PYZ,Part-Time,Female,0.51,35.0,4,1,5,Fully Meets,4,0.5403489327200677,Medium Risk,short tenure; Department = Production; low performance rating,Key drivers: short tenure and Department = Production. Recommended: provide onboarding/mentorship support given short tenure; offer coaching or a targeted development plan. Monitor and follow up.
1876,Rylee,Stevenson,Production Technician II,Production,MSC,Full-Time,Female,0.38,83.0,2,4,1,Fully Meets,3,0.5402760568386585,Medium Risk,short tenure; Department = Production; low performance rating,Key drivers: short tenure and Department = Production. Recommended: provide onboarding/mentorship support given short tenure; offer coaching or a targeted development plan. Monitor and follow up.
2372,Junior,York,Data Analyst,Production,CCDR,Full-Time,Female,2.34,34.0,4,3,5,Fully Meets,2,0.5401368013591142,Medium Risk,short tenure; Department = Production; Employee = Full-Time,Key drivers: short tenure and Department = Production. Recommended: provide onboarding/mentorship support given short tenure. Monitor and follow up.
3331,Sydney,Chang,Production Technician I,Production,CCDR,Full-Time,Female,1.57,63.0,5,1,5,Fully Meets,2,0.5398340863915492,Medium Risk,short tenure; Department = Production; Gender = Female,Key drivers: short tenure and Department = Production. Recommended: provide onboarding/mentorship support given short tenure. Monitor and follow up.
1619,Micheal,Drake,Production Technician I,Production,SVG,Part-Time,Female,2.73,62.0,2,4,2,Needs Improvement,3,0.539827566899691,Medium Risk,short tenure; Department = Production; low performance rating,Key drivers: short tenure and Department = Production. Recommended: provide onboarding/mentorship support given short tenure; offer coaching or a targeted development plan. Monitor and follow up.
3027,Alan,Woods,Production Technician II,Production,MSC,Part-Time,Female,0.17,83.0,2,3,4,Fully Meets,5,0.5394973480483564,Medium Risk,short tenure; Department = Production; low performance rating,Key drivers: short tenure and Department = Production. Recommended: provide onboarding/mentorship support given short tenure; offer coaching or a targeted development plan. Monitor and follow up.
3247,Hailee,Raymond,Production Technician I,Production,EW,Full-Time,Female,0.3,83.0,5,2,4,Fully Meets,3,0.5394560453302368,Medium Risk,short tenure; Department = Production; low performance rating,Key drivers: short tenure and Department = Production. Recommended: provide onboarding/mentorship support given short tenure; offer coaching or a targeted development plan. Monitor and follow up.
1160,Wyatt,Spence,Production Technician I,Production,WBL,Part-Time,Female,0.41,50.0,2,4,3,Fully Meets,3,0.5394367799729625,Medium Risk,short tenure; Department = Production; low performance rating,Key drivers: short tenure and Department = Production. Recommended: provide onboarding/mentorship support given short tenure; offer coaching or a targeted development plan. Monitor and follow up.
3354,Neil,Dunn,Production Technician I,Production,NEL,Part-Time,Female,1.85,65.0,4,1,1,Fully Meets,3,0.539427259245042,Medium Risk,short tenure; Department = Production; low performance rating,Key drivers: short tenure and Department = Production. Recommended: provide onboarding/mentorship support given short tenure; offer coaching or a targeted development plan. Monitor and follow up.
3615,Martin,Weber,Production Technician I,Production,CCDR,Full-Time,Male,1.36,40.0,1,3,4,Exceeds,2,0.5392643205775444,Medium Risk,short tenure; Department = Production; Employee = Full-Time,Key drivers: short tenure and Department = Production. Recommended: provide onboarding/mentorship support given short tenure. Monitor and follow up.
3171,Regina,Lopez,Production Technician I,Production,WBL,Part-Time,Female,1.96,31.0,1,4,5,Fully Meets,5,0.539231563720929,Medium Risk,short tenure; Department = Production; low performance rating,Key drivers: short tenure and Department = Production. Recommended: provide onboarding/mentorship support given short tenure; offer coaching or a targeted development plan. Monitor and follow up.
3583,Gracelyn,Huynh,Production Technician I,Production,WBL,Full-Time,Female,0.97,68.0,1,4,4,Needs Improvement,4,0.5392141670198153,Medium Risk,short tenure; Department = Production; low performance rating,Key drivers: short tenure and Department = Production. Recommended: provide onboarding/mentorship support given short tenure; offer coaching or a targeted development plan. Monitor and follow up.
2095,Lyric,Solomon,Production Technician II,Production,SVG,Full-Time,Female,0.01,29.0,3,5,1,Fully Meets,3,0.539161388790153,Medium Risk,short tenure; Department = Production; low performance rating,Key drivers: short tenure and Department = Production. Recommended: provide onboarding/mentorship support given short tenure; offer coaching or a targeted development plan. Monitor and follow up.
3173,Tucker,Sweeney,Production Technician I,Production,PL,Contract,Female,0.44,69.0,4,5,3,Fully Meets,1,0.5390228701847165,Medium Risk,short tenure; Department = Production; low satisfaction score,Key drivers: short tenure and Department = Production. Recommended: schedule a 1:1 to discuss engagement and career goals; provide onboarding/mentorship support given short tenure. Monitor and follow up.
1398,Debbie,Mangal,Production Technician I,Production,PYZ,Part-Time,Female,2.17,54.0,1,1,1,Needs Improvement,3,0.5381496693305001,Medium Risk,short tenure; Department = Production; low performance rating,Key drivers: short tenure and Department = Production. Recommended: provide onboarding/mentorship support given short tenure; offer coaching or a targeted development plan. Monitor and follow up.
2113,Emerson,Wood,Production Technician I,Production,MSC,Part-Time,Female,2.42,82.0,1,5,5,Exceeds,2,0.5380050553461917,Medium Risk,short tenure; Department = Production; Gender = Female,Key drivers: short tenure and Department = Production. Recommended: provide onboarding/mentorship support given short tenure. Monitor and follow up.
1847,Maverick,Lang,Production Technician I,Production,MSC,Full-Time,Male,0.06,26.0,2,5,3,Needs Improvement,3,0.537923076462833,Medium Risk,short tenure; Department = Production; low performance rating,Key drivers: short tenure and Department = Production. Recommended: provide onboarding/mentorship support given short tenure; offer coaching or a targeted development plan. Monitor and follow up.
1902,Sarahi,Raymond,Production Technician I,Production,NEL,Full-Time,Male,2.03,74.0,5,2,3,Fully Meets,3,0.5376550977181365,Medium Risk,short tenure; Department = Production; low performance rating,Key drivers: short tenure and Department = Production. Recommended: provide onboarding/mentorship support given short tenure; offer coaching or a targeted development plan. Monitor and follow up.
1817,Zoey,Page,Production Technician II,Production,PL,Contract,Female,2.93,40.0,1,3,5,Fully Meets,3,0.5376049506573825,Medium Risk,short tenure; Department = Production; low performance rating,Key drivers: short tenure and Department = Production. Recommended: provide onboarding/mentorship support given short tenure; offer coaching or a targeted development plan. Monitor and follow up.
3622,Danika,Fleming,Production Technician II,Production,SVG,Part-Time,Female,1.0,31.0,1,3,5,Fully Meets,3,0.5375455688524107,Medium Risk,short tenure; Department = Production; low performance rating,Key drivers: short tenure and Department = Production. Recommended: provide onboarding/mentorship support given short tenure; offer coaching or a targeted development plan. Monitor and follow up.
3115,Braiden,Kirby,Production Technician II,Production,WBL,Contract,Female,0.1,63.0,3,1,5,Fully Meets,4,0.5373661347138273,Medium Risk,short tenure; Department = Production; low performance rating,Key drivers: short tenure and Department = Production. Recommended: provide onboarding/mentorship support given short tenure; offer coaching or a targeted development plan. Monitor and follow up.
3688,Brynn,Harding,Production Technician I,Production,SVG,Contract,Female,2.25,75.0,4,4,4,Exceeds,3,0.5373045049122652,Medium Risk,short tenure; Department = Production; training investment,Key drivers: short tenure and Department = Production. Recommended: provide onboarding/mentorship support given short tenure. Monitor and follow up.
1828,Kaylah,Ramos,Production Technician I,Production,MSC,Part-Time,Male,2.07,43.0,3,3,2,Exceeds,3,0.5372800945650194,Medium Risk,short tenure; Department = Production; low performance rating,Key drivers: short tenure and Department = Production. Recommended: provide onboarding/mentorship support given short tenure; offer coaching or a targeted development plan. Monitor and follow up.
1483,Ignacio,Wiley,Production Technician I,Production,WBL,Full-Time,Female,0.42,65.0,5,3,4,Exceeds,3,0.5367487496702381,Medium Risk,short tenure; Department = Production; low performance rating,Key drivers: short tenure and Department = Production. Recommended: provide onboarding/mentorship support given short tenure; offer coaching or a targeted development plan. Monitor and follow up.
1825,Giana,Moore,Production Technician I,Production,CCDR,Contract,Male,1.99,30.0,3,1,3,Fully Meets,3,0.5363154133027476,Medium Risk,short tenure; Department = Production; low performance rating,Key drivers: short tenure and Department = Production. Recommended: provide onboarding/mentorship support given short tenure; offer coaching or a targeted development plan. Monitor and follow up.
2462,Lainey,York,Production Manager,Production,NEL,Part-Time,Female,1.05,78.0,1,4,2,Fully Meets,2,0.5362154261417331,Medium Risk,short tenure; Department = Production; Gender = Female,Key drivers: short tenure and Department = Production. Recommended: provide onboarding/mentorship support given short tenure. Monitor and follow up.
3130,Kennedy,Beard,Production Technician I,Production,CCDR,Part-Time,Female,2.43,45.0,3,4,3,Fully Meets,5,0.5361061192925436,Medium Risk,short tenure; Department = Production; Gender = Female,Key drivers: short tenure and Department = Production. Recommended: provide onboarding/mentorship support given short tenure. Monitor and follow up.
3124,Taliyah,Yang,Production Technician I,Production,WBL,Full-Time,Female,2.83,35.0,4,2,2,Fully Meets,5,0.5360820834386242,Medium Risk,short tenure; Department = Production; low performance rating,Key drivers: short tenure and Department = Production. Recommended: provide onboarding/mentorship support given short tenure; offer coaching or a targeted development plan. Monitor and follow up.
1562,Kailee,Harmon,Production Technician I,Production,BPC,Full-Time,Female,1.05,82.0,2,3,1,Fully Meets,3,0.535942816378937,Medium Risk,short tenure; Department = Production; PayZone = Zone B,Key drivers: short tenure and Department = Production. Recommended: provide onboarding/mentorship support given short tenure. Monitor and follow up.
2306,Ayanna,Lutz,Network Engineer,Production,CCDR,Part-Time,Male,2.56,27.0,4,3,3,Fully Meets,1,0.5355318498406525,Medium Risk,short tenure; Department = Production; low satisfaction score,Key drivers: short tenure and Department = Production. Recommended: schedule a 1:1 to discuss engagement and career goals; provide onboarding/mentorship support given short tenure. Monitor and follow up.
3032,Cristofer,Schwartz,Production Technician I,Production,EW,Part-Time,Male,0.32,85.0,3,1,2,Fully Meets,2,0.5351469694898979,Medium Risk,short tenure; Department = Production; education level,Key drivers: short tenure and Department = Production. Recommended: provide onboarding/mentorship support given short tenure. Monitor and follow up.
3153,Jagger,Morgan,Production Technician I,Production,SVG,Part-Time,Female,2.28,32.0,5,1,3,Fully Meets,4,0.5350812224324295,Medium Risk,short tenure; Department = Production; low performance rating,Key drivers: short tenure and Department = Production. Recommended: provide onboarding/mentorship support given short tenure; offer coaching or a targeted development plan. Monitor and follow up.
1760,Janessa,Mcconnell,Production Technician I,Production,WBL,Part-Time,Male,0.24,33.0,3,5,2,Fully Meets,3,0.5350206214306471,Medium Risk,short tenure; Department = Production; low performance rating,Key drivers: short tenure and Department = Production. Recommended: provide onboarding/mentorship support given short tenure; offer coaching or a targeted development plan. Monitor and follow up.
2150,Ishaan,Sheppard,Production Technician I,Production,SVG,Full-Time,Female,0.18,55.0,1,2,1,Exceeds,5,0.5348978669819139,Medium Risk,short tenure; Department = Production; PayZone = Zone B,Key drivers: short tenure and Department = Production. Recommended: provide onboarding/mentorship support given short tenure. Monitor and follow up.
2357,Antoine,Murray,Production Manager,Production,PL,Contract,Female,0.55,83.0,2,1,3,Fully Meets,1,0.5347418548372478,Medium Risk,short tenure; Department = Production; PayZone = Zone B,Key drivers: short tenure and Department = Production. Recommended: provide onboarding/mentorship support given short tenure. Monitor and follow up.
2175,Kason,Ellison,Production Technician I,Production,MSC,Contract,Female,0.51,39.0,3,1,3,Exceeds,2,0.5345995245244333,Medium Risk,short tenure; Department = Production; Gender = Female,Key drivers: short tenure and Department = Production. Recommended: provide onboarding/mentorship support given short tenure. Monitor and follow up.
3781,Hezekiah,Cummings,Production Technician I,Production,NEL,Contract,Male,2.71,67.0,3,5,1,Fully Meets,3,0.5343886533798746,Medium Risk,short tenure; Department = Production; low performance rating,Key drivers: short tenure and Department = Production. Recommended: provide onboarding/mentorship support given short tenure; offer coaching or a targeted development plan. Monitor and follow up.
1184,Patrick,Mckinney,Production Technician I,Production,CCDR,Full-Time,Female,1.33,75.0,3,1,1,Fully Meets,3,0.5339955394339564,Medium Risk,short tenure; Department = Production; low performance rating,Key drivers: short tenure and Department = Production. Recommended: provide onboarding/mentorship support given short tenure; offer coaching or a targeted development plan. Monitor and follow up.
3080,Zavier,Reese,Production Technician I,Production,MSC,Contract,Female,2.19,27.0,3,3,5,Fully Meets,2,0.5338208574324446,Medium Risk,short tenure; Department = Production; Gender = Female,Key drivers: short tenure and Department = Production. Recommended: provide onboarding/mentorship support given short tenure. Monitor and follow up.
2862,Randall,West,Production Technician II,Production,SVG,Part-Time,Male,2.0,83.0,2,1,3,Fully Meets,4,0.533587044996079,Medium Risk,short tenure; Department = Production; low performance rating,Key drivers: short tenure and Department = Production. Recommended: provide onboarding/mentorship support given short tenure; offer coaching or a targeted development plan. Monitor and follow up.
3061,Kaylynn,Odom,Production Technician I,Production,PL,Part-Time,Male,0.59,70.0,1,5,3,Fully Meets,4,0.5335594896324922,Medium Risk,short tenure; Department = Production; low performance rating,Key drivers: short tenure and Department = Production. Recommended: provide onboarding/mentorship support given short tenure; offer coaching or a targeted development plan. Monitor and follow up.
2412,Frankie,Yang,Production Manager,Production,PL,Full-Time,Male,1.14,32.0,4,5,5,Fully Meets,2,0.5335412245876491,Medium Risk,short tenure; Department = Production; low satisfaction score,Key drivers: short tenure and Department = Production. Recommended: schedule a 1:1 to discuss engagement and career goals; provide onboarding/mentorship support given short tenure. Monitor and follow up.
3170,Demarcus,Huffman,Production Technician I,Production,PYZ,Full-Time,Male,1.4,35.0,3,1,2,Fully Meets,2,0.5326632613362563,Medium Risk,short tenure; Department = Production; Division = Field Operations,Key drivers: short tenure and Department = Production. Recommended: provide onboarding/mentorship support given short tenure. Monitor and follow up.
1992,Shamar,Delgado,Production Technician II,Production,SVG,Contract,Female,1.86,76.0,3,4,3,Fully Meets,3,0.5325649570613092,Medium Risk,short tenure; Department = Production; low performance rating,Key drivers: short tenure and Department = Production. Recommended: provide onboarding/mentorship support given short tenure; offer coaching or a targeted development plan. Monitor and follow up.
1753,Rodolfo,Michael,Production Technician I,Production,BPC,Contract,Male,0.32,83.0,3,5,3,Fully Meets,3,0.532535372139277,Medium Risk,short tenure; Department = Production; BusinessUnit = BPC,Key drivers: short tenure and Department = Production. Recommended: provide onboarding/mentorship support given short tenure. Monitor and follow up.
2293,David,Stanley,Production Manager,Production,CCDR,Contract,Male,1.22,28.0,3,5,1,Fully Meets,2,0.5324937636122128,Medium Risk,short tenure; Department = Production; desired salary at hire,Key drivers: short tenure and Department = Production. Recommended: provide onboarding/mentorship support given short tenure; review compensation against market benchmarks. Monitor and follow up.
1574,Diego,Hays,Production Technician I,Production,SVG,Full-Time,Female,0.04,37.0,3,4,2,Fully Meets,3,0.5324803164153493,Medium Risk,short tenure; Department = Production; low performance rating,Key drivers: short tenure and Department = Production. Recommended: provide onboarding/mentorship support given short tenure; offer coaching or a targeted development plan. Monitor and follow up.
2844,Litzy,Lloyd,Production Technician II,Production,TNS,Contract,Male,2.57,84.0,5,2,2,Fully Meets,5,0.5324500280863823,Medium Risk,short tenure; Department = Production; low performance rating,Key drivers: short tenure and Department = Production. Recommended: provide onboarding/mentorship support given short tenure; offer coaching or a targeted development plan. Monitor and follow up.
3175,Raphael,Whitney,Production Technician I,Production,CCDR,Full-Time,Female,0.02,79.0,4,5,1,Fully Meets,1,0.5321297776522418,Medium Risk,short tenure; Department = Production; Gender = Female,Key drivers: short tenure and Department = Production. Recommended: provide onboarding/mentorship support given short tenure. Monitor and follow up.
2204,Leonidas,Bridges,Production Technician I,Production,PL,Part-Time,Female,0.34,42.0,2,5,3,Needs Improvement,2,0.5320872106289064,Medium Risk,short tenure; Department = Production; Gender = Female,Key drivers: short tenure and Department = Production. Recommended: provide onboarding/mentorship support given short tenure. Monitor and follow up.
2988,Justice,Gentry,Production Technician I,Production,MSC,Full-Time,Male,2.17,55.0,4,4,4,Fully Meets,1,0.5313855444889279,Medium Risk,short tenure; Department = Production; Employee = Full-Time,Key drivers: short tenure and Department = Production. Recommended: provide onboarding/mentorship support given short tenure. Monitor and follow up.
1823,Abbigail,Blanchard,Production Technician I,Production,PL,Contract,Male,1.51,66.0,4,4,3,Fully Meets,3,0.5312534400694044,Medium Risk,short tenure; Department = Production; low performance rating,Key drivers: short tenure and Department = Production. Recommended: provide onboarding/mentorship support given short tenure; offer coaching or a targeted development plan. Monitor and follow up.
3343,Seth,Huff,Production Technician II,Production,PL,Part-Time,Male,1.26,61.0,2,4,5,Fully Meets,4,0.531127709093852,Medium Risk,short tenure; Department = Production; low performance rating,Key drivers: short tenure and Department = Production. Recommended: provide onboarding/mentorship support given short tenure; offer coaching or a targeted development plan. Monitor and follow up.
2877,Skylar,Riggs,Production Technician I,Production,MSC,Contract,Female,0.07,82.0,4,2,1,Fully Meets,2,0.5303581867838784,Medium Risk,short tenure; Department = Production; PayZone = Zone B,Key drivers: short tenure and Department = Production. Recommended: provide onboarding/mentorship support given short tenure. Monitor and follow up.
1544,Skye,Cochran,Production Technician I,Production,MSC,Part-Time,Female,2.24,32.0,1,5,5,Fully Meets,3,0.5303242757930146,Medium Risk,short tenure; Department = Production; low performance rating,Key drivers: short tenure and Department = Production. Recommended: provide onboarding/mentorship support given short tenure; offer coaching or a targeted development plan. Monitor and follow up.
3084,Mekhi,Hopkins,Production Technician I,Production,NEL,Part-Time,Male,1.61,30.0,3,5,3,Fully Meets,4,0.5294299968720321,Medium Risk,short tenure; Department = Production; low performance rating,Key drivers: short tenure and Department = Production. Recommended: provide onboarding/mentorship support given short tenure; offer coaching or a targeted development plan. Monitor and follow up.
1748,Ashley,Rose,Production Technician I,Production,PYZ,Part-Time,Female,0.47,54.0,2,3,4,Fully Meets,3,0.5293576915907378,Medium Risk,short tenure; Department = Production; low performance rating,Key drivers: short tenure and Department = Production. Recommended: provide onboarding/mentorship support given short tenure; offer coaching or a targeted development plan. Monitor and follow up.
2795,Corinne,Hopkins,Production Technician I,Production,SVG,Part-Time,Female,0.17,77.0,1,5,1,Fully Meets,4,0.5289809252826643,Medium Risk,short tenure; Department = Production; low performance rating,Key drivers: short tenure and Department = Production. Recommended: provide onboarding/mentorship support given short tenure; offer coaching or a targeted development plan. Monitor and follow up.
2399,Brice,Phillips,Production Manager,Production,PYZ,Full-Time,Male,0.18,68.0,4,1,2,Fully Meets,4,0.5289098059151296,Medium Risk,short tenure; Department = Production; low performance rating,Key drivers: short tenure and Department = Production. Recommended: provide onboarding/mentorship support given short tenure; offer coaching or a targeted development plan. Monitor and follow up.
3586,Jaqueline,Terrell,Production Technician I,Production,EW,Part-Time,Female,0.02,26.0,2,4,4,Fully Meets,2,0.5288575100812194,Medium Risk,short tenure; Department = Production; Gender = Female,Key drivers: short tenure and Department = Production. Recommended: provide onboarding/mentorship support given short tenure. Monitor and follow up.
1396,Shari,Ngodup,Production Technician I,Production,SVG,Part-Time,Female,1.79,70.0,1,2,3,Exceeds,3,0.5286239597459235,Medium Risk,short tenure; Department = Production; low performance rating,Key drivers: short tenure and Department = Production. Recommended: provide onboarding/mentorship support given short tenure; offer coaching or a targeted development plan. Monitor and follow up.
2955,Adison,Ray,Production Technician I,Production,PYZ,Full-Time,Male,2.5,67.0,2,5,3,Fully Meets,1,0.5283699847961438,Medium Risk,short tenure; Department = Production; Employee = Full-Time,Key drivers: short tenure and Department = Production. Recommended: provide onboarding/mentorship support given short tenure. Monitor and follow up.
1854,Leslie,Potts,Production Technician II,Production,WBL,Contract,Female,1.48,64.0,2,1,5,PIP,3,0.5283660510695771,Medium Risk,short tenure; Department = Production; low performance rating,Key drivers: short tenure and Department = Production. Recommended: provide onboarding/mentorship support given short tenure; offer coaching or a targeted development plan. Monitor and follow up.
3572,Timothy,Sullivan,Production Technician I,Production,WBL,Contract,Male,1.19,32.0,5,5,5,Fully Meets,5,0.5283528632382596,Medium Risk,short tenure; Department = Production; low performance rating,Key drivers: short tenure and Department = Production. Recommended: provide onboarding/mentorship support given short tenure; offer coaching or a targeted development plan. Monitor and follow up.
1501,Jaqueline,Gallagher,Production Technician I,Production,EW,Contract,Male,0.94,27.0,4,5,4,Fully Meets,3,0.5281279218532559,Medium Risk,short tenure; Department = Production; low performance rating,Key drivers: short tenure and Department = Production. Recommended: provide onboarding/mentorship support given short tenure; offer coaching or a targeted development plan. Monitor and follow up.
1311,Moshe,Taylor,Production Technician I,Production,MSC,Full-Time,Male,0.05,39.0,2,5,3,Fully Meets,3,0.5279827032943316,Medium Risk,short tenure; Department = Production; low performance rating,Key drivers: short tenure and Department = Production. Recommended: provide onboarding/mentorship support given short tenure; offer coaching or a targeted development plan. Monitor and follow up.
2142,Josue,Gentry,Production Technician II,Production,PYZ,Contract,Female,0.82,61.0,5,2,1,Exceeds,2,0.5271444984656477,Medium Risk,short tenure; Department = Production; Gender = Female,Key drivers: short tenure and Department = Production. Recommended: provide onboarding/mentorship support given short tenure. Monitor and follow up.
2465,Callum,Miles,Production Manager,Production,CCDR,Contract,Female,1.2,65.0,3,3,1,Fully Meets,2,0.5269129260995876,Medium Risk,short tenure; Department = Production; Gender = Female,Key drivers: short tenure and Department = Production. Recommended: provide onboarding/mentorship support given short tenure. Monitor and follow up.
2077,Laurel,Chan,Production Technician I,Production,PYZ,Full-Time,Female,0.24,83.0,1,4,1,Fully Meets,3,0.5268615665801551,Medium Risk,short tenure; Department = Production; low performance rating,Key drivers: short tenure and Department = Production. Recommended: provide onboarding/mentorship support given short tenure; offer coaching or a targeted development plan. Monitor and follow up.
3094,Jordin,Alexander,Production Technician II,Production,WBL,Contract,Female,0.21,63.0,3,2,1,Fully Meets,1,0.5267124768701402,Medium Risk,short tenure; Department = Production; Gender = Female,Key drivers: short tenure and Department = Production. Recommended: provide onboarding/mentorship support given short tenure. Monitor and follow up.
1601,Odin,Heath,Production Technician II,Production,SVG,Part-Time,Male,1.32,36.0,2,4,5,Exceeds,3,0.52662028971657,Medium Risk,short tenure; Department = Production; low performance rating,Key drivers: short tenure and Department = Production. Recommended: provide onboarding/mentorship support given short tenure; offer coaching or a targeted development plan. Monitor and follow up.
3038,Heidi,Manning,Production Technician I,Production,PL,Part-Time,Male,0.46,71.0,5,5,5,Fully Meets,2,0.5266115216629114,Medium Risk,short tenure; Department = Production; low satisfaction score,Key drivers: short tenure and Department = Production. Recommended: schedule a 1:1 to discuss engagement and career goals; provide onboarding/mentorship support given short tenure. Monitor and follow up.
3145,Prince,Petty,Production Technician I,Production,MSC,Part-Time,Male,1.43,31.0,2,1,1,Fully Meets,2,0.5265571653125796,Medium Risk,short tenure; Department = Production; Division = Field Operations,Key drivers: short tenure and Department = Production. Recommended: provide onboarding/mentorship support given short tenure. Monitor and follow up.
1267,Virginia,Wallace,Production Technician I,Production,SVG,Part-Time,Female,0.1,55.0,1,4,5,Fully Meets,3,0.5264846862068844,Medium Risk,short tenure; Department = Production; low performance rating,Key drivers: short tenure and Department = Production. Recommended: provide onboarding/mentorship support given short tenure; offer coaching or a targeted development plan. Monitor and follow up.
3569,Beatrice,Chace,Production Technician I,Production,MSC,Part-Time,Female,1.55,31.0,3,1,5,Fully Meets,2,0.526477255780846,Medium Risk,short tenure; Department = Production; Gender = Female,Key drivers: short tenure and Department = Production. Recommended: provide onboarding/mentorship support given short tenure. Monitor and follow up.
2352,Anahi,Frye,Data Analyst,Production,MSC,Full-Time,Male,0.08,33.0,3,2,3,Fully Meets,2,0.526208308389274,Medium Risk,short tenure; Department = Production; Employee = Full-Time,Key drivers: short tenure and Department = Production. Recommended: provide onboarding/mentorship support given short tenure. Monitor and follow up.
3614,Bridget,Deleon,Production Technician I,Production,BPC,Contract,Male,1.48,53.0,5,4,1,Fully Meets,2,0.5261554201126031,Medium Risk,short tenure; Department = Production; BusinessUnit = BPC,Key drivers: short tenure and Department = Production. Recommended: provide onboarding/mentorship support given short tenure. Monitor and follow up.
3253,Tessa,Estes,Production Technician I,Production,PL,Part-Time,Female,1.75,33.0,3,1,1,Fully Meets,2,0.5254651170880227,Medium Risk,short tenure; Department = Production; Gender = Female,Key drivers: short tenure and Department = Production. Recommended: provide onboarding/mentorship support given short tenure. Monitor and follow up.
3152,Alaina,Mayo,Production Technician I,Production,CCDR,Contract,Female,0.48,73.0,3,1,1,Exceeds,5,0.5249805431999748,Medium Risk,short tenure; Department = Production; low performance rating,Key drivers: short tenure and Department = Production. Recommended: provide onboarding/mentorship support given short tenure; offer coaching or a targeted development plan. Monitor and follow up.
1790,Nick,Daniels,Production Technician I,Production,EW,Part-Time,Female,0.35,70.0,5,4,4,Fully Meets,3,0.5246072513516237,Medium Risk,short tenure; Department = Production; low performance rating,Key drivers: short tenure and Department = Production. Recommended: provide onboarding/mentorship support given short tenure; offer coaching or a targeted development plan. Monitor and follow up.
2056,Kelly,Ellis,Production Technician I,Production,PYZ,Contract,Female,1.86,69.0,4,3,1,Fully Meets,3,0.524561963781777,Medium Risk,short tenure; Department = Production; low performance rating,Key drivers: short tenure and Department = Production. Recommended: provide onboarding/mentorship support given short tenure; offer coaching or a targeted development plan. Monitor and follow up.
3753,George,Villegas,Production Technician I,Production,WBL,Part-Time,Male,1.77,67.0,3,1,2,Fully Meets,4,0.5241841961296978,Medium Risk,short tenure; Department = Production; low performance rating,Key drivers: short tenure and Department = Production. Recommended: provide onboarding/mentorship support given short tenure; offer coaching or a targeted development plan. Monitor and follow up.
3708,Case,Gaines,Production Technician I,Production,SVG,Full-Time,Male,2.08,52.0,5,5,2,Exceeds,4,0.5238249107603493,Medium Risk,short tenure; Department = Production; low performance rating,Key drivers: short tenure and Department = Production. Recommended: provide onboarding/mentorship support given short tenure; offer coaching or a targeted development plan. Monitor and follow up.
1143,Elianna,Schmitt,Production Manager,Production,PL,Contract,Female,2.9,84.0,4,2,2,Fully Meets,3,0.523701822731662,Medium Risk,short tenure; Department = Production; low performance rating,Key drivers: short tenure and Department = Production. Recommended: provide onboarding/mentorship support given short tenure; offer coaching or a targeted development plan. Monitor and follow up.
1613,Beau,Barron,Production Technician I,Production,PYZ,Contract,Female,0.85,31.0,2,4,1,Exceeds,3,0.5235248056627866,Medium Risk,short tenure; Department = Production; low performance rating,Key drivers: short tenure and Department = Production. Recommended: provide onboarding/mentorship support given short tenure; offer coaching or a targeted development plan. Monitor and follow up.
2791,Joselyn,Moss,Production Technician I,Production,MSC,Contract,Male,1.97,80.0,3,1,1,Fully Meets,2,0.5233350116559253,Medium Risk,short tenure; Department = Production; PayZone = Zone B,Key drivers: short tenure and Department = Production. Recommended: provide onboarding/mentorship support given short tenure. Monitor and follow up.
2965,Manuel,Stout,Production Technician I,Production,PYZ,Contract,Female,0.27,70.0,4,4,5,Fully Meets,1,0.5231346298619548,Medium Risk,short tenure; Department = Production; low satisfaction score,Key drivers: short tenure and Department = Production. Recommended: schedule a 1:1 to discuss engagement and career goals; provide onboarding/mentorship support given short tenure. Monitor and follow up.
1517,Leyla,Davila,Production Technician II,Production,WBL,Full-Time,Male,0.39,40.0,5,4,3,Fully Meets,3,0.5230528311443489,Medium Risk,short tenure; Department = Production; low performance rating,Key drivers: short tenure and Department = Production. Recommended: provide onboarding/mentorship support given short tenure; offer coaching or a targeted development plan. Monitor and follow up.
3409,Brenton,Zavala,Production Technician II,Production,PL,Contract,Male,0.33,83.0,5,5,4,Fully Meets,4,0.5219698760529986,Medium Risk,short tenure; Department = Production; low performance rating,Key drivers: short tenure and Department = Production. Recommended: provide onboarding/mentorship support given short tenure; offer coaching or a targeted development plan. Monitor and follow up.
2094,Eli,Flores,Production Technician II,Production,PYZ,Part-Time,Female,2.23,63.0,5,2,5,Fully Meets,3,0.5219335510583879,Medium Risk,short tenure; Department = Production; low performance rating,Key drivers: short tenure and Department = Production. Recommended: provide onboarding/mentorship support given short tenure; offer coaching or a targeted development plan. Monitor and follow up.
3227,Rosemary,Manning,Production Technician I,Production,TNS,Contract,Female,0.54,57.0,5,3,2,Fully Meets,2,0.521516643004163,Medium Risk,short tenure; Department = Production; Gender = Female,Key drivers: short tenure and Department = Production. Recommended: provide onboarding/mentorship support given short tenure. Monitor and follow up.
1767,Kenneth,Peters,Production Technician I,Production,WBL,Contract,Female,0.22,31.0,1,4,1,Fully Meets,3,0.5213240959023713,Medium Risk,short tenure; Department = Production; low performance rating,Key drivers: short tenure and Department = Production. Recommended: provide onboarding/mentorship support given short tenure; offer coaching or a targeted development plan. Monitor and follow up.
2035,Raymond,Gillespie,Production Technician I,Production,CCDR,Full-Time,Female,1.46,25.0,2,4,3,Fully Meets,3,0.5206314653621925,Medium Risk,short tenure; Department = Production; low performance rating,Key drivers: short tenure and Department = Production. Recommended: provide onboarding/mentorship support given short tenure; offer coaching or a targeted development plan. Monitor and follow up.
1773,Tiana,Bishop,Production Technician I,Production,EW,Part-Time,Male,2.13,84.0,5,5,2,Fully Meets,3,0.5201541221566411,Medium Risk,short tenure; Department = Production; low performance rating,Key drivers: short tenure and Department = Production. Recommended: provide onboarding/mentorship support given short tenure; offer coaching or a targeted development plan. Monitor and follow up.
2076,Nathalia,Larson,Production Technician I,Production,PL,Full-Time,Female,1.07,83.0,5,5,1,Fully Meets,3,0.5200171440673843,Medium Risk,short tenure; Department = Production; low performance rating,Key drivers: short tenure and Department = Production. Recommended: provide onboarding/mentorship support given short tenure; offer coaching or a targeted development plan. Monitor and follow up.
2789,Isabel,Wyatt,Production Technician I,Production,CCDR,Contract,Male,0.19,84.0,2,1,2,Fully Meets,4,0.5199338452046967,Medium Risk,short tenure; Department = Production; low performance rating,Key drivers: short tenure and Department = Production. Recommended: provide onboarding/mentorship support given short tenure; offer coaching or a targeted development plan. Monitor and follow up.
1845,Amanda,Lambert,Production Technician I,Production,SVG,Part-Time,Female,1.46,85.0,2,1,5,Needs Improvement,3,0.5199221147318486,Medium Risk,short tenure; Department = Production; low performance rating,Key drivers: short tenure and Department = Production. Recommended: provide onboarding/mentorship support given short tenure; offer coaching or a targeted development plan. Monitor and follow up.
1990,Adriana,Weber,Production Technician II,Production,BPC,Full-Time,Female,2.0,79.0,1,3,1,Fully Meets,3,0.5195909013242894,Medium Risk,short tenure; Department = Production; BusinessUnit = BPC,Key drivers: short tenure and Department = Production. Recommended: provide onboarding/mentorship support given short tenure. Monitor and follow up.
1554,Zackery,Sutton,Production Technician I,Production,MSC,Full-Time,Male,1.19,75.0,3,1,3,Fully Meets,3,0.5195721432194317,Medium Risk,short tenure; Department = Production; low performance rating,Key drivers: short tenure and Department = Production. Recommended: provide onboarding/mentorship support given short tenure; offer coaching or a targeted development plan. Monitor and follow up.
2086,Eliza,Munoz,Production Technician I,Production,PL,Contract,Female,0.45,48.0,4,5,3,Fully Meets,3,0.519317441739399,Medium Risk,short tenure; Department = Production; low performance rating,Key drivers: short tenure and Department = Production. Recommended: provide onboarding/mentorship support given short tenure; offer coaching or a targeted development plan. Monitor and follow up.
2934,Triston,Ewing,Production Technician I,Production,WBL,Contract,Male,0.85,63.0,3,4,1,Fully Meets,2,0.51929200836042,Medium Risk,short tenure; Department = Production; experience level,Key drivers: short tenure and Department = Production. Recommended: provide onboarding/mentorship support given short tenure. Monitor and follow up.
3421,Brenden,Leach,Production Technician I,Production,PL,Part-Time,Female,0.33,67.0,4,5,2,Fully Meets,1,0.5192514934597389,Medium Risk,short tenure; Department = Production; Gender = Female,Key drivers: short tenure and Department = Production. Recommended: provide onboarding/mentorship support given short tenure. Monitor and follow up.
2159,Matias,Burns,Production Technician I,Production,PYZ,Full-Time,Female,1.0,43.0,1,1,1,Exceeds,5,0.5192038857112989,Medium Risk,short tenure; Department = Production; low performance rating,Key drivers: short tenure and Department = Production. Recommended: provide onboarding/mentorship support given short tenure; offer coaching or a targeted development plan. Monitor and follow up.
1927,Turner,Bradley,Production Technician I,Production,EW,Full-Time,Male,0.41,50.0,2,3,1,Fully Meets,3,0.5191280446326009,Medium Risk,short tenure; Department = Production; low performance rating,Key drivers: short tenure and Department = Production. Recommended: provide onboarding/mentorship support given short tenure; offer coaching or a targeted development plan. Monitor and follow up.
1461,Anabel,Evans,Production Technician I,Production,CCDR,Full-Time,Female,1.46,25.0,1,1,2,Exceeds,3,0.5191227050345859,Medium Risk,short tenure; Department = Production; low performance rating,Key drivers: short tenure and Department = Production. Recommended: provide onboarding/mentorship support given short tenure; offer coaching or a targeted development plan. Monitor and follow up.
2151,Areli,Mitchell,Production Technician I,Production,TNS,Contract,Female,2.43,76.0,4,4,4,Exceeds,1,0.518445113961015,Medium Risk,short tenure; Department = Production; low satisfaction score,Key drivers: short tenure and Department = Production. Recommended: schedule a 1:1 to discuss engagement and career goals; provide onboarding/mentorship support given short tenure. Monitor and follow up.
3742,Gabriel,Pearson,Production Technician II,Production,PYZ,Contract,Female,1.64,45.0,1,2,1,Fully Meets,2,0.5183876411205554,Medium Risk,short tenure; Department = Production; Gender = Female,Key drivers: short tenure and Department = Production. Recommended: provide onboarding/mentorship support given short tenure. Monitor and follow up.
3796,Jefferson,White,Production Technician I,Production,SVG,Contract,Female,2.63,62.0,5,1,2,Exceeds,3,0.5182815155738634,Medium Risk,short tenure; Department = Production; low performance rating,Key drivers: short tenure and Department = Production. Recommended: provide onboarding/mentorship support given short tenure; offer coaching or a targeted development plan. Monitor and follow up.
2870,Sanai,Sweeney,Production Technician I,Production,WBL,Part-Time,Male,0.01,76.0,3,5,2,Fully Meets,4,0.5182267118831068,Medium Risk,short tenure; Department = Production; low performance rating,Key drivers: short tenure and Department = Production. Recommended: provide onboarding/mentorship support given short tenure; offer coaching or a targeted development plan. Monitor and follow up.
3401,Taniya,Kane,Production Technician I,Production,EW,Contract,Male,1.56,53.0,4,4,1,Fully Meets,1,0.517905856015069,Medium Risk,short tenure; Department = Production; low satisfaction score,Key drivers: short tenure and Department = Production. Recommended: schedule a 1:1 to discuss engagement and career goals; provide onboarding/mentorship support given short tenure. Monitor and follow up.
2367,Mariam,Doyle,Production Manager,Production,PL,Contract,Female,1.8,67.0,2,3,5,Fully Meets,5,0.517739674320002,Medium Risk,short tenure; Department = Production; low performance rating,Key drivers: short tenure and Department = Production. Recommended: provide onboarding/mentorship support given short tenure; offer coaching or a targeted development plan. Monitor and follow up.
2156,Ariel,Osborn,Production Technician I,Production,MSC,Part-Time,Female,1.51,37.0,1,5,3,Exceeds,3,0.5177169542735489,Medium Risk,short tenure; Department = Production; low performance rating,Key drivers: short tenure and Department = Production. Recommended: provide onboarding/mentorship support given short tenure; offer coaching or a targeted development plan. Monitor and follow up.
2321,Hadassah,Gallegos,Production Manager,Production,WBL,Full-Time,Female,0.01,75.0,2,4,5,Fully Meets,2,0.517647442077503,Medium Risk,short tenure; Department = Production; Gender = Female,Key drivers: short tenure and Department = Production. Recommended: provide onboarding/mentorship support given short tenure. Monitor and follow up.
1204,Pablo,Parker,Production Technician I,Production,MSC,Full-Time,Male,0.7,78.0,4,1,3,Fully Meets,3,0.5169929105559758,Medium Risk,short tenure; Department = Production; low performance rating,Key drivers: short tenure and Department = Production. Recommended: provide onboarding/mentorship support given short tenure; offer coaching or a targeted development plan. Monitor and follow up.
3733,Halle,Boyd,Production Technician I,Production,NEL,Contract,Female,2.26,32.0,3,1,5,Fully Meets,3,0.5167954195314706,Medium Risk,short tenure; Department = Production; low performance rating,Key drivers: short tenure and Department = Production. Recommended: provide onboarding/mentorship support given short tenure; offer coaching or a targeted development plan. Monitor and follow up.
2926,Yareli,Valdez,Production Technician II,Production,SVG,Part-Time,Male,0.56,27.0,1,1,1,Needs Improvement,5,0.5167099633106205,Medium Risk,short tenure; Department = Production; low performance rating,Key drivers: short tenure and Department = Production. Recommended: provide onboarding/mentorship support given short tenure; offer coaching or a targeted development plan. Monitor and follow up.
3634,Keyon,Haley,Production Technician I,Production,PYZ,Part-Time,Female,0.09,64.0,5,2,2,Fully Meets,5,0.5165879092475721,Medium Risk,short tenure; Department = Production; low performance rating,Key drivers: short tenure and Department = Production. Recommended: provide onboarding/mentorship support given short tenure; offer coaching or a targeted development plan. Monitor and follow up.
2089,Ethan,Rhodes,Production Technician I,Production,TNS,Contract,Female,1.51,60.0,3,5,3,Fully Meets,3,0.5164845588016629,Medium Risk,short tenure; Department = Production; low performance rating,Key drivers: short tenure and Department = Production. Recommended: provide onboarding/mentorship support given short tenure; offer coaching or a targeted development plan. Monitor and follow up.
2299,Emiliano,Rich,Production Manager,Production,TNS,Part-Time,Female,1.01,84.0,1,2,2,Fully Meets,2,0.5162939527901894,Medium Risk,short tenure; Department = Production; Gender = Female,Key drivers: short tenure and Department = Production. Recommended: provide onboarding/mentorship support given short tenure. Monitor and follow up.
2030,Yuliana,Nelson,Production Technician I,Production,PYZ,Full-Time,Female,0.05,44.0,1,4,5,Fully Meets,3,0.5162928191099886,Medium Risk,short tenure; Department = Production; low performance rating,Key drivers: short tenure and Department = Production. Recommended: provide onboarding/mentorship support given short tenure; offer coaching or a targeted development plan. Monitor and follow up.
3168,Deshawn,Henry,Production Technician I,Production,MSC,Part-Time,Male,1.44,36.0,2,5,2,Fully Meets,2,0.5161402758400826,Medium Risk,short tenure; Department = Production; desired salary at hire,Key drivers: short tenure and Department = Production. Recommended: provide onboarding/mentorship support given short tenure; review compensation against market benchmarks. Monitor and follow up.
1775,Julie,Cochran,Production Technician I,Production,TNS,Contract,Male,1.18,29.0,2,4,3,Fully Meets,3,0.5161334245824891,Medium Risk,short tenure; Department = Production; low performance rating,Key drivers: short tenure and Department = Production. Recommended: provide onboarding/mentorship support given short tenure; offer coaching or a targeted development plan. Monitor and follow up.
1993,Emmanuel,Huang,Production Technician II,Production,EW,Full-Time,Female,0.33,54.0,2,5,4,Fully Meets,3,0.5161275808017949,Medium Risk,short tenure; Department = Production; low performance rating,Key drivers: short tenure and Department = Production. Recommended: provide onboarding/mentorship support given short tenure; offer coaching or a targeted development plan. Monitor and follow up.
2458,Angelica,Gamble,President & CEO,Production,PYZ,Part-Time,Male,1.42,47.0,3,5,1,Fully Meets,2,0.5159798051871997,Medium Risk,short tenure; Department = Production; training investment,Key drivers: short tenure and Department = Production. Recommended: provide onboarding/mentorship support given short tenure. Monitor and follow up.
3066,Vicente,Davis,Production Technician I,Production,MSC,Full-Time,Male,0.23,59.0,4,5,1,Fully Meets,1,0.5157726142618461,Medium Risk,short tenure; Department = Production; Employee = Full-Time,Key drivers: short tenure and Department = Production. Recommended: provide onboarding/mentorship support given short tenure. Monitor and follow up.
3055,Matthias,Simon,Production Technician I,Production,EW,Part-Time,Male,0.94,39.0,1,5,3,Fully Meets,2,0.5152774765340141,Medium Risk,short tenure; Department = Production; education level,Key drivers: short tenure and Department = Production. Recommended: provide onboarding/mentorship support given short tenure. Monitor and follow up.
2835,Liberty,Poole,Production Technician I,Production,EW,Contract,Female,1.62,31.0,5,4,3,Fully Meets,5,0.5152402181527437,Medium Risk,short tenure; Department = Production; Gender = Female,Key drivers: short tenure and Department = Production. Recommended: provide onboarding/mentorship support given short tenure. Monitor and follow up.
1791,Marvin,Abbott,Production Technician I,Production,MSC,Contract,Female,2.14,45.0,5,4,3,Fully Meets,3,0.5152251881837256,Medium Risk,short tenure; Department = Production; low performance rating,Key drivers: short tenure and Department = Production. Recommended: provide onboarding/mentorship support given short tenure; offer coaching or a targeted development plan. Monitor and follow up.
1091,Carl,Desimone,Production Technician I,Production,PYZ,Contract,Male,2.38,40.0,4,2,3,Fully Meets,3,0.5150956960783639,Medium Risk,short tenure; Department = Production; low performance rating,Key drivers: short tenure and Department = Production. Recommended: provide onboarding/mentorship support given short tenure; offer coaching or a targeted development plan. Monitor and follow up.
1485,Krystal,Atkinson,Production Technician I,Production,PL,Contract,Female,2.08,55.0,2,1,1,Exceeds,3,0.5150616374702585,Medium Risk,short tenure; Department = Production; low performance rating,Key drivers: short tenure and Department = Production. Recommended: provide onboarding/mentorship support given short tenure; offer coaching or a targeted development plan. Monitor and follow up.
2359,Jaylyn,Contreras,Production Manager,Production,SVG,Full-Time,Female,2.17,30.0,4,4,3,Fully Meets,2,0.5147530890960897,Medium Risk,short tenure; Department = Production; PayZone = Zone B,Key drivers: short tenure and Department = Production. Recommended: provide onboarding/mentorship support given short tenure. Monitor and follow up.
3597,Brenton,Monroe,Production Technician II,Production,PYZ,Contract,Female,0.85,40.0,4,5,4,Fully Meets,1,0.514697953816557,Medium Risk,short tenure; Department = Production; Gender = Female,Key drivers: short tenure and Department = Production. Recommended: provide onboarding/mentorship support given short tenure. Monitor and follow up.
3019,Elyse,Morrow,Production Technician I,Production,SVG,Contract,Female,1.22,47.0,4,3,2,PIP,2,0.5145261530356301,Medium Risk,short tenure; Department = Production; Gender = Female,Key drivers: short tenure and Department = Production. Recommended: provide onboarding/mentorship support given short tenure. Monitor and follow up.
3759,Gabriella,Warner,Production Technician I,Production,EW,Contract,Male,0.4,68.0,4,3,1,Fully Meets,1,0.5144849164086162,Medium Risk,short tenure; Department = Production; PayZone = Zone B,Key drivers: short tenure and Department = Production. Recommended: provide onboarding/mentorship support given short tenure. Monitor and follow up.
2167,Kendrick,Ashley,Production Technician II,Production,SVG,Part-Time,Female,1.61,35.0,4,2,2,Exceeds,3,0.5141380286718222,Medium Risk,short tenure; Department = Production; low performance rating,Key drivers: short tenure and Department = Production. Recommended: provide onboarding/mentorship support given short tenure; offer coaching or a targeted development plan. Monitor and follow up.
3667,Leyla,Warren,Production Technician I,Production,WBL,Part-Time,Male,0.38,28.0,1,1,2,Fully Meets,3,0.513495254426546,Medium Risk,short tenure; Department = Production; low performance rating,Key drivers: short tenure and Department = Production. Recommended: provide onboarding/mentorship support given short tenure; offer coaching or a targeted development plan. Monitor and follow up.
2190,Kimberly,Horn,Production Technician II,Production,SVG,Part-Time,Female,0.14,42.0,2,5,3,Needs Improvement,5,0.5132738127404349,Medium Risk,short tenure; Department = Production; low performance rating,Key drivers: short tenure and Department = Production. Recommended: provide onboarding/mentorship support given short tenure; offer coaching or a targeted development plan. Monitor and follow up.
2897,Aidyn,Cuevas,Production Technician I,Production,SVG,Full-Time,Female,1.33,63.0,5,3,2,Fully Meets,4,0.512903794156281,Medium Risk,short tenure; Department = Production; low performance rating,Key drivers: short tenure and Department = Production. Recommended: provide onboarding/mentorship support given short tenure; offer coaching or a targeted development plan. Monitor and follow up.
2860,Maria,Cameron,Production Technician I,Production,EW,Part-Time,Male,0.12,65.0,1,2,4,Fully Meets,2,0.5127422157338233,Medium Risk,short tenure; Department = Production; desired salary at hire,Key drivers: short tenure and Department = Production. Recommended: provide onboarding/mentorship support given short tenure; review compensation against market benchmarks. Monitor and follow up.
1087,Delaney,Bruce,Software Engineer,Software Engineering,TNS,Part-Time,Female,1.07,52.0,5,1,2,Fully Meets,3,0.5127311579993882,Medium Risk,short tenure; low performance rating; Department = Software Engineering,Key drivers: short tenure and low performance rating. Recommended: provide onboarding/mentorship support given short tenure; offer coaching or a targeted development plan. Monitor and follow up.
2195,Josie,Mercer,Production Technician I,Production,BPC,Contract,Female,0.1,72.0,5,1,1,Needs Improvement,2,0.5125558411070358,Medium Risk,short tenure; Department = Production; Gender = Female,Key drivers: short tenure and Department = Production. Recommended: provide onboarding/mentorship support given short tenure. Monitor and follow up.
3279,Jonas,Everett,Production Technician II,Production,BPC,Full-Time,Male,1.84,32.0,2,5,1,Fully Meets,5,0.5124741463497421,Medium Risk,short tenure; Department = Production; BusinessUnit = BPC,Key drivers: short tenure and Department = Production. Recommended: provide onboarding/mentorship support given short tenure. Monitor and follow up.
2976,Richard,Newman,Production Technician I,Production,TNS,Full-Time,Male,0.16,35.0,3,4,1,Fully Meets,1,0.5122990728766059,Medium Risk,short tenure; Department = Production; Employee = Full-Time,Key drivers: short tenure and Department = Production. Recommended: provide onboarding/mentorship support given short tenure. Monitor and follow up.
1082,Taylor,Sanders,Software Engineer,Software Engineering,MSC,Part-Time,Male,1.82,50.0,4,1,1,Fully Meets,3,0.5115119132488263,Medium Risk,short tenure; low performance rating; Department = Software Engineering,Key drivers: short tenure and low performance rating. Recommended: provide onboarding/mentorship support given short tenure; offer coaching or a targeted development plan. Monitor and follow up.
3254,Charlie,Carson,Production Technician I,Production,BPC,Full-Time,Male,1.38,37.0,4,2,1,Fully Meets,3,0.5113098569039398,Medium Risk,short tenure; Department = Production; low performance rating,Key drivers: short tenure and Department = Production. Recommended: provide onboarding/mentorship support given short tenure; offer coaching or a targeted development plan. Monitor and follow up.
3346,Kadyn,Bush,Production Technician II,Production,SVG,Part-Time,Female,0.87,69.0,3,5,2,Fully Meets,2,0.5112899524690454,Medium Risk,short tenure; Department = Production; PayZone = Zone B,Key drivers: short tenure and Department = Production. Recommended: provide onboarding/mentorship support given short tenure. Monitor and follow up.
2799,Makenna,Foster,Production Technician I,Production,CCDR,Part-Time,Male,1.41,38.0,1,2,1,Fully Meets,2,0.5111867994793806,Medium Risk,short tenure; Department = Production; PayZone = Zone A,Key drivers: short tenure and Department = Production. Recommended: provide onboarding/mentorship support given short tenure. Monitor and follow up.
2205,Gia,Franco,Production Technician I,Production,BPC,Full-Time,Female,1.3,83.0,3,2,5,Needs Improvement,4,0.510775856693217,Medium Risk,short tenure; Department = Production; PayZone = Zone B,Key drivers: short tenure and Department = Production. Recommended: provide onboarding/mentorship support given short tenure. Monitor and follow up.
3729,Heaven,Walls,Production Technician I,Production,BPC,Contract,Male,0.57,84.0,5,4,3,Fully Meets,3,0.5100818127503618,Medium Risk,short tenure; Department = Production; low performance rating,Key drivers: short tenure and Department = Production. Recommended: provide onboarding/mentorship support given short tenure; offer coaching or a targeted development plan. Monitor and follow up.
2450,Vivian,Bright,Production Manager,Production,TNS,Full-Time,Male,0.1,30.0,3,5,2,Fully Meets,1,0.5098831717532799,Medium Risk,short tenure; Department = Production; Employee = Full-Time,Key drivers: short tenure and Department = Production. Recommended: provide onboarding/mentorship support given short tenure. Monitor and follow up.
2138,Wilson,Sloan,Production Technician II,Production,EW,Contract,Female,1.6,60.0,5,1,2,Exceeds,2,0.5096583340438239,Medium Risk,short tenure; Department = Production; Gender = Female,Key drivers: short tenure and Department = Production. Recommended: provide onboarding/mentorship support given short tenure. Monitor and follow up.
1433,Alijah,Singh,Production Technician I,Production,SVG,Part-Time,Female,0.64,31.0,1,5,3,Needs Improvement,3,0.5093985586375304,Medium Risk,short tenure; Department = Production; low performance rating,Key drivers: short tenure and Department = Production. Recommended: provide onboarding/mentorship support given short tenure; offer coaching or a targeted development plan. Monitor and follow up.
3807,Mayra,Moss,Production Technician I,Production,EW,Contract,Male,0.15,62.0,5,4,4,Fully Meets,3,0.5093684783015963,Medium Risk,short tenure; Department = Production; low performance rating,Key drivers: short tenure and Department = Production. Recommended: provide onboarding/mentorship support given short tenure; offer coaching or a targeted development plan. Monitor and follow up.
2157,Ansley,Arias,Production Technician I,Production,NEL,Contract,Female,1.6,76.0,2,4,5,Exceeds,4,0.5087997091918063,Medium Risk,short tenure; Department = Production; Gender = Female,Key drivers: short tenure and Department = Production. Recommended: provide onboarding/mentorship support given short tenure. Monitor and follow up.
3683,Kai,Gaines,Production Technician I,Production,WBL,Part-Time,Male,0.11,71.0,1,2,5,Fully Meets,3,0.5087091384871083,Medium Risk,short tenure; Department = Production; low performance rating,Key drivers: short tenure and Department = Production. Recommended: provide onboarding/mentorship support given short tenure; offer coaching or a targeted development plan. Monitor and follow up.
2389,Keshawn,Singh,Data Analyst,Production,EW,Contract,Male,1.63,50.0,4,1,2,Fully Meets,2,0.5079039637637613,Medium Risk,short tenure; Department = Production; age,Key drivers: short tenure and Department = Production. Recommended: provide onboarding/mentorship support given short tenure. Monitor and follow up.
1488,Annie,Peters,Production Technician I,Production,SVG,Part-Time,Female,1.77,63.0,2,2,4,Fully Meets,3,0.5077586590346043,Medium Risk,short tenure; Department = Production; low performance rating,Key drivers: short tenure and Department = Production. Recommended: provide onboarding/mentorship support given short tenure; offer coaching or a targeted development plan. Monitor and follow up.
3044,Cullen,Ruiz,Production Technician I,Production,TNS,Contract,Male,0.34,60.0,1,1,3,Exceeds,2,0.5075196266287256,Medium Risk,short tenure; Department = Production; desired salary at hire,Key drivers: short tenure and Department = Production. Recommended: provide onboarding/mentorship support given short tenure; review compensation against market benchmarks. Monitor and follow up.
3588,Selena,Greer,Production Technician I,Production,NEL,Full-Time,Male,0.14,54.0,2,4,1,Fully Meets,2,0.5072653869768364,Medium Risk,short tenure; Department = Production; Employee = Full-Time,Key drivers: short tenure and Department = Production. Recommended: provide onboarding/mentorship support given short tenure. Monitor and follow up.
1564,Cesar,House,Production Technician I,Production,SVG,Contract,Male,0.23,35.0,1,4,4,Exceeds,3,0.507176592034774,Medium Risk,short tenure; Department = Production; low performance rating,Key drivers: short tenure and Department = Production. Recommended: provide onboarding/mentorship support given short tenure; offer coaching or a targeted development plan. Monitor and follow up.
2213,Branden,Khan,IT Support,IT/IS,EW,Part-Time,Female,0.15,61.0,4,1,2,Exceeds,5,0.5069510981987799,Medium Risk,short tenure; JobFunctionDescription = Shop; low satisfaction score,Key drivers: short tenure and JobFunctionDescription = Shop. Recommended: schedule a 1:1 to discuss engagement and career goals; provide onboarding/mentorship support given short tenure. Monitor and follow up.
2764,Francesco A,Barone,Production Technician I,Production,WBL,Part-Time,Male,0.13,33.0,4,2,3,Fully Meets,2,0.5069280274793245,Medium Risk,short tenure; Department = Production; education level,Key drivers: short tenure and Department = Production. Recommended: provide onboarding/mentorship support given short tenure. Monitor and follow up.
2368,Clinton,Brennan,President & CEO,Production,PYZ,Full-Time,Female,2.54,76.0,2,5,1,Fully Meets,1,0.5062797912512689,Medium Risk,short tenure; Department = Production; Gender = Female,Key drivers: short tenure and Department = Production. Recommended: provide onboarding/mentorship support given short tenure. Monitor and follow up.
1800,Kyan,Morrison,Production Technician I,Production,TNS,Part-Time,Female,1.5,50.0,3,4,5,Fully Meets,3,0.5060190369680136,Medium Risk,short tenure; Department = Production; low performance rating,Key drivers: short tenure and Department = Production. Recommended: provide onboarding/mentorship support given short tenure; offer coaching or a targeted development plan. Monitor and follow up.
3186,Kaila,Flowers,Production Technician I,Production,PL,Part-Time,Female,1.19,59.0,2,5,3,Fully Meets,2,0.5058384327714089,Medium Risk,short tenure; Department = Production; Gender = Female,Key drivers: short tenure and Department = Production. Recommended: provide onboarding/mentorship support given short tenure. Monitor and follow up.
1293,Lawrence,Cross,Production Technician I,Production,CCDR,Contract,Female,1.91,33.0,3,2,2,Fully Meets,3,0.5050677827742455,Medium Risk,short tenure; Department = Production; low performance rating,Key drivers: short tenure and Department = Production. Recommended: provide onboarding/mentorship support given short tenure; offer coaching or a targeted development plan. Monitor and follow up.
2097,Parker,Fritz,Production Technician II,Production,WBL,Part-Time,Female,0.34,62.0,1,2,4,PIP,2,0.5046963527548496,Medium Risk,short tenure; Department = Production; Gender = Female,Key drivers: short tenure and Department = Production. Recommended: provide onboarding/mentorship support given short tenure. Monitor and follow up.
2286,Brannon,Miller,Production Manager,Production,NEL,Contract,Male,2.32,45.0,4,4,4,Fully Meets,2,0.5044635547065545,Medium Risk,short tenure; Department = Production; JobFunctionDescription = Specialist,Key drivers: short tenure and Department = Production. Recommended: provide onboarding/mentorship support given short tenure. Monitor and follow up.
2821,Marin,Mosley,Production Technician I,Production,PL,Full-Time,Male,2.01,28.0,5,2,5,Fully Meets,2,0.5041134316140724,Medium Risk,short tenure; Department = Production; PayZone = Zone B,Key drivers: short tenure and Department = Production. Recommended: provide onboarding/mentorship support given short tenure. Monitor and follow up.
3065,Anna,Salazar,Production Technician I,Production,EW,Part-Time,Female,0.42,50.0,1,3,2,Fully Meets,4,0.5040134871253535,Medium Risk,short tenure; Department = Production; Division = Field Operations,Key drivers: short tenure and Department = Production. Recommended: provide onboarding/mentorship support given short tenure. Monitor and follow up.
1997,Karli,Ross,Production Technician II,Production,WBL,Part-Time,Female,0.62,36.0,3,3,2,Fully Meets,3,0.503854860395571,Medium Risk,short tenure; Department = Production; low performance rating,Key drivers: short tenure and Department = Production. Recommended: provide onboarding/mentorship support given short tenure; offer coaching or a targeted development plan. Monitor and follow up.
1981,Ayanna,Short,Production Technician I,Production,NEL,Contract,Male,2.27,33.0,4,5,3,Fully Meets,3,0.5037067107893225,Medium Risk,short tenure; Department = Production; low performance rating,Key drivers: short tenure and Department = Production. Recommended: provide onboarding/mentorship support given short tenure; offer coaching or a targeted development plan. Monitor and follow up.
3196,Karley,Michael,Production Technician I,Production,PL,Full-Time,Female,2.71,52.0,3,3,1,Fully Meets,2,0.5027371727559009,Medium Risk,short tenure; Department = Production; PayZone = Zone B,Key drivers: short tenure and Department = Production. Recommended: provide onboarding/mentorship support given short tenure. Monitor and follow up.
3576,Angela,Erilus,Production Technician II,Production,PL,Full-Time,Female,1.76,34.0,3,2,3,Exceeds,4,0.5027264058315598,Medium Risk,short tenure; Department = Production; PayZone = Zone B,Key drivers: short tenure and Department = Production. Recommended: provide onboarding/mentorship support given short tenure. Monitor and follow up.
3806,Isabella,Wilkins,Production Technician I,Production,SVG,Contract,Male,1.77,52.0,1,4,5,Fully Meets,3,0.5026319399937708,Medium Risk,short tenure; Department = Production; low performance rating,Key drivers: short tenure and Department = Production. Recommended: provide onboarding/mentorship support given short tenure; offer coaching or a targeted development plan. Monitor and follow up.
3296,Isis,Brooks,Production Technician I,Production,BPC,Part-Time,Male,0.75,79.0,4,1,5,PIP,2,0.5024439825698408,Medium Risk,short tenure; Department = Production; BusinessUnit = BPC,Key drivers: short tenure and Department = Production. Recommended: provide onboarding/mentorship support given short tenure. Monitor and follow up.
3053,Dayana,Gregory,Production Technician II,Production,SVG,Part-Time,Female,1.54,69.0,1,2,3,Fully Meets,2,0.502425431362178,Medium Risk,short tenure; Department = Production; Gender = Female,Key drivers: short tenure and Department = Production. Recommended: provide onboarding/mentorship support given short tenure. Monitor and follow up.
2999,Travis,Cardenas,Production Technician I,Production,TNS,Contract,Male,0.77,56.0,1,2,4,Fully Meets,2,0.5021711748503738,Medium Risk,short tenure; Department = Production; training investment,Key drivers: short tenure and Department = Production. Recommended: provide onboarding/mentorship support given short tenure. Monitor and follow up.
1142,Ibrahim,Wolfe,Production Manager,Production,NEL,Full-Time,Female,2.98,34.0,4,4,4,Fully Meets,3,0.5021154503572638,Medium Risk,Department = Production; low satisfaction score; Gender = Female,Key drivers: Department = Production and low satisfaction score. Recommended: schedule a 1:1 to discuss engagement and career goals. Monitor and follow up.
3754,Arielle,Potts,Production Technician I,Production,NEL,Full-Time,Male,1.65,48.0,3,3,5,Fully Meets,1,0.5020110339682801,Medium Risk,short tenure; Department = Production; Employee = Full-Time,Key drivers: short tenure and Department = Production. Recommended: provide onboarding/mentorship support given short tenure. Monitor and follow up.
3235,Emmett,York,Production Technician I,Production,EW,Contract,Male,0.82,63.0,4,3,1,Fully Meets,2,0.5020082767992963,Medium Risk,short tenure; Department = Production; JobFunctionDescription = Engineer,Key drivers: short tenure and Department = Production. Recommended: provide onboarding/mentorship support given short tenure. Monitor and follow up.
2850,Carleigh,Schultz,Production Technician I,Production,EW,Full-Time,Male,0.03,54.0,1,4,4,Exceeds,1,0.501548754595496,Medium Risk,short tenure; Department = Production; Employee = Full-Time,Key drivers: short tenure and Department = Production. Recommended: provide onboarding/mentorship support given short tenure. Monitor and follow up.
3014,Amelia,Gamble,Production Technician I,Production,EW,Contract,Male,0.04,59.0,4,3,2,PIP,2,0.5011532280614975,Medium Risk,short tenure; Department = Production; training investment,Key drivers: short tenure and Department = Production. Recommended: provide onboarding/mentorship support given short tenure. Monitor and follow up.
3125,Boston,Cochran,Production Technician I,Production,PYZ,Part-Time,Male,0.95,34.0,5,3,4,Fully Meets,4,0.5011135459777422,Medium Risk,short tenure; Department = Production; low performance rating,Key drivers: short tenure and Department = Production. Recommended: provide onboarding/mentorship support given short tenure; offer coaching or a targeted development plan. Monitor and follow up.
3369,Mylie,Callahan,Production Technician II,Production,SVG,Part-Time,Female,0.66,76.0,5,2,4,Exceeds,2,0.5008245149343415,Medium Risk,short tenure; Department = Production; Gender = Female,Key drivers: short tenure and Department = Production. Recommended: provide onboarding/mentorship support given short tenure. Monitor and follow up.
2940,Larissa,Taylor,Production Technician I,Production,EW,Contract,Female,2.77,54.0,1,5,3,Needs Improvement,5,0.5007301550783883,Medium Risk,short tenure; Department = Production; Gender = Female,Key drivers: short tenure and Department = Production. Recommended: provide onboarding/mentorship support given short tenure. Monitor and follow up.
2854,Eileen,Beard,Production Technician I,Production,PYZ,Part-Time,Female,0.98,81.0,3,1,4,Needs Improvement,2,0.5004658828250536,Medium Risk,short tenure; Department = Production; desired salary at hire,Key drivers: short tenure and Department = Production. Recommended: provide onboarding/mentorship support given short tenure; review compensation against market benchmarks. Monitor and follow up.
3127,Lillianna,Hull,Production Technician I,Production,NEL,Part-Time,Male,0.48,35.0,5,4,5,Fully Meets,2,0.5002001077331372,Medium Risk,short tenure; Department = Production; education level,Key drivers: short tenure and Department = Production. Recommended: provide onboarding/mentorship support given short tenure. Monitor and follow up.
3386,Darnell,Shelton,Production Technician II,Production,WBL,Contract,Female,1.18,31.0,1,2,5,Fully Meets,2,0.5001681873939355,Medium Risk,short tenure; Department = Production; Gender = Female,Key drivers: short tenure and Department = Production. Recommended: provide onboarding/mentorship support given short tenure. Monitor and follow up.
1921,Kenya,Decker,Production Technician I,Production,WBL,Contract,Male,1.82,32.0,2,3,5,Fully Meets,3,0.49976753795396445,Medium Risk,short tenure; Department = Production; low performance rating,Key drivers: short tenure and Department = Production. Recommended: provide onboarding/mentorship support given short tenure; offer coaching or a targeted development plan. Monitor and follow up.
2431,Elvis,Kaufman,Production Manager,Production,SVG,Contract,Female,0.84,84.0,2,4,5,Fully Meets,4,0.4997173713105207,Medium Risk,short tenure; Department = Production; low performance rating,Key drivers: short tenure and Department = Production. Recommended: provide onboarding/mentorship support given short tenure; offer coaching or a targeted development plan. Monitor and follow up.
2134,Beatrice,Faulkner,Production Technician I,Production,SVG,Part-Time,Female,1.25,25.0,2,4,5,Exceeds,2,0.4995976808747312,Medium Risk,short tenure; Department = Production; Gender = Female,Key drivers: short tenure and Department = Production. Recommended: provide onboarding/mentorship support given short tenure. Monitor and follow up.
2840,Jordon,Wyatt,Production Technician I,Production,NEL,Contract,Male,0.06,26.0,2,3,3,Fully Meets,2,0.4995765621392299,Medium Risk,short tenure; Department = Production; BusinessUnit = NEL,Key drivers: short tenure and Department = Production. Recommended: provide onboarding/mentorship support given short tenure. Monitor and follow up.
2034,Jaliyah,Conway,Production Technician I,Production,BPC,Full-Time,Female,1.94,80.0,4,2,1,Fully Meets,3,0.4993637685113531,Medium Risk,short tenure; Department = Production; low performance rating,Key drivers: short tenure and Department = Production. Recommended: provide onboarding/mentorship support given short tenure; offer coaching or a targeted development plan. Monitor and follow up.
1886,Ahmed,Montgomery,Production Technician I,Production,SVG,Contract,Male,0.42,42.0,2,3,5,Fully Meets,3,0.4992774496367462,Medium Risk,short tenure; Department = Production; low performance rating,Key drivers: short tenure and Department = Production. Recommended: provide onboarding/mentorship support given short tenure; offer coaching or a targeted development plan. Monitor and follow up.
2847,Mallory,Carey,Production Technician II,Production,CCDR,Part-Time,Female,0.58,60.0,2,1,2,Fully Meets,2,0.4990877902675903,Medium Risk,short tenure; Department = Production; Gender = Female,Key drivers: short tenure and Department = Production. Recommended: provide onboarding/mentorship support given short tenure. Monitor and follow up.
3661,Reagan,Brennan,Production Technician I,Production,MSC,Contract,Male,0.52,74.0,2,3,5,Fully Meets,3,0.4989694393200355,Medium Risk,short tenure; Department = Production; low performance rating,Key drivers: short tenure and Department = Production. Recommended: provide onboarding/mentorship support given short tenure; offer coaching or a targeted development plan. Monitor and follow up.
3078,Makaila,Baxter,Production Technician I,Production,SVG,Contract,Male,2.23,66.0,1,1,5,Fully Meets,1,0.4987385095659677,Medium Risk,short tenure; Department = Production; PayZone = Zone B,Key drivers: short tenure and Department = Production. Recommended: provide onboarding/mentorship support given short tenure. Monitor and follow up.
3670,Sandra,Atkinson,Production Technician II,Production,SVG,Full-Time,Female,0.62,58.0,2,2,3,Needs Improvement,3,0.4985340981786831,Medium Risk,short tenure; Department = Production; low performance rating,Key drivers: short tenure and Department = Production. Recommended: provide onboarding/mentorship support given short tenure; offer coaching or a targeted development plan. Monitor and follow up.
1465,Dean,Winters,Production Technician I,Production,PL,Part-Time,Female,0.93,68.0,1,1,3,Exceeds,3,0.4985019965539929,Medium Risk,short tenure; Department = Production; low performance rating,Key drivers: short tenure and Department = Production. Recommended: provide onboarding/mentorship support given short tenure; offer coaching or a targeted development plan. Monitor and follow up.
2198,Landyn,Velez,Production Technician I,Production,EW,Contract,Female,0.04,63.0,4,2,2,Exceeds,1,0.49833825193200615,Medium Risk,short tenure; Department = Production; Gender = Female,Key drivers: short tenure and Department = Production. Recommended: provide onboarding/mentorship support given short tenure. Monitor and follow up.
2779,Lilly,Huynh,Production Technician I,Production,NEL,Contract,Male,0.53,69.0,1,4,1,Fully Meets,2,0.49826243324005287,Medium Risk,short tenure; Department = Production; BusinessUnit = NEL,Key drivers: short tenure and Department = Production. Recommended: provide onboarding/mentorship support given short tenure. Monitor and follow up.
3778,Semaj,Griffith,Production Technician I,Production,SVG,Full-Time,Male,0.32,34.0,5,1,3,Fully Meets,3,0.4977621993314718,Medium Risk,short tenure; Department = Production; low performance rating,Key drivers: short tenure and Department = Production. Recommended: provide onboarding/mentorship support given short tenure; offer coaching or a targeted development plan. Monitor and follow up.
3390,Lizeth,Middleton,Production Technician II,Production,CCDR,Part-Time,Female,0.21,58.0,4,2,2,Fully Meets,1,0.4973771923584899,Medium Risk,short tenure; Department = Production; low satisfaction score,Key drivers: short tenure and Department = Production. Recommended: schedule a 1:1 to discuss engagement and career goals; provide onboarding/mentorship support given short tenure. Monitor and follow up.
3675,Mario,Mays,Production Technician II,Production,CCDR,Full-Time,Female,2.56,74.0,3,5,2,Fully Meets,3,0.49730752723847177,Medium Risk,short tenure; Department = Production; low performance rating,Key drivers: short tenure and Department = Production. Recommended: provide onboarding/mentorship support given short tenure; offer coaching or a targeted development plan. Monitor and follow up.
2404,Alena,Ibarra,Production Manager,Production,CCDR,Contract,Female,0.59,77.0,3,3,1,Fully Meets,2,0.4971774240701219,Medium Risk,short tenure; Department = Production; Gender = Female,Key drivers: short tenure and Department = Production. Recommended: provide onboarding/mentorship support given short tenure. Monitor and follow up.
3149,Teagan,Stevens,Production Technician I,Production,NEL,Full-Time,Female,2.09,43.0,1,2,4,Exceeds,2,0.4968256464086926,Medium Risk,short tenure; Department = Production; Employee = Full-Time,Key drivers: short tenure and Department = Production. Recommended: provide onboarding/mentorship support given short tenure. Monitor and follow up.
3157,Deegan,Pham,Production Technician II,Production,TNS,Contract,Female,2.69,42.0,1,4,3,Exceeds,5,0.4965595435735738,Medium Risk,short tenure; Department = Production; low performance rating,Key drivers: short tenure and Department = Production. Recommended: provide onboarding/mentorship support given short tenure; offer coaching or a targeted development plan. Monitor and follow up.
2815,Luke,Burke,Production Technician I,Production,EW,Contract,Female,3.01,48.0,5,2,3,Fully Meets,4,0.49593187937630245,Medium Risk,Department = Production; low performance rating; desired salary at hire,Key drivers: Department = Production and low performance rating. Recommended: offer coaching or a targeted development plan; review compensation against market benchmarks. Monitor and follow up.
2935,Pablo,Yates,Production Technician I,Production,NEL,Contract,Male,2.59,31.0,1,5,1,Fully Meets,5,0.4959186405521304,Medium Risk,short tenure; Department = Production; low performance rating,Key drivers: short tenure and Department = Production. Recommended: provide onboarding/mentorship support given short tenure; offer coaching or a targeted development plan. Monitor and follow up.
2143,Adelaide,Meyer,Production Technician II,Production,SVG,Contract,Female,2.33,32.0,1,2,1,Exceeds,1,0.49587049456090054,Medium Risk,short tenure; Department = Production; Gender = Female,Key drivers: short tenure and Department = Production. Recommended: provide onboarding/mentorship support given short tenure. Monitor and follow up.
3341,Konner,Sheppard,Production Technician II,Production,WBL,Full-Time,Female,0.28,71.0,5,3,3,Fully Meets,1,0.4956713318177692,Medium Risk,short tenure; Department = Production; Gender = Female,Key drivers: short tenure and Department = Production. Recommended: provide onboarding/mentorship support given short tenure. Monitor and follow up.
2872,Greta,Horne,Production Technician I,Production,PL,Contract,Male,0.89,59.0,5,3,1,Fully Meets,2,0.4950495008283928,Medium Risk,short tenure; Department = Production; low satisfaction score,Key drivers: short tenure and Department = Production. Recommended: schedule a 1:1 to discuss engagement and career goals; provide onboarding/mentorship support given short tenure. Monitor and follow up.
2358,Summer,Huang,Production Manager,Production,PYZ,Part-Time,Male,2.54,33.0,3,5,3,Fully Meets,4,0.49487007143472944,Medium Risk,short tenure; Department = Production; low performance rating,Key drivers: short tenure and Department = Production. Recommended: provide onboarding/mentorship support given short tenure; offer coaching or a targeted development plan. Monitor and follow up.
1272,Dawson,Pratt,Production Technician I,Production,WBL,Full-Time,Female,1.43,55.0,2,4,3,Fully Meets,3,0.49354572114113143,Medium Risk,short tenure; Department = Production; low performance rating,Key drivers: short tenure and Department = Production. Recommended: provide onboarding/mentorship support given short tenure; offer coaching or a targeted development plan. Monitor and follow up.
1478,Kamron,Doyle,Production Technician I,Production,SVG,Part-Time,Female,2.42,73.0,1,1,3,Exceeds,3,0.4935228175880993,Medium Risk,short tenure; Department = Production; low performance rating,Key drivers: short tenure and Department = Production. Recommended: provide onboarding/mentorship support given short tenure; offer coaching or a targeted development plan. Monitor and follow up.
2382,Davion,Friedman,Production Manager,Production,WBL,Part-Time,Male,0.03,83.0,3,4,4,Fully Meets,1,0.4926166151483781,Medium Risk,short tenure; Department = Production; education level,Key drivers: short tenure and Department = Production. Recommended: provide onboarding/mentorship support given short tenure. Monitor and follow up.
2954,Weston,Ramsey,Production Technician I,Production,WBL,Part-Time,Female,2.24,71.0,2,5,1,Fully Meets,2,0.49241628112457275,Medium Risk,short tenure; Department = Production; Gender = Female,Key drivers: short tenure and Department = Production. Recommended: provide onboarding/mentorship support given short tenure. Monitor and follow up.
2941,Aryanna,Larson,Production Technician I,Production,MSC,Part-Time,Male,0.3,32.0,2,5,5,Needs Improvement,2,0.4922317145382197,Medium Risk,short tenure; Department = Production; desired salary at hire,Key drivers: short tenure and Department = Production. Recommended: provide onboarding/mentorship support given short tenure; review compensation against market benchmarks. Monitor and follow up.
3233,Julia,Vargas,Production Technician I,Production,CCDR,Contract,Male,0.01,57.0,3,5,1,Fully Meets,2,0.492168964813598,Medium Risk,short tenure; Department = Production; JobFunctionDescription = Engineer,Key drivers: short tenure and Department = Production. Recommended: provide onboarding/mentorship support given short tenure. Monitor and follow up.
2137,Carlos,Murphy,Production Technician II,Production,CCDR,Contract,Female,0.04,64.0,3,1,3,Exceeds,5,0.4919992909634329,Medium Risk,short tenure; Department = Production; training investment,Key drivers: short tenure and Department = Production. Recommended: provide onboarding/mentorship support given short tenure. Monitor and follow up.
3776,Jacqueline,Hendrix,Production Technician I,Production,WBL,Contract,Male,0.04,46.0,1,4,5,Fully Meets,3,0.49197077925114163,Medium Risk,short tenure; Department = Production; low performance rating,Key drivers: short tenure and Department = Production. Recommended: provide onboarding/mentorship support given short tenure; offer coaching or a targeted development plan. Monitor and follow up.
1051,Devon,Hinton,Software Engineer,Software Engineering,PYZ,Full-Time,Male,0.76,45.0,4,2,5,Fully Meets,3,0.4913621406626491,Medium Risk,short tenure; Department = Software Engineering; low performance rating,Key drivers: short tenure and Department = Software Engineering. Recommended: provide onboarding/mentorship support given short tenure; offer coaching or a targeted development plan. Monitor and follow up.
1273,Michaela,Smith,Production Manager,Production,NEL,Contract,Female,0.24,69.0,4,1,2,Fully Meets,3,0.4912433583877543,Medium Risk,short tenure; Department = Production; low performance rating,Key drivers: short tenure and Department = Production. Recommended: provide onboarding/mentorship support given short tenure; offer coaching or a targeted development plan. Monitor and follow up.
3693,Amya,Vega,Production Technician II,Production,SVG,Part-Time,Female,1.28,49.0,1,3,1,Exceeds,2,0.49115929934199953,Medium Risk,short tenure; Department = Production; Gender = Female,Key drivers: short tenure and Department = Production. Recommended: provide onboarding/mentorship support given short tenure. Monitor and follow up.
3070,Malakai,Shelton,Production Technician II,Production,BPC,Full-Time,Female,1.58,54.0,5,1,4,Fully Meets,1,0.4910974226552522,Medium Risk,short tenure; Department = Production; BusinessUnit = BPC,Key drivers: short tenure and Department = Production. Recommended: provide onboarding/mentorship support given short tenure. Monitor and follow up.
3405,Selina,Jefferson,Production Technician I,Production,WBL,Contract,Female,2.77,47.0,1,2,1,Fully Meets,1,0.4905316205342286,Medium Risk,short tenure; Department = Production; Gender = Female,Key drivers: short tenure and Department = Production. Recommended: provide onboarding/mentorship support given short tenure. Monitor and follow up.
3121,Moriah,Dodson,Production Technician I,Production,PYZ,Part-Time,Female,0.31,77.0,1,4,3,Fully Meets,4,0.49039940806927224,Medium Risk,short tenure; Department = Production; desired salary at hire,Key drivers: short tenure and Department = Production. Recommended: provide onboarding/mentorship support given short tenure; review compensation against market benchmarks. Monitor and follow up.
1003,Keyla,Del Bosque,Software Engineer,Software Engineering,WBL,Contract,Female,0.02,53.0,5,2,2,Fully Meets,3,0.4901987740006408,Medium Risk,short tenure; low performance rating; low satisfaction score,Key drivers: short tenure and low performance rating. Recommended: schedule a 1:1 to discuss engagement and career goals; provide onboarding/mentorship support given short tenure; offer coaching or a targeted development plan. Monitor and follow up.
1032,Kiley,Haynes,Software Engineer,Software Engineering,PYZ,Full-Time,Male,0.35,72.0,4,5,4,Fully Meets,3,0.49003532096282754,Medium Risk,short tenure; Department = Software Engineering; low performance rating,Key drivers: short tenure and Department = Software Engineering. Recommended: provide onboarding/mentorship support given short tenure; offer coaching or a targeted development plan. Monitor and follow up.
3755,Maxwell,Howell,Production Technician I,Production,PL,Full-Time,Female,2.23,25.0,4,5,2,Fully Meets,4,0.490021221273478,Medium Risk,short tenure; Department = Production; Gender = Female,Key drivers: short tenure and Department = Production. Recommended: provide onboarding/mentorship support given short tenure. Monitor and follow up.
2818,Tripp,Sanders,Production Technician I,Production,PYZ,Part-Time,Male,0.01,63.0,3,4,3,Exceeds,2,0.48939407775623284,Medium Risk,short tenure; Department = Production; training investment,Key drivers: short tenure and Department = Production. Recommended: provide onboarding/mentorship support given short tenure. Monitor and follow up.
3113,Giselle,Calderon,Production Technician II,Production,TNS,Contract,Female,0.16,45.0,2,5,5,Fully Meets,4,0.4893805663704949,Medium Risk,short tenure; Department = Production; low performance rating,Key drivers: short tenure and Department = Production. Recommended: provide onboarding/mentorship support given short tenure; offer coaching or a targeted development plan. Monitor and follow up.
3009,Aracely,Kelly,Production Technician I,Production,EW,Part-Time,Male,2.12,29.0,2,1,4,Fully Meets,2,0.48895085986607445,Medium Risk,short tenure; Department = Production; MaritalStatus = Married,Key drivers: short tenure and Department = Production. Recommended: provide onboarding/mentorship support given short tenure. Monitor and follow up.
1294,Kara,Barnes,Production Manager,Production,EW,Part-Time,Female,0.08,56.0,4,5,2,Fully Meets,3,0.4883215115139868,Medium Risk,short tenure; Department = Production; low performance rating,Key drivers: short tenure and Department = Production. Recommended: provide onboarding/mentorship support given short tenure; offer coaching or a targeted development plan. Monitor and follow up.
2925,Kaylin,Andersen,Production Technician II,Production,CCDR,Part-Time,Male,2.86,54.0,3,1,1,Exceeds,4,0.48819549332031376,Medium Risk,short tenure; Department = Production; low performance rating,Key drivers: short tenure and Department = Production. Recommended: provide onboarding/mentorship support given short tenure; offer coaching or a targeted development plan. Monitor and follow up.
1596,Chris,Johnson,Production Technician I,Production,CCDR,Contract,Female,0.23,68.0,4,4,1,Exceeds,3,0.48797233889047276,Medium Risk,short tenure; Department = Production; low performance rating,Key drivers: short tenure and Department = Production. Recommended: provide onboarding/mentorship support given short tenure; offer coaching or a targeted development plan. Monitor and follow up.
1208,Jazlene,Mcdaniel,Production Manager,Production,NEL,Contract,Female,0.19,47.0,1,5,5,Fully Meets,3,0.48795179206608397,Medium Risk,short tenure; Department = Production; low performance rating,Key drivers: short tenure and Department = Production. Recommended: provide onboarding/mentorship support given short tenure; offer coaching or a targeted development plan. Monitor and follow up.
3620,Noel,Ramirez,Production Technician I,Production,PYZ,Part-Time,Male,0.31,32.0,2,1,2,Fully Meets,2,0.48772813715880897,Medium Risk,short tenure; Department = Production; JobFunctionDescription = Specialist,Key drivers: short tenure and Department = Production. Recommended: provide onboarding/mentorship support given short tenure. Monitor and follow up.
3010,Morgan,Velazquez,Production Technician I,Production,MSC,Part-Time,Male,1.26,79.0,5,1,5,Fully Meets,1,0.48767678099278866,Medium Risk,short tenure; Department = Production; training investment,Key drivers: short tenure and Department = Production. Recommended: provide onboarding/mentorship support given short tenure. Monitor and follow up.
2344,Jaden,Bates,Production Manager,Production,PL,Contract,Female,0.37,35.0,5,2,5,Fully Meets,1,0.4869628521034564,Medium Risk,short tenure; Department = Production; Gender = Female,Key drivers: short tenure and Department = Production. Recommended: provide onboarding/mentorship support given short tenure. Monitor and follow up.
1824,Abby,Curtis,Production Technician I,Production,BPC,Contract,Male,2.17,66.0,1,3,1,Fully Meets,3,0.48665580753499094,Medium Risk,short tenure; Department = Production; low performance rating,Key drivers: short tenure and Department = Production. Recommended: provide onboarding/mentorship support given short tenure; offer coaching or a targeted development plan. Monitor and follow up.
2301,Lauren,Keith,Production Manager,Production,PYZ,Part-Time,Female,1.47,80.0,1,3,4,Fully Meets,1,0.4865260066961913,Medium Risk,short tenure; Department = Production; desired salary at hire,Key drivers: short tenure and Department = Production. Recommended: provide onboarding/mentorship support given short tenure; review compensation against market benchmarks. Monitor and follow up.
3595,Fisher,Stafford,Production Technician I,Production,WBL,Contract,Male,1.98,74.0,3,2,1,Fully Meets,1,0.4855704262218966,Medium Risk,short tenure; Department = Production; training investment,Key drivers: short tenure and Department = Production. Recommended: provide onboarding/mentorship support given short tenure. Monitor and follow up.
1983,Ricardo,Bruce,Production Technician I,Production,BPC,Part-Time,Female,2.61,70.0,5,2,1,Fully Meets,3,0.48547158996504874,Medium Risk,short tenure; Department = Production; low performance rating,Key drivers: short tenure and Department = Production. Recommended: provide onboarding/mentorship support given short tenure; offer coaching or a targeted development plan. Monitor and follow up.
1410,Ashanti,Price,Production Technician I,Production,SVG,Contract,Female,1.17,81.0,2,2,4,Exceeds,3,0.48477162108773036,Medium Risk,short tenure; Department = Production; low performance rating,Key drivers: short tenure and Department = Production. Recommended: provide onboarding/mentorship support given short tenure; offer coaching or a targeted development plan. Monitor and follow up.
2186,Vivian,Hickman,Production Technician II,Production,NEL,Part-Time,Male,0.05,29.0,1,4,1,Exceeds,1,0.48331696614164277,Medium Risk,short tenure; Department = Production; BusinessUnit = NEL,Key drivers: short tenure and Department = Production. Recommended: provide onboarding/mentorship support given short tenure. Monitor and follow up.
3031,Reed,Brandt,Production Technician I,Production,SVG,Contract,Male,1.11,66.0,3,2,2,Fully Meets,1,0.4827082988830092,Medium Risk,short tenure; Department = Production; PayZone = Zone B,Key drivers: short tenure and Department = Production. Recommended: provide onboarding/mentorship support given short tenure. Monitor and follow up.
2165,Yasmine,Hughes,Production Technician II,Production,BPC,Contract,Female,1.11,78.0,3,5,3,Exceeds,3,0.4822049120747037,Medium Risk,short tenure; Department = Production; BusinessUnit = BPC,Key drivers: short tenure and Department = Production. Recommended: provide onboarding/mentorship support given short tenure. Monitor and follow up.
2012,Darnell,Eaton,Production Technician I,Production,MSC,Contract,Female,2.64,42.0,3,2,2,Fully Meets,3,0.4821622427241253,Medium Risk,short tenure; Department = Production; low performance rating,Key drivers: short tenure and Department = Production. Recommended: provide onboarding/mentorship support given short tenure; offer coaching or a targeted development plan. Monitor and follow up.
3631,Shaniya,Becker,Production Technician I,Production,EW,Contract,Male,0.21,79.0,1,4,5,Fully Meets,3,0.48125170608323664,Medium Risk,short tenure; Department = Production; low performance rating,Key drivers: short tenure and Department = Production. Recommended: provide onboarding/mentorship support given short tenure; offer coaching or a targeted development plan. Monitor and follow up.
1929,Rose,Travis,Production Technician I,Production,TNS,Contract,Female,3.0,38.0,1,4,3,Fully Meets,3,0.48082733056931487,Medium Risk,Department = Production; low performance rating; Gender = Female,Key drivers: Department = Production and low performance rating. Recommended: offer coaching or a targeted development plan. Monitor and follow up.
1066,Gage,Weeks,Software Engineer,Software Engineering,MSC,Full-Time,Male,1.02,45.0,3,4,5,Fully Meets,3,0.48066421108211227,Medium Risk,short tenure; Department = Software Engineering; low performance rating,Key drivers: short tenure and Department = Software Engineering. Recommended: provide onboarding/mentorship support given short tenure; offer coaching or a targeted development plan. Monitor and follow up.
1195,Savion,Stokes,Production Technician I,Production,TNS,Part-Time,Female,2.89,59.0,3,5,2,Fully Meets,3,0.4800296665527314,Medium Risk,short tenure; Department = Production; low performance rating,Key drivers: short tenure and Department = Production. Recommended: provide onboarding/mentorship support given short tenure; offer coaching or a targeted development plan. Monitor and follow up.
2499,Ali,Benjamin,Software Engineer,Software Engineering,PL,Contract,Male,0.17,37.0,5,5,3,Fully Meets,4,0.47976155935770476,Medium Risk,short tenure; low performance rating; Department = Software Engineering,Key drivers: short tenure and low performance rating. Recommended: provide onboarding/mentorship support given short tenure; offer coaching or a targeted development plan. Monitor and follow up.
2837,Jaylen,Butler,Production Technician I,Production,TNS,Part-Time,Male,1.92,82.0,1,4,4,Fully Meets,4,0.4796117230068263,Medium Risk,short tenure; Department = Production; low performance rating,Key drivers: short tenure and Department = Production. Recommended: provide onboarding/mentorship support given short tenure; offer coaching or a targeted development plan. Monitor and follow up.
3122,Connor,Bray,Production Technician I,Production,SVG,Contract,Female,0.42,80.0,1,1,5,Fully Meets,5,0.4791652976503003,Medium Risk,short tenure; Department = Production; low performance rating,Key drivers: short tenure and Department = Production. Recommended: provide onboarding/mentorship support given short tenure; offer coaching or a targeted development plan. Monitor and follow up.
2512,Lawrence,Obrien,Software Engineer,Software Engineering,PL,Part-Time,Male,0.11,59.0,4,1,2,Fully Meets,4,0.47856837283108944,Medium Risk,short tenure; Department = Software Engineering; low performance rating,Key drivers: short tenure and Department = Software Engineering. Recommended: provide onboarding/mentorship support given short tenure; offer coaching or a targeted development plan. Monitor and follow up.
2298,Terry,Gay,Production Manager,Production,WBL,Full-Time,Female,2.97,68.0,2,3,1,Fully Meets,4,0.47829541648337454,Medium Risk,Department = Production; Gender = Female; low performance rating,Key drivers: Department = Production and Gender = Female. Recommended: offer coaching or a targeted development plan. Monitor and follow up.
1523,Joel,Eaton,Production Technician I,Production,MSC,Contract,Male,2.77,55.0,4,4,3,Fully Meets,3,0.47819958919336963,Medium Risk,short tenure; Department = Production; low performance rating,Key drivers: short tenure and Department = Production. Recommended: provide onboarding/mentorship support given short tenure; offer coaching or a targeted development plan. Monitor and follow up.
1603,Ashlynn,Thompson,Production Technician II,Production,MSC,Part-Time,Male,3.25,58.0,5,2,1,Exceeds,3,0.47758873169658406,Medium Risk,Department = Production; low performance rating; education level,Key drivers: Department = Production and low performance rating. Recommended: offer coaching or a targeted development plan. Monitor and follow up.
1170,Jaylen,Serrano,Production Technician II,Production,CCDR,Part-Time,Female,3.03,75.0,5,1,4,Fully Meets,3,0.47729160596371867,Medium Risk,Department = Production; low performance rating; Gender = Female,Key drivers: Department = Production and low performance rating. Recommended: offer coaching or a targeted development plan. Monitor and follow up.
2875,Harley,Walker,Production Technician I,Production,SVG,Full-Time,Female,0.72,45.0,5,3,4,Fully Meets,4,0.47693561761746894,Medium Risk,short tenure; Department = Production; Employee = Full-Time,Key drivers: short tenure and Department = Production. Recommended: provide onboarding/mentorship support given short tenure. Monitor and follow up.
2472,Ariel,May,Production Manager,Production,EW,Full-Time,Female,3.0,51.0,2,5,3,Fully Meets,2,0.4758317866964694,Medium Risk,Department = Production; MaritalStatus = Married; Gender = Female,Key drivers: Department = Production and MaritalStatus = Married. Recommended: check in on overall engagement and role fit. Monitor and follow up.
1008,Judith,Carabbio,Software Engineer,Software Engineering,BPC,Contract,Female,0.68,45.0,2,5,2,Fully Meets,3,0.47545876453177127,Medium Risk,short tenure; low performance rating; age,Key drivers: short tenure and low performance rating. Recommended: provide onboarding/mentorship support given short tenure; offer coaching or a targeted development plan. Monitor and follow up.
2425,Alexzander,Guzman,Director of Operations,Production,MSC,Contract,Male,0.92,44.0,2,2,2,Fully Meets,2,0.4751542716865873,Medium Risk,short tenure; Department = Production; JobFunctionDescription = Driver,Key drivers: short tenure and Department = Production. Recommended: provide onboarding/mentorship support given short tenure. Monitor and follow up.
3376,Maren,Anderson,Production Technician I,Production,PL,Part-Time,Female,3.06,40.0,1,4,2,Exceeds,5,0.47413004939687803,Medium Risk,Department = Production; low performance rating; experience level,Key drivers: Department = Production and low performance rating. Recommended: offer coaching or a targeted development plan. Monitor and follow up.
3064,London,Pennington,Production Technician I,Production,SVG,Contract,Female,3.05,64.0,2,2,5,Fully Meets,4,0.47391166731892875,Medium Risk,Department = Production; education level; low performance rating,Key drivers: Department = Production and education level. Recommended: offer coaching or a targeted development plan. Monitor and follow up.
1414,Erin,Holder,Production Technician I,Production,BPC,Contract,Male,0.69,60.0,4,1,4,Exceeds,3,0.4738895684610453,Medium Risk,short tenure; Department = Production; BusinessUnit = BPC,Key drivers: short tenure and Department = Production. Recommended: provide onboarding/mentorship support given short tenure. Monitor and follow up.
2363,Kaleigh,Keller,Production Manager,Production,CCDR,Full-Time,Female,1.63,43.0,5,2,1,Fully Meets,2,0.47362874956125023,Medium Risk,short tenure; Department = Production; Gender = Female,Key drivers: short tenure and Department = Production. Recommended: provide onboarding/mentorship support given short tenure. Monitor and follow up.
2390,Barrett,Obrien,Data Analyst,Production,MSC,Part-Time,Female,1.62,83.0,5,1,4,Fully Meets,1,0.4733057245132567,Medium Risk,short tenure; Department = Production; Gender = Female,Key drivers: short tenure and Department = Production. Recommended: provide onboarding/mentorship support given short tenure. Monitor and follow up.
1597,John,Bentley,Production Technician I,Production,SVG,Part-Time,Female,2.84,28.0,1,2,4,Exceeds,3,0.4730682925854942,Medium Risk,short tenure; Department = Production; low performance rating,Key drivers: short tenure and Department = Production. Recommended: provide onboarding/mentorship support given short tenure; offer coaching or a targeted development plan. Monitor and follow up.
3147,Bobby,Levy,Production Technician I,Production,PYZ,Contract,Male,0.03,27.0,2,2,5,Fully Meets,5,0.4728140253919748,Medium Risk,short tenure; Department = Production; low performance rating,Key drivers: short tenure and Department = Production. Recommended: provide onboarding/mentorship support given short tenure; offer coaching or a targeted development plan. Monitor and follow up.
3033,Jaelynn,Salazar,Production Technician I,Production,MSC,Contract,Male,2.54,80.0,3,3,5,Fully Meets,2,0.47266018694912637,Medium Risk,short tenure; Department = Production; education level,Key drivers: short tenure and Department = Production. Recommended: provide onboarding/mentorship support given short tenure. Monitor and follow up.
2885,Humberto,Yoder,Production Technician II,Production,EW,Full-Time,Male,0.49,49.0,5,1,5,Fully Meets,1,0.4723472211322916,Medium Risk,short tenure; Department = Production; PayZone = Zone B,Key drivers: short tenure and Department = Production. Recommended: provide onboarding/mentorship support given short tenure. Monitor and follow up.
2996,Kira,Robertson,Production Technician I,Production,SVG,Contract,Female,0.17,37.0,2,3,2,Fully Meets,4,0.4723046317675542,Medium Risk,short tenure; Department = Production; low performance rating,Key drivers: short tenure and Department = Production. Recommended: provide onboarding/mentorship support given short tenure; offer coaching or a targeted development plan. Monitor and follow up.
3148,Gustavo,Durham,Production Technician I,Production,WBL,Full-Time,Male,1.55,76.0,5,4,1,Exceeds,2,0.4710023771805251,Medium Risk,short tenure; Department = Production; Employee = Full-Time,Key drivers: short tenure and Department = Production. Recommended: provide onboarding/mentorship support given short tenure. Monitor and follow up.
2892,Laila,Wiggins,Production Technician I,Production,WBL,Contract,Male,1.56,66.0,1,2,5,Fully Meets,2,0.4705577447277554,Medium Risk,short tenure; Department = Production; training investment,Key drivers: short tenure and Department = Production. Recommended: provide onboarding/mentorship support given short tenure. Monitor and follow up.
2107,Jacqueline,Black,Production Technician I,Production,NEL,Contract,Female,0.14,83.0,1,4,1,Exceeds,1,0.46932349474054236,Medium Risk,short tenure; Department = Production; Gender = Female,Key drivers: short tenure and Department = Production. Recommended: provide onboarding/mentorship support given short tenure. Monitor and follow up.
2878,Shania,Barrera,Production Technician I,Production,TNS,Part-Time,Male,0.44,69.0,3,2,3,Fully Meets,2,0.46921731476764883,Medium Risk,short tenure; Department = Production; training investment,Key drivers: short tenure and Department = Production. Recommended: provide onboarding/mentorship support given short tenure. Monitor and follow up.
3174,Roy,Pratt,Production Technician I,Production,BPC,Full-Time,Female,0.72,65.0,5,1,5,Fully Meets,5,0.46918852455510035,Medium Risk,short tenure; Department = Production; BusinessUnit = BPC,Key drivers: short tenure and Department = Production. Recommended: provide onboarding/mentorship support given short tenure. Monitor and follow up.
3581,Ross,Strickland,Production Technician I,Production,SVG,Full-Time,Male,2.44,83.0,4,3,4,Fully Meets,2,0.4690797326227304,Medium Risk,short tenure; Department = Production; low satisfaction score,Key drivers: short tenure and Department = Production. Recommended: schedule a 1:1 to discuss engagement and career goals; provide onboarding/mentorship support given short tenure. Monitor and follow up.
2971,Brigit,McCarthy,Production Technician II,Production,TNS,Contract,Female,1.09,30.0,5,3,4,Fully Meets,1,0.46898631782809314,Medium Risk,short tenure; Department = Production; Gender = Female,Key drivers: short tenure and Department = Production. Recommended: provide onboarding/mentorship support given short tenure. Monitor and follow up.
3736,Carsen,Wheeler,Production Technician I,Production,SVG,Full-Time,Male,2.42,50.0,1,3,3,Fully Meets,2,0.46860613981906124,Medium Risk,short tenure; Department = Production; Employee = Full-Time,Key drivers: short tenure and Department = Production. Recommended: provide onboarding/mentorship support given short tenure. Monitor and follow up.
3323,Lilliana,Cowan,Production Technician II,Production,SVG,Full-Time,Female,0.07,64.0,3,5,5,Fully Meets,4,0.4685844033125123,Medium Risk,short tenure; Department = Production; Employee = Full-Time,Key drivers: short tenure and Department = Production. Recommended: provide onboarding/mentorship support given short tenure. Monitor and follow up.
2876,Luka,Novak,Production Technician I,Production,EW,Part-Time,Female,3.25,69.0,3,3,2,Fully Meets,4,0.46842998983193335,Medium Risk,Department = Production; experience level; desired salary at hire,Key drivers: Department = Production and experience level. Recommended: review compensation against market benchmarks. Monitor and follow up.
3077,Asher,Miles,Production Technician I,Production,CCDR,Contract,Male,0.73,68.0,1,2,2,Fully Meets,1,0.4677404575065222,Medium Risk,short tenure; Department = Production; low engagement,Key drivers: short tenure and Department = Production. Recommended: schedule a 1:1 to discuss engagement and career goals; provide onboarding/mentorship support given short tenure. Monitor and follow up.
1552,Katie,Gutierrez,Production Technician I,Production,SVG,Part-Time,Female,0.02,73.0,2,3,4,Fully Meets,3,0.46704981394437595,Medium Risk,short tenure; Department = Production; low performance rating,Key drivers: short tenure and Department = Production. Recommended: provide onboarding/mentorship support given short tenure; offer coaching or a targeted development plan. Monitor and follow up.
2446,Devan,Hall,Production Manager,Production,NEL,Contract,Male,1.1,78.0,2,1,5,Fully Meets,5,0.46699529160655706,Medium Risk,short tenure; Department = Production; experience level,Key drivers: short tenure and Department = Production. Recommended: provide onboarding/mentorship support given short tenure. Monitor and follow up.
3087,Corinne,Campos,Production Technician I,Production,CCDR,Contract,Female,3.06,78.0,3,4,4,Fully Meets,4,0.4663937804341359,Medium Risk,Department = Production; Gender = Female; low performance rating,Key drivers: Department = Production and Gender = Female. Recommended: offer coaching or a targeted development plan. Monitor and follow up.
2417,Hayley,Webb,Production Manager,Production,BPC,Contract,Male,2.42,40.0,3,2,4,Fully Meets,4,0.4661121464479178,Medium Risk,short tenure; Department = Production; low performance rating,Key drivers: short tenure and Department = Production. Recommended: provide onboarding/mentorship support given short tenure; offer coaching or a targeted development plan. Monitor and follow up.
1393,Rose,Ivey,Production Technician I,Production,SVG,Part-Time,Female,1.0,79.0,4,4,4,Exceeds,3,0.465349350629136,Medium Risk,short tenure; Department = Production; training investment,Key drivers: short tenure and Department = Production. Recommended: provide onboarding/mentorship support given short tenure. Monitor and follow up.
1888,Darian,Wall,Production Technician I,Production,WBL,Full-Time,Female,3.22,79.0,5,1,1,Fully Meets,3,0.46505783310869314,Medium Risk,Department = Production; low performance rating; MaritalStatus = Married,Key drivers: Department = Production and low performance rating. Recommended: offer coaching or a targeted development plan. Monitor and follow up.
1075,Salvador,Thomas,Software Engineer,Software Engineering,EW,Part-Time,Male,0.44,58.0,2,1,3,Fully Meets,3,0.4646371532869678,Medium Risk,short tenure; low performance rating; Department = Software Engineering,Key drivers: short tenure and low performance rating. Recommended: provide onboarding/mentorship support given short tenure; offer coaching or a targeted development plan. Monitor and follow up.
1210,Camila,Dunn,Production Manager,Production,BPC,Full-Time,Female,2.5,78.0,5,4,1,Fully Meets,3,0.4633024184146649,Medium Risk,short tenure; Department = Production; BusinessUnit = BPC,Key drivers: short tenure and Department = Production. Recommended: provide onboarding/mentorship support given short tenure. Monitor and follow up.
2126,Chasity,Kennedy,Production Technician I,Production,MSC,Part-Time,Female,1.58,57.0,4,3,4,PIP,1,0.4632054259290223,Medium Risk,short tenure; Department = Production; Gender = Female,Key drivers: short tenure and Department = Production. Recommended: provide onboarding/mentorship support given short tenure. Monitor and follow up.
3105,Josie,Melton,Production Technician I,Production,WBL,Full-Time,Male,2.09,83.0,1,2,2,Fully Meets,1,0.46311905335813064,Medium Risk,short tenure; Department = Production; PayZone = Zone B,Key drivers: short tenure and Department = Production. Recommended: provide onboarding/mentorship support given short tenure. Monitor and follow up.
2433,Darryl,Wiley,Production Manager,Production,MSC,Contract,Male,2.28,50.0,5,1,3,Fully Meets,1,0.4630857929252437,Medium Risk,short tenure; Department = Production; age,Key drivers: short tenure and Department = Production. Recommended: provide onboarding/mentorship support given short tenure. Monitor and follow up.
1094,Ming,Huynh,Production Technician II,Production,EW,Part-Time,Female,3.22,32.0,4,5,5,Fully Meets,3,0.46277301196032,Medium Risk,Department = Production; low performance rating; low satisfaction score,Key drivers: Department = Production and low performance rating. Recommended: schedule a 1:1 to discuss engagement and career goals; offer coaching or a targeted development plan. Monitor and follow up.
1521,Chaim,Patrick,Production Technician I,Production,SVG,Contract,Male,0.75,36.0,1,4,3,Needs Improvement,3,0.4623738598967541,Medium Risk,short tenure; Department = Production; low performance rating,Key drivers: short tenure and Department = Production. Recommended: provide onboarding/mentorship support given short tenure; offer coaching or a targeted development plan. Monitor and follow up.
3018,Alaina,Jenkins,Production Technician I,Production,PYZ,Contract,Female,2.7,52.0,1,1,4,PIP,2,0.46101198605228966,Medium Risk,short tenure; Department = Production; Gender = Female,Key drivers: short tenure and Department = Production. Recommended: provide onboarding/mentorship support given short tenure. Monitor and follow up.
3379,Marquis,Joseph,Production Technician I,Production,SVG,Contract,Female,0.18,53.0,1,2,4,Exceeds,4,0.4608624319908051,Medium Risk,short tenure; Department = Production; low performance rating,Key drivers: short tenure and Department = Production. Recommended: provide onboarding/mentorship support given short tenure; offer coaching or a targeted development plan. Monitor and follow up.
1002,Sandra,Martin,Software Engineer,Software Engineering,NEL,Part-Time,Female,0.46,76.0,5,4,3,Fully Meets,3,0.4589829093156938,Medium Risk,short tenure; low performance rating; low satisfaction score,Key drivers: short tenure and low performance rating. Recommended: schedule a 1:1 to discuss engagement and career goals; provide onboarding/mentorship support given short tenure; offer coaching or a targeted development plan. Monitor and follow up.
1746,Brad,Pitt,Production Technician I,Production,WBL,Full-Time,Male,1.71,64.0,3,4,4,Fully Meets,3,0.4586185228496939,Medium Risk,short tenure; Department = Production; low performance rating,Key drivers: short tenure and Department = Production. Recommended: provide onboarding/mentorship support given short tenure; offer coaching or a targeted development plan. Monitor and follow up.
2351,Kendall,Mcintyre,Data Analyst,Production,EW,Contract,Male,0.49,83.0,3,3,5,Fully Meets,4,0.4582680797587735,Medium Risk,short tenure; Department = Production; low performance rating,Key drivers: short tenure and Department = Production. Recommended: provide onboarding/mentorship support given short tenure; offer coaching or a targeted development plan. Monitor and follow up.
2442,Larissa,Garza,Director of Operations,Production,SVG,Contract,Female,0.39,53.0,1,2,5,Fully Meets,1,0.45785684567397555,Medium Risk,short tenure; Department = Production; Gender = Female,Key drivers: short tenure and Department = Production. Recommended: provide onboarding/mentorship support given short tenure. Monitor and follow up.
2838,Gloria,Marks,Production Technician I,Production,PYZ,Part-Time,Male,0.16,81.0,4,4,2,Fully Meets,5,0.4574677604455596,Medium Risk,short tenure; Department = Production; low performance rating,Key drivers: short tenure and Department = Production. Recommended: provide onboarding/mentorship support given short tenure; offer coaching or a targeted development plan. Monitor and follow up.
3181,Antwan,Clayton,Production Technician II,Production,WBL,Contract,Female,1.89,67.0,4,5,1,Fully Meets,4,0.45737537464160727,Medium Risk,short tenure; Department = Production; low performance rating,Key drivers: short tenure and Department = Production. Recommended: provide onboarding/mentorship support given short tenure; offer coaching or a targeted development plan. Monitor and follow up.
1808,Aaden,Mercer,Production Technician I,Production,EW,Part-Time,Female,3.0,43.0,2,5,4,Fully Meets,3,0.4571953302660458,Medium Risk,Department = Production; low performance rating; Gender = Female,Key drivers: Department = Production and low performance rating. Recommended: offer coaching or a targeted development plan. Monitor and follow up.
3705,Marcos,Gallagher,Production Technician I,Production,BPC,Full-Time,Female,2.38,59.0,1,3,4,Exceeds,3,0.45701384917399374,Medium Risk,short tenure; Department = Production; Employee = Full-Time,Key drivers: short tenure and Department = Production. Recommended: provide onboarding/mentorship support given short tenure. Monitor and follow up.
3638,Shamar,Roth,Production Technician I,Production,BPC,Full-Time,Male,3.11,48.0,5,4,1,Fully Meets,3,0.45662580585036056,Medium Risk,Department = Production; low performance rating; desired salary at hire,Key drivers: Department = Production and low performance rating. Recommended: offer coaching or a targeted development plan; review compensation against market benchmarks. Monitor and follow up.
3030,Kadin,Mcdowell,Production Technician II,Production,PYZ,Full-Time,Female,0.5,73.0,2,2,5,Fully Meets,1,0.45630375820303565,Medium Risk,short tenure; Department = Production; Gender = Female,Key drivers: short tenure and Department = Production. Recommended: provide onboarding/mentorship support given short tenure. Monitor and follow up.
3377,Cruz,Ashley,Production Technician I,Production,BPC,Part-Time,Female,3.21,37.0,5,3,3,Exceeds,4,0.455814540742849,Medium Risk,Department = Production; desired salary at hire; experience level,Key drivers: Department = Production and desired salary at hire. Recommended: review compensation against market benchmarks. Monitor and follow up.
1503,Nickolas,Guzman,Production Technician I,Production,TNS,Contract,Female,0.02,41.0,2,2,4,Fully Meets,3,0.45548038697481036,Medium Risk,short tenure; Department = Production; low performance rating,Key drivers: short tenure and Department = Production. Recommended: provide onboarding/mentorship support given short tenure; offer coaching or a targeted development plan. Monitor and follow up.
1962,Megan,Faller,Production Technician II,Production,CCDR,Contract,Female,0.08,75.0,4,2,1,Fully Meets,3,0.45534722074583944,Medium Risk,short tenure; Department = Production; low performance rating,Key drivers: short tenure and Department = Production. Recommended: provide onboarding/mentorship support given short tenure; offer coaching or a targeted development plan. Monitor and follow up.
1730,Kristen,Squatrito,Production Technician I,Production,EW,Full-Time,Female,3.24,50.0,4,2,4,Fully Meets,3,0.45509992238788255,Medium Risk,Department = Production; low performance rating; age,Key drivers: Department = Production and low performance rating. Recommended: offer coaching or a targeted development plan. Monitor and follow up.
2830,Leslie,Maynard,Production Technician I,Production,NEL,Full-Time,Male,0.6,32.0,2,1,2,Fully Meets,1,0.45474577167886043,Medium Risk,short tenure; Department = Production; Employee = Full-Time,Key drivers: short tenure and Department = Production. Recommended: provide onboarding/mentorship support given short tenure. Monitor and follow up.
2015,Markus,Robles,Production Technician II,Production,MSC,Part-Time,Female,3.15,34.0,3,4,1,Fully Meets,3,0.4534843375530781,Medium Risk,Department = Production; low performance rating; Gender = Female,Key drivers: Department = Production and low performance rating. Recommended: offer coaching or a targeted development plan. Monitor and follow up.
3334,Brendon,Ryan,Production Technician I,Production,MSC,Part-Time,Male,3.16,37.0,4,1,2,Fully Meets,3,0.4533184037818912,Medium Risk,Department = Production; low performance rating; desired salary at hire,Key drivers: Department = Production and low performance rating. Recommended: offer coaching or a targeted development plan; review compensation against market benchmarks. Monitor and follow up.
1533,Angelo,Fox,Production Technician I,Production,TNS,Contract,Female,0.69,36.0,3,1,2,Fully Meets,3,0.4530535591818451,Medium Risk,short tenure; Department = Production; low performance rating,Key drivers: short tenure and Department = Production. Recommended: provide onboarding/mentorship support given short tenure; offer coaching or a targeted development plan. Monitor and follow up.
1209,Dane,Kelly,Production Manager,Production,PL,Part-Time,Female,3.15,27.0,3,1,1,Fully Meets,3,0.4526613559216648,Medium Risk,Department = Production; low performance rating; Race = Other,Key drivers: Department = Production and low performance rating. Recommended: offer coaching or a targeted development plan. Monitor and follow up.
1096,Linda,Anderson,Production Technician I,Production,PYZ,Part-Time,Female,0.67,54.0,3,1,2,Fully Meets,3,0.4525189467733688,Medium Risk,short tenure; Department = Production; low performance rating,Key drivers: short tenure and Department = Production. Recommended: provide onboarding/mentorship support given short tenure; offer coaching or a targeted development plan. Monitor and follow up.
3843,Cassidy,Maddox,Sr. DBA,IT/IS,EW,Full-Time,Female,0.04,49.0,5,3,5,Fully Meets,3,0.4512047963705466,Medium Risk,short tenure; low performance rating; age,Key drivers: short tenure and low performance rating. Recommended: provide onboarding/mentorship support given short tenure; offer coaching or a targeted development plan. Monitor and follow up.
1419,Shania,Bauer,Production Technician I,Production,PL,Contract,Female,3.18,43.0,2,4,1,Exceeds,3,0.4507077962163203,Medium Risk,Department = Production; low performance rating; education level,Key drivers: Department = Production and low performance rating. Recommended: offer coaching or a targeted development plan. Monitor and follow up.
2881,Kyson,Scott,Production Technician I,Production,NEL,Contract,Male,3.13,70.0,4,5,1,Fully Meets,4,0.45042685266776933,Medium Risk,Department = Production; PayZone = Zone B; low performance rating,Key drivers: Department = Production and PayZone = Zone B. Recommended: offer coaching or a targeted development plan. Monitor and follow up.
3048,Violet,Horn,Production Technician II,Production,WBL,Contract,Female,3.03,48.0,2,2,3,Fully Meets,2,0.4503928860850255,Medium Risk,Department = Production; Gender = Female; education level,Key drivers: Department = Production and Gender = Female. Recommended: check in on overall engagement and role fit. Monitor and follow up.
3984,Christine,Skinner,Database Administrator,IT/IS,EW,Contract,Female,0.32,63.0,5,5,4,Fully Meets,3,0.45010179077052415,Medium Risk,short tenure; low performance rating; low satisfaction score,Key drivers: short tenure and low performance rating. Recommended: schedule a 1:1 to discuss engagement and career goals; provide onboarding/mentorship support given short tenure; offer coaching or a targeted development plan. Monitor and follow up.
3310,George,Fritz,Production Technician I,Production,SVG,Part-Time,Female,1.0,51.0,5,4,5,Fully Meets,3,0.4486841377359619,Medium Risk,short tenure; Department = Production; low performance rating,Key drivers: short tenure and Department = Production. Recommended: provide onboarding/mentorship support given short tenure; offer coaching or a targeted development plan. Monitor and follow up.
1226,Dayton,Castro,Production Technician I,Production,SVG,Full-Time,Male,3.1,59.0,5,4,4,Fully Meets,3,0.4485584161448192,Medium Risk,Department = Production; low performance rating; low satisfaction score,Key drivers: Department = Production and low performance rating. Recommended: schedule a 1:1 to discuss engagement and career goals; offer coaching or a targeted development plan. Monitor and follow up.
3022,Leonel,Chang,Production Technician I,Production,BPC,Full-Time,Male,1.6,50.0,2,2,3,PIP,1,0.4484017132520457,Medium Risk,short tenure; Department = Production; Employee = Full-Time,Key drivers: short tenure and Department = Production. Recommended: provide onboarding/mentorship support given short tenure. Monitor and follow up.
2243,Dorian,Wu,IT Support,IT/IS,TNS,Full-Time,Female,0.05,72.0,3,1,5,Fully Meets,4,0.44813340620278297,Medium Risk,short tenure; low performance rating; Division = Finance & Accounting,Key drivers: short tenure and low performance rating. Recommended: provide onboarding/mentorship support given short tenure; offer coaching or a targeted development plan. Monitor and follow up.
1508,Dereon,Hayes,Production Technician I,Production,BPC,Part-Time,Female,3.18,62.0,3,4,2,Fully Meets,3,0.44807563729690475,Medium Risk,Department = Production; low performance rating; PayZone = Zone B,Key drivers: Department = Production and low performance rating. Recommended: offer coaching or a targeted development plan. Monitor and follow up.
3187,Dashawn,Ramirez,Production Technician I,Production,PYZ,Contract,Female,0.08,64.0,2,4,2,PIP,3,0.44778521981540725,Medium Risk,short tenure; Department = Production; low performance rating,Key drivers: short tenure and Department = Production. Recommended: provide onboarding/mentorship support given short tenure; offer coaching or a targeted development plan. Monitor and follow up.
2072,Gilbert,Hensley,Production Technician II,Production,WBL,Contract,Female,3.05,46.0,4,5,1,Fully Meets,3,0.44765316718746767,Medium Risk,Department = Production; low performance rating; low satisfaction score,Key drivers: Department = Production and low performance rating. Recommended: schedule a 1:1 to discuss engagement and career goals; offer coaching or a targeted development plan. Monitor and follow up.
1088,Jair,Bullock,Software Engineer,Software Engineering,WBL,Contract,Female,0.44,35.0,3,4,1,Fully Meets,3,0.44721380420715956,Medium Risk,short tenure; low performance rating; training investment,Key drivers: short tenure and low performance rating. Recommended: provide onboarding/mentorship support given short tenure; offer coaching or a targeted development plan. Monitor and follow up.
1334,Susan,Gordon,Sr. Network Engineer,IT/IS,NEL,Full-Time,Male,0.24,74.0,3,1,1,Fully Meets,3,0.4469503401296806,Medium Risk,short tenure; low performance rating; Race = Other,Key drivers: short tenure and low performance rating. Recommended: provide onboarding/mentorship support given short tenure; offer coaching or a targeted development plan. Monitor and follow up.
3166,Kenzie,Friedman,Production Technician I,Production,SVG,Part-Time,Female,2.97,33.0,4,2,1,Exceeds,2,0.44641328085422516,Medium Risk,Department = Production; Gender = Female; low satisfaction score,Key drivers: Department = Production and Gender = Female. Recommended: schedule a 1:1 to discuss engagement and career goals. Monitor and follow up.
1348,Tatiana,Ayala,Software Engineering Manager,Software Engineering,WBL,Contract,Female,1.62,33.0,2,2,4,Fully Meets,3,0.4462143172252731,Medium Risk,short tenure; low performance rating; Department = Software Engineering,Key drivers: short tenure and low performance rating. Recommended: provide onboarding/mentorship support given short tenure; offer coaching or a targeted development plan. Monitor and follow up.
1592,Charlee,Wiggins,Production Technician I,Production,WBL,Full-Time,Male,3.09,45.0,1,1,4,Exceeds,3,0.44601644409810065,Medium Risk,Department = Production; low performance rating; desired salary at hire,Key drivers: Department = Production and low performance rating. Recommended: offer coaching or a targeted development plan; review compensation against market benchmarks. Monitor and follow up.
2096,Jerome,Howard,Production Technician II,Production,TNS,Contract,Female,3.02,41.0,4,3,4,Fully Meets,3,0.4458426939803251,Medium Risk,Department = Production; low performance rating; Gender = Female,Key drivers: Department = Production and low performance rating. Recommended: offer coaching or a targeted development plan. Monitor and follow up.
1052,Jacquelyn,Johns,Shared Services Manager,Software Engineering,WBL,Contract,Female,0.27,46.0,4,1,4,Fully Meets,3,0.44574263037510947,Medium Risk,short tenure; low performance rating; low satisfaction score,Key drivers: short tenure and low performance rating. Recommended: schedule a 1:1 to discuss engagement and career goals; provide onboarding/mentorship support given short tenure; offer coaching or a targeted development plan. Monitor and follow up.
3012,Scott,Sanford,Production Technician I,Production,BPC,Contract,Female,2.5,76.0,5,3,1,Exceeds,1,0.44572303371689886,Medium Risk,short tenure; Department = Production; BusinessUnit = BPC,Key drivers: short tenure and Department = Production. Recommended: provide onboarding/mentorship support given short tenure. Monitor and follow up.
2426,Gunnar,Gray,Data Analyst,Production,EW,Full-Time,Female,2.97,67.0,5,5,3,Fully Meets,2,0.44558098000696855,Medium Risk,Department = Production; Gender = Female; Employee = Full-Time,Key drivers: Department = Production and Gender = Female. Recommended: check in on overall engagement and role fit. Monitor and follow up.
3008,Alfred,Goodman,Production Technician II,Production,PYZ,Full-Time,Female,1.73,49.0,1,2,4,Fully Meets,4,0.44472074268958145,Medium Risk,short tenure; Department = Production; age,Key drivers: short tenure and Department = Production. Recommended: provide onboarding/mentorship support given short tenure. Monitor and follow up.
2927,Rubi,Sanford,Production Technician II,Production,EW,Part-Time,Male,0.47,44.0,2,4,2,Exceeds,1,0.44453631444037256,Medium Risk,short tenure; Department = Production; education level,Key drivers: short tenure and Department = Production. Recommended: provide onboarding/mentorship support given short tenure. Monitor and follow up.
1628,Binh,Le,Senior BI Developer,IT/IS,CCDR,Part-Time,Female,0.91,52.0,4,4,2,Needs Improvement,3,0.4444110936490272,Medium Risk,short tenure; low performance rating; experience level,Key drivers: short tenure and low performance rating. Recommended: provide onboarding/mentorship support given short tenure; offer coaching or a targeted development plan. Monitor and follow up.
3840,Meadow,Boyer,Sr. Network Engineer,IT/IS,BPC,Part-Time,Male,0.13,57.0,5,1,4,Fully Meets,3,0.4433586935135363,Medium Risk,short tenure; low performance rating; BusinessUnit = BPC,Key drivers: short tenure and low performance rating. Recommended: provide onboarding/mentorship support given short tenure; offer coaching or a targeted development plan. Monitor and follow up.
3869,Damari,Brewer,IT Support,IT/IS,NEL,Full-Time,Male,0.37,49.0,4,1,2,Fully Meets,3,0.44299016506564043,Medium Risk,short tenure; low performance rating; low satisfaction score,Key drivers: short tenure and low performance rating. Recommended: schedule a 1:1 to discuss engagement and career goals; provide onboarding/mentorship support given short tenure; offer coaching or a targeted development plan. Monitor and follow up.
2558,Maeve,Gordon,Software Engineering Manager,Software Engineering,WBL,Full-Time,Female,0.1,61.0,4,2,5,Fully Meets,4,0.442522186072758,Medium Risk,short tenure; low performance rating; low satisfaction score,Key drivers: short tenure and low performance rating. Recommended: schedule a 1:1 to discuss engagement and career goals; provide onboarding/mentorship support given short tenure; offer coaching or a targeted development plan. Monitor and follow up.
3792,Alexia,Pham,Production Technician I,Production,NEL,Part-Time,Male,2.97,28.0,2,2,2,Fully Meets,3,0.4418485876509515,Medium Risk,Department = Production; low performance rating; poor work-life balance,Key drivers: Department = Production and low performance rating. Recommended: review workload and flexible-work options; offer coaching or a targeted development plan. Monitor and follow up.
3682,Rene,Wallace,Production Technician I,Production,PYZ,Full-Time,Female,3.05,83.0,3,3,3,Fully Meets,4,0.4417391403061785,Medium Risk,Department = Production; training investment; low performance rating,Key drivers: Department = Production and training investment. Recommended: offer coaching or a targeted development plan. Monitor and follow up.
2981,Caroline,Cierpiszewski,Production Technician I,Production,TNS,Part-Time,Female,0.62,47.0,3,5,2,Fully Meets,1,0.4414823074259003,Medium Risk,short tenure; Department = Production; Gender = Female,Key drivers: short tenure and Department = Production. Recommended: provide onboarding/mentorship support given short tenure. Monitor and follow up.
2540,London,Bautista,Software Engineering Manager,Software Engineering,CCDR,Contract,Female,0.23,32.0,4,3,4,Fully Meets,4,0.44122758954189645,Medium Risk,short tenure; Department = Software Engineering; low satisfaction score,Key drivers: short tenure and Department = Software Engineering. Recommended: schedule a 1:1 to discuss engagement and career goals; provide onboarding/mentorship support given short tenure. Monitor and follow up.
2054,Erika,Mata,Production Technician I,Production,MSC,Contract,Female,2.97,33.0,5,4,3,Fully Meets,3,0.4408642598697336,Medium Risk,Department = Production; low performance rating; Gender = Female,Key drivers: Department = Production and low performance rating. Recommended: offer coaching or a targeted development plan. Monitor and follow up.
1772,Hallie,Thornton,Production Technician I,Production,SVG,Contract,Male,3.09,72.0,4,3,5,Fully Meets,3,0.44073714461422486,Medium Risk,Department = Production; low performance rating; low satisfaction score,Key drivers: Department = Production and low performance rating. Recommended: schedule a 1:1 to discuss engagement and career goals; offer coaching or a targeted development plan. Monitor and follow up.
3864,Tiffany,Washington,Enterprise Architect,IT/IS,SVG,Contract,Female,0.52,57.0,4,3,2,Needs Improvement,3,0.4402897425457076,Medium Risk,short tenure; low performance rating; low satisfaction score,Key drivers: short tenure and low performance rating. Recommended: schedule a 1:1 to discuss engagement and career goals; provide onboarding/mentorship support given short tenure; offer coaching or a targeted development plan. Monitor and follow up.
1076,Jair,Silva,Software Engineer,Software Engineering,MSC,Contract,Female,0.52,83.0,3,1,1,Fully Meets,3,0.44020560162376254,Medium Risk,short tenure; low performance rating; Department = Software Engineering,Key drivers: short tenure and low performance rating. Recommended: provide onboarding/mentorship support given short tenure; offer coaching or a targeted development plan. Monitor and follow up.
2192,Macey,Christian,Production Technician II,Production,MSC,Part-Time,Female,2.28,81.0,3,5,4,Needs Improvement,1,0.44002405430193864,Medium Risk,short tenure; Department = Production; Gender = Female,Key drivers: short tenure and Department = Production. Recommended: provide onboarding/mentorship support given short tenure. Monitor and follow up.
2311,Araceli,Castillo,Data Analyst,Production,PYZ,Part-Time,Female,3.2,55.0,3,5,2,Fully Meets,2,0.4399896231150306,Medium Risk,Department = Production; desired salary at hire; experience level,Key drivers: Department = Production and desired salary at hire. Recommended: review compensation against market benchmarks. Monitor and follow up.
3131,Alma,Hanna,Production Technician I,Production,SVG,Contract,Female,1.16,72.0,2,3,5,Fully Meets,2,0.43977019469757406,Medium Risk,short tenure; Department = Production; Gender = Female,Key drivers: short tenure and Department = Production. Recommended: provide onboarding/mentorship support given short tenure. Monitor and follow up.
2398,Davion,Hahn,Production Manager,Production,WBL,Contract,Female,3.11,67.0,3,4,3,Fully Meets,5,0.439743017833849,Medium Risk,Department = Production; low performance rating; training investment,Key drivers: Department = Production and low performance rating. Recommended: offer coaching or a targeted development plan. Monitor and follow up.
3179,Amya,Armstrong,Production Technician II,Production,TNS,Full-Time,Male,0.23,85.0,2,5,1,Fully Meets,2,0.43971116862473564,Medium Risk,short tenure; Department = Production; Employee = Full-Time,Key drivers: short tenure and Department = Production. Recommended: provide onboarding/mentorship support given short tenure. Monitor and follow up.
1128,Emma,Escobar,Production Technician II,Production,BPC,Part-Time,Female,3.26,69.0,2,4,4,Fully Meets,3,0.4392152574439165,Medium Risk,Department = Production; low performance rating; desired salary at hire,Key drivers: Department = Production and low performance rating. Recommended: offer coaching or a targeted development plan; review compensation against market benchmarks. Monitor and follow up.
2387,Gretchen,Richards,President & CEO,Production,SVG,Contract,Male,0.53,32.0,2,1,5,Fully Meets,1,0.4387801670308956,Medium Risk,short tenure; Department = Production; low engagement,Key drivers: short tenure and Department = Production. Recommended: schedule a 1:1 to discuss engagement and career goals; provide onboarding/mentorship support given short tenure. Monitor and follow up.
3837,Mia,Cowan,IT Support,IT/IS,BPC,Part-Time,Male,0.11,70.0,3,5,1,PIP,3,0.4366880337851281,Medium Risk,short tenure; low performance rating; Division = Finance & Accounting,Key drivers: short tenure and low performance rating. Recommended: provide onboarding/mentorship support given short tenure; offer coaching or a targeted development plan. Monitor and follow up.
1298,Hallie,Delacruz,Production Technician II,Production,PL,Part-Time,Female,3.41,43.0,2,1,1,Fully Meets,3,0.43662025102023627,Medium Risk,Department = Production; low performance rating; low engagement,Key drivers: Department = Production and low performance rating. Recommended: schedule a 1:1 to discuss engagement and career goals; offer coaching or a targeted development plan. Monitor and follow up.
1595,Charlie,Ramirez,Production Technician I,Production,BPC,Part-Time,Female,3.13,57.0,4,3,3,Exceeds,3,0.43626853467883553,Medium Risk,Department = Production; low performance rating; Gender = Female,Key drivers: Department = Production and low performance rating. Recommended: offer coaching or a targeted development plan. Monitor and follow up.
1024,Kasey,Boyer,Shared Services Manager,Software Engineering,NEL,Contract,Female,2.48,39.0,3,5,1,Fully Meets,3,0.43625547081355637,Medium Risk,short tenure; low performance rating; age,Key drivers: short tenure and low performance rating. Recommended: provide onboarding/mentorship support given short tenure; offer coaching or a targeted development plan. Monitor and follow up.
1653,Greta,Fields,Area Sales Manager,IT/IS,EW,Part-Time,Male,1.14,70.0,4,2,5,Fully Meets,3,0.4362174085063496,Medium Risk,short tenure; low performance rating; MaritalStatus = Married,Key drivers: short tenure and low performance rating. Recommended: provide onboarding/mentorship support given short tenure; offer coaching or a targeted development plan. Monitor and follow up.
1708,Molly,Fischer,BI Developer,IT/IS,PYZ,Full-Time,Male,0.7,36.0,5,4,4,Fully Meets,3,0.43593015301933585,Medium Risk,short tenure; low performance rating; low satisfaction score,Key drivers: short tenure and low performance rating. Recommended: schedule a 1:1 to discuss engagement and career goals; provide onboarding/mentorship support given short tenure; offer coaching or a targeted development plan. Monitor and follow up.
1268,Malik,Ochoa,Production Technician I,Production,EW,Part-Time,Female,3.41,65.0,1,2,2,Fully Meets,3,0.43563187745693494,Medium Risk,Department = Production; low performance rating; desired salary at hire,Key drivers: Department = Production and low performance rating. Recommended: offer coaching or a targeted development plan; review compensation against market benchmarks. Monitor and follow up.
3158,Seth,Oneill,Production Technician II,Production,PYZ,Part-Time,Female,0.14,51.0,1,1,3,Exceeds,2,0.43531090297796615,Medium Risk,short tenure; Department = Production; Gender = Female,Key drivers: short tenure and Department = Production. Recommended: provide onboarding/mentorship support given short tenure. Monitor and follow up.
3075,Adam,Meza,Production Technician II,Production,PL,Full-Time,Female,3.37,58.0,3,5,1,Fully Meets,5,0.4352901470012811,Medium Risk,Department = Production; JobFunctionDescription = Engineer; education level,Key drivers: Department = Production and JobFunctionDescription = Engineer. Recommended: check in on overall engagement and role fit. Monitor and follow up.
2783,Lorelei,Sellers,Production Technician II,Production,SVG,Part-Time,Male,0.13,49.0,1,3,1,Fully Meets,1,0.43462788674605596,Medium Risk,short tenure; Department = Production; Race = White,Key drivers: short tenure and Department = Production. Recommended: provide onboarding/mentorship support given short tenure. Monitor and follow up.
1681,Deanna,Meza,Sales Manager,IT/IS,SVG,Contract,Female,0.16,52.0,3,2,4,Fully Meets,3,0.4334228816407735,Medium Risk,short tenure; low performance rating; Gender = Female,Key drivers: short tenure and low performance rating. Recommended: provide onboarding/mentorship support given short tenure; offer coaching or a targeted development plan. Monitor and follow up.
3686,Carly,Figueroa,Production Technician I,Production,BPC,Part-Time,Male,1.63,28.0,3,3,1,Exceeds,1,0.43331940840291483,Medium Risk,short tenure; Department = Production; BusinessUnit = BPC,Key drivers: short tenure and Department = Production. Recommended: provide onboarding/mentorship support given short tenure. Monitor and follow up.
1697,Mattie,Peters,BI Developer,IT/IS,MSC,Full-Time,Male,0.16,39.0,5,1,2,Fully Meets,3,0.43270296994795787,Medium Risk,short tenure; low performance rating; low satisfaction score,Key drivers: short tenure and low performance rating. Recommended: schedule a 1:1 to discuss engagement and career goals; provide onboarding/mentorship support given short tenure; offer coaching or a targeted development plan. Monitor and follow up.
3853,Rey,Monroe,Enterprise Architect,IT/IS,PYZ,Full-Time,Female,1.23,43.0,3,1,3,Fully Meets,3,0.4325212778281897,Medium Risk,short tenure; low performance rating; age,Key drivers: short tenure and low performance rating. Recommended: provide onboarding/mentorship support given short tenure; offer coaching or a targeted development plan. Monitor and follow up.
3303,Ty,Page,Production Technician II,Production,SVG,Full-Time,Female,3.43,45.0,2,1,1,Fully Meets,3,0.4323632885577091,Medium Risk,Department = Production; training investment; low performance rating,Key drivers: Department = Production and training investment. Recommended: offer coaching or a targeted development plan. Monitor and follow up.
2871,Tania,Taylor,Production Technician I,Production,NEL,Contract,Male,0.39,73.0,5,2,2,Fully Meets,5,0.4313476593728684,Medium Risk,short tenure; Department = Production; low performance rating,Key drivers: short tenure and Department = Production. Recommended: provide onboarding/mentorship support given short tenure; offer coaching or a targeted development plan. Monitor and follow up.
2938,Paul,Steele,Production Technician I,Production,CCDR,Full-Time,Male,0.33,54.0,5,2,1,Needs Improvement,1,0.4313215285919104,Medium Risk,short tenure; Department = Production; Employee = Full-Time,Key drivers: short tenure and Department = Production. Recommended: provide onboarding/mentorship support given short tenure. Monitor and follow up.
1930,Frank,Williams,Production Technician I,Production,PYZ,Full-Time,Female,3.03,40.0,3,3,4,Fully Meets,3,0.4311345978429805,Medium Risk,Department = Production; low performance rating; Gender = Female,Key drivers: Department = Production and low performance rating. Recommended: offer coaching or a targeted development plan. Monitor and follow up.
2485,Alex,Sweetwater,Software Engineering Manager,Software Engineering,NEL,Part-Time,Male,1.51,81.0,5,3,5,Fully Meets,4,0.430719381353175,Medium Risk,short tenure; low satisfaction score; low performance rating,Key drivers: short tenure and low satisfaction score. Recommended: schedule a 1:1 to discuss engagement and career goals; provide onboarding/mentorship support given short tenure; offer coaching or a targeted development plan. Monitor and follow up.
1633,Miley,French,Area Sales Manager,IT/IS,EW,Contract,Female,0.39,32.0,3,4,2,Fully Meets,3,0.43052981771783927,Medium Risk,short tenure; low performance rating; Gender = Female,Key drivers: short tenure and low performance rating. Recommended: provide onboarding/mentorship support given short tenure; offer coaching or a targeted development plan. Monitor and follow up.
3052,Ean,Barajas,Production Technician II,Production,CCDR,Full-Time,Female,3.03,78.0,1,5,3,Fully Meets,5,0.43026069600767947,Medium Risk,Department = Production; low performance rating; Race = White,Key drivers: Department = Production and low performance rating. Recommended: offer coaching or a targeted development plan. Monitor and follow up.
1524,Priscilla,Walters,Production Technician I,Production,TNS,Full-Time,Female,3.36,51.0,1,4,2,Fully Meets,3,0.4295535705634219,Medium Risk,Department = Production; low performance rating; Gender = Female,Key drivers: Department = Production and low performance rating. Recommended: offer coaching or a targeted development plan. Monitor and follow up.
3988,Kenzie,Mullins,Sr. DBA,IT/IS,SVG,Contract,Female,0.34,45.0,2,5,5,Fully Meets,3,0.42887372080612407,Medium Risk,short tenure; low performance rating; experience level,Key drivers: short tenure and low performance rating. Recommended: provide onboarding/mentorship support given short tenure; offer coaching or a targeted development plan. Monitor and follow up.
1060,Frida,Livingston,Shared Services Manager,Software Engineering,CCDR,Part-Time,Female,0.21,50.0,5,5,4,Fully Meets,3,0.4283806375527747,Medium Risk,short tenure; low performance rating; low satisfaction score,Key drivers: short tenure and low performance rating. Recommended: schedule a 1:1 to discuss engagement and career goals; provide onboarding/mentorship support given short tenure; offer coaching or a targeted development plan. Monitor and follow up.
1563,Alice,Kaufman,Production Technician I,Production,CCDR,Contract,Female,0.42,66.0,4,1,3,Fully Meets,3,0.42810025153474734,Medium Risk,short tenure; Department = Production; low performance rating,Key drivers: short tenure and Department = Production. Recommended: provide onboarding/mentorship support given short tenure; offer coaching or a targeted development plan. Monitor and follow up.
2469,Uriah,Pennington,Production Manager,Production,TNS,Part-Time,Male,1.57,25.0,1,2,5,Fully Meets,4,0.42741411633873905,Medium Risk,short tenure; Department = Production; low performance rating,Key drivers: short tenure and Department = Production. Recommended: provide onboarding/mentorship support given short tenure; offer coaching or a targeted development plan. Monitor and follow up.
1399,Helen,Billis,Production Technician I,Production,BPC,Part-Time,Female,3.11,49.0,4,1,4,Needs Improvement,3,0.427176193719761,Medium Risk,Department = Production; low performance rating; age,Key drivers: Department = Production and low performance rating. Recommended: offer coaching or a targeted development plan. Monitor and follow up.
1078,Litzy,Conner,Software Engineer,Software Engineering,PYZ,Contract,Female,1.31,29.0,3,3,4,Fully Meets,3,0.42709289087979213,Medium Risk,short tenure; low performance rating; Department = Software Engineering,Key drivers: short tenure and low performance rating. Recommended: provide onboarding/mentorship support given short tenure; offer coaching or a targeted development plan. Monitor and follow up.
2823,Eliezer,Briggs,Production Technician I,Production,CCDR,Contract,Female,3.18,41.0,2,5,1,Fully Meets,2,0.42707075139099243,Medium Risk,Department = Production; education level; age,Key drivers: Department = Production and education level. Recommended: check in on overall engagement and role fit. Monitor and follow up.
1014,Kole,Quinn,Shared Services Manager,Software Engineering,WBL,Part-Time,Male,0.53,73.0,4,4,1,Fully Meets,3,0.42690732425813327,Medium Risk,short tenure; low performance rating; low satisfaction score,Key drivers: short tenure and low performance rating. Recommended: schedule a 1:1 to discuss engagement and career goals; provide onboarding/mentorship support given short tenure; offer coaching or a targeted development plan. Monitor and follow up.
3757,Salvatore,Noble,Production Technician I,Production,CCDR,Full-Time,Male,0.44,33.0,4,4,5,Fully Meets,2,0.4268407022190164,Medium Risk,short tenure; Department = Production; Employee = Full-Time,Key drivers: short tenure and Department = Production. Recommended: provide onboarding/mentorship support given short tenure. Monitor and follow up.
1136,Serenity,Thornton,Production Technician I,Production,SVG,Full-Time,Male,3.32,80.0,5,2,2,Fully Meets,3,0.4264878223177119,Medium Risk,Department = Production; low performance rating; Race = Other,Key drivers: Department = Production and low performance rating. Recommended: offer coaching or a targeted development plan. Monitor and follow up.
1079,Joanna,Burnett,Shared Services Manager,Software Engineering,WBL,Part-Time,Female,1.07,26.0,2,2,1,Fully Meets,3,0.4264564378455011,Medium Risk,short tenure; low performance rating; training investment,Key drivers: short tenure and low performance rating. Recommended: provide onboarding/mentorship support given short tenure; offer coaching or a targeted development plan. Monitor and follow up.
1462,Elisabeth,Irwin,Production Technician I,Production,EW,Contract,Female,3.04,66.0,5,4,5,Exceeds,3,0.4259641235197869,Medium Risk,Department = Production; low performance rating; Gender = Female,Key drivers: Department = Production and low performance rating. Recommended: offer coaching or a targeted development plan. Monitor and follow up.
1159,Nehemiah,Rivas,Production Technician I,Production,TNS,Part-Time,Male,3.26,47.0,2,1,4,Fully Meets,3,0.4258819559672421,Medium Risk,Department = Production; low performance rating; JobFunctionDescription = Splicer,Key drivers: Department = Production and low performance rating. Recommended: offer coaching or a targeted development plan. Monitor and follow up.
1698,Makai,Nolan,Area Sales Manager,IT/IS,EW,Full-Time,Male,0.3,32.0,5,3,4,Fully Meets,3,0.4256948120308783,Medium Risk,short tenure; low performance rating; low satisfaction score,Key drivers: short tenure and low performance rating. Recommended: schedule a 1:1 to discuss engagement and career goals; provide onboarding/mentorship support given short tenure; offer coaching or a targeted development plan. Monitor and follow up.
1168,Melody,Rollins,Production Technician II,Production,PL,Contract,Female,3.52,76.0,2,2,2,Fully Meets,3,0.4253358177784454,Medium Risk,Department = Production; low performance rating; poor work-life balance,Key drivers: Department = Production and low performance rating. Recommended: review workload and flexible-work options; offer coaching or a targeted development plan. Monitor and follow up.
3890,Alan,Holland,Network Engineer,IT/IS,WBL,Full-Time,Male,0.77,27.0,3,2,3,Fully Meets,3,0.42508262596986773,Medium Risk,short tenure; low performance rating; experience level,Key drivers: short tenure and low performance rating. Recommended: provide onboarding/mentorship support given short tenure; offer coaching or a targeted development plan. Monitor and follow up.
3220,Sandy,Mckenna,Production Technician I,Production,SVG,Part-Time,Female,3.01,46.0,4,5,3,Fully Meets,1,0.42501272011725394,Medium Risk,Department = Production; education level; Gender = Female,Key drivers: Department = Production and education level. Recommended: check in on overall engagement and role fit. Monitor and follow up.
1591,Kamden,Ochoa,Production Technician I,Production,PYZ,Contract,Female,0.28,69.0,3,4,1,Fully Meets,3,0.42482362050822076,Medium Risk,short tenure; Department = Production; low performance rating,Key drivers: short tenure and Department = Production. Recommended: provide onboarding/mentorship support given short tenure; offer coaching or a targeted development plan. Monitor and follow up.
2966,Joanna,Bradley,Production Technician I,Production,WBL,Full-Time,Male,3.0,65.0,2,5,5,Fully Meets,4,0.4243265372539287,Medium Risk,Department = Production; low performance rating; desired salary at hire,Key drivers: Department = Production and low performance rating. Recommended: offer coaching or a targeted development plan; review compensation against market benchmarks. Monitor and follow up.
3889,Myla,Mullen,Network Engineer,Executive Office,TNS,Contract,Male,0.15,44.0,1,2,1,Fully Meets,3,0.423246456205628,Medium Risk,short tenure; low performance rating; age,Key drivers: short tenure and low performance rating. Recommended: provide onboarding/mentorship support given short tenure; offer coaching or a targeted development plan. Monitor and follow up.
3893,Lukas,Freeman,IT Support,IT/IS,EW,Full-Time,Female,0.35,73.0,1,3,2,Fully Meets,3,0.42307559014874535,Medium Risk,short tenure; low performance rating; Gender = Female,Key drivers: short tenure and low performance rating. Recommended: provide onboarding/mentorship support given short tenure; offer coaching or a targeted development plan. Monitor and follow up.
1896,Lamont,Cook,Production Technician II,Production,MSC,Full-Time,Female,3.37,75.0,1,1,3,Fully Meets,3,0.4227520769118572,Medium Risk,Department = Production; Gender = Female; JobFunctionDescription = Engineer,Key drivers: Department = Production and Gender = Female. Recommended: check in on overall engagement and role fit. Monitor and follow up.
2939,Jason,Moyer,Production Technician I,Production,SVG,Contract,Female,0.29,46.0,3,4,3,Needs Improvement,2,0.42213765981428625,Medium Risk,short tenure; Department = Production; Gender = Female,Key drivers: short tenure and Department = Production. Recommended: provide onboarding/mentorship support given short tenure. Monitor and follow up.
3268,Makai,Ochoa,Production Technician I,Production,EW,Contract,Female,3.09,64.0,5,1,4,Fully Meets,2,0.4216718278487539,Medium Risk,Department = Production; Gender = Female; JobFunctionDescription = Driver,Key drivers: Department = Production and Gender = Female. Recommended: check in on overall engagement and role fit. Monitor and follow up.
3224,Sterling,Davila,Production Technician I,Production,SVG,Part-Time,Female,3.31,56.0,4,2,5,Fully Meets,5,0.4216481128358479,Medium Risk,Department = Production; education level; low performance rating,Key drivers: Department = Production and education level. Recommended: offer coaching or a targeted development plan. Monitor and follow up.
1843,Saige,Jones,Production Technician I,Production,BPC,Full-Time,Male,3.3,64.0,5,1,4,Needs Improvement,3,0.42143828970646047,Medium Risk,Department = Production; low performance rating; JobFunctionDescription = Engineer,Key drivers: Department = Production and low performance rating. Recommended: offer coaching or a targeted development plan. Monitor and follow up.
3684,Noelle,Levy,Production Technician I,Production,NEL,Contract,Male,3.07,72.0,5,5,3,Fully Meets,3,0.4210960571220628,Medium Risk,Department = Production; low performance rating; low satisfaction score,Key drivers: Department = Production and low performance rating. Recommended: schedule a 1:1 to discuss engagement and career goals; offer coaching or a targeted development plan. Monitor and follow up.
1568,Patricia,Pruitt,Production Technician I,Production,PYZ,Part-Time,Female,3.48,31.0,2,1,3,Fully Meets,3,0.42083000644498897,Medium Risk,Department = Production; low performance rating; low engagement,Key drivers: Department = Production and low performance rating. Recommended: schedule a 1:1 to discuss engagement and career goals; offer coaching or a targeted development plan. Monitor and follow up.
1118,Harrison,Hunt,Production Technician I,Production,WBL,Full-Time,Male,3.15,50.0,5,1,3,Fully Meets,3,0.4206669428056267,Medium Risk,Department = Production; low performance rating; experience level,Key drivers: Department = Production and low performance rating. Recommended: offer coaching or a targeted development plan. Monitor and follow up.
2428,Emmett,Chandler,Data Analyst,IT/IS,BPC,Part-Time,Female,0.69,64.0,5,2,5,Fully Meets,4,0.420617800799123,Medium Risk,short tenure; low satisfaction score; Gender = Female,Key drivers: short tenure and low satisfaction score. Recommended: schedule a 1:1 to discuss engagement and career goals; provide onboarding/mentorship support given short tenure. Monitor and follow up.
1774,Regina,Garcia,Production Technician I,Production,MSC,Full-Time,Female,3.4,37.0,1,1,2,Fully Meets,3,0.420600668942884,Medium Risk,Department = Production; low performance rating; low engagement,Key drivers: Department = Production and low performance rating. Recommended: schedule a 1:1 to discuss engagement and career goals; offer coaching or a targeted development plan. Monitor and follow up.
1546,Madden,Lam,Production Technician I,Production,PYZ,Part-Time,Female,1.33,74.0,1,3,5,Fully Meets,3,0.41999611050224267,Medium Risk,short tenure; Department = Production; low performance rating,Key drivers: short tenure and Department = Production. Recommended: provide onboarding/mentorship support given short tenure; offer coaching or a targeted development plan. Monitor and follow up.
3092,Beckett,Sandoval,Production Technician II,Production,TNS,Contract,Female,3.5,47.0,4,4,1,Fully Meets,2,0.41864347096427307,Medium Risk,Department = Production; low satisfaction score; training investment,Key drivers: Department = Production and low satisfaction score. Recommended: schedule a 1:1 to discuss engagement and career goals. Monitor and follow up.
3604,Kane,Owen,Production Technician II,Production,MSC,Part-Time,Female,3.62,78.0,5,3,4,Needs Improvement,4,0.4186114376190331,Medium Risk,Department = Production; desired salary at hire; training investment,Key drivers: Department = Production and desired salary at hire. Recommended: review compensation against market benchmarks. Monitor and follow up.
2102,Valeria,Zavala,Production Technician I,Production,EW,Part-Time,Female,3.34,61.0,1,1,3,Exceeds,2,0.41841368709120796,Medium Risk,Department = Production; desired salary at hire; Gender = Female,Key drivers: Department = Production and desired salary at hire. Recommended: review compensation against market benchmarks. Monitor and follow up.
3967,Anastasia,Gillespie,Data Analyst,IT/IS,MSC,Full-Time,Female,2.13,71.0,3,5,4,Fully Meets,3,0.4181357778703014,Medium Risk,short tenure; low performance rating; Gender = Female,Key drivers: short tenure and low performance rating. Recommended: provide onboarding/mentorship support given short tenure; offer coaching or a targeted development plan. Monitor and follow up.
1316,Janet,King,President & CEO,Executive Office,CCDR,Part-Time,Female,2.65,71.0,4,3,3,Fully Meets,3,0.41773234109880536,Medium Risk,short tenure; low performance rating; training investment,Key drivers: short tenure and low performance rating. Recommended: provide onboarding/mentorship support given short tenure; offer coaching or a targeted development plan. Monitor and follow up.
1833,Ainsley,Booth,Production Technician I,Production,PL,Part-Time,Female,3.56,43.0,3,4,2,Needs Improvement,3,0.41765131784010495,Medium Risk,Department = Production; low performance rating; MaritalStatus = Married,Key drivers: Department = Production and low performance rating. Recommended: offer coaching or a targeted development plan. Monitor and follow up.
2338,Ivan,Hull,Production Manager,Production,EW,Part-Time,Female,3.56,55.0,3,2,5,Fully Meets,4,0.41762129432245504,Medium Risk,Department = Production; experience level; education level,Key drivers: Department = Production and experience level. Recommended: check in on overall engagement and role fit. Monitor and follow up.
2276,Courtney E,Wallace,Production Manager,Production,TNS,Full-Time,Female,3.04,44.0,2,5,2,Fully Meets,1,0.4176025699444241,Medium Risk,Department = Production; Race = White; Gender = Female,Key drivers: Department = Production and Race = White. Recommended: check in on overall engagement and role fit. Monitor and follow up.
2509,Madeleine,Paul,Software Engineer,Software Engineering,EW,Part-Time,Female,1.07,28.0,2,1,3,Fully Meets,2,0.41685922061282255,Medium Risk,short tenure; Department = Software Engineering; JobFunctionDescription = Engineer,Key drivers: short tenure and Department = Software Engineering. Recommended: provide onboarding/mentorship support given short tenure. Monitor and follow up.
1347,Haleigh,Carter,Sr. Network Engineer,IT/IS,NEL,Part-Time,Male,0.88,31.0,3,4,1,Fully Meets,3,0.41662340969378037,Medium Risk,short tenure; low performance rating; experience level,Key drivers: short tenure and low performance rating. Recommended: provide onboarding/mentorship support given short tenure; offer coaching or a targeted development plan. Monitor and follow up.
3888,Karlie,Drake,Principal Data Architect,IT/IS,PL,Full-Time,Female,0.84,39.0,1,3,4,Fully Meets,3,0.41645561820146565,Medium Risk,short tenure; low performance rating; Gender = Female,Key drivers: short tenure and low performance rating. Recommended: provide onboarding/mentorship support given short tenure; offer coaching or a targeted development plan. Monitor and follow up.
3090,Morgan,Roth,Production Technician I,Production,MSC,Part-Time,Male,3.38,69.0,2,3,4,Fully Meets,5,0.41628776073400325,Medium Risk,Department = Production; training investment; low performance rating,Key drivers: Department = Production and training investment. Recommended: offer coaching or a targeted development plan. Monitor and follow up.
1779,Yael,Hodge,Production Technician I,Production,PL,Full-Time,Female,3.03,65.0,3,5,4,Fully Meets,3,0.4157811220587018,Medium Risk,Department = Production; low performance rating; training investment,Key drivers: Department = Production and low performance rating. Recommended: offer coaching or a targeted development plan. Monitor and follow up.
2242,Aileen,Pacheco,IT Support,IT/IS,MSC,Full-Time,Female,0.18,32.0,2,3,4,Fully Meets,4,0.41570629630959277,Medium Risk,short tenure; Gender = Female; low performance rating,Key drivers: short tenure and Gender = Female. Recommended: provide onboarding/mentorship support given short tenure; offer coaching or a targeted development plan. Monitor and follow up.
3905,Alayna,Hess,Network Engineer,IT/IS,WBL,Full-Time,Female,1.5,68.0,5,5,5,Fully Meets,3,0.41566478071137547,Medium Risk,short tenure; low performance rating; EmployeeClassification = Full-Time,Key drivers: short tenure and low performance rating. Recommended: provide onboarding/mentorship support given short tenure; offer coaching or a targeted development plan. Monitor and follow up.
2903,Presley,Padilla,Production Technician I,Production,NEL,Part-Time,Male,0.24,28.0,3,3,5,Needs Improvement,5,0.41550742689572817,Medium Risk,short tenure; Department = Production; experience level,Key drivers: short tenure and Department = Production. Recommended: provide onboarding/mentorship support given short tenure. Monitor and follow up.
3717,Keshawn,Le,Production Technician II,Production,EW,Contract,Female,3.19,34.0,1,4,3,Fully Meets,2,0.414817122549007,Medium Risk,Department = Production; Gender = Female; education level,Key drivers: Department = Production and Gender = Female. Recommended: check in on overall engagement and role fit. Monitor and follow up.
1043,Kale,Lang,Shared Services Manager,Software Engineering,WBL,Full-Time,Female,0.39,71.0,1,1,3,Fully Meets,3,0.4147440464488929,Medium Risk,short tenure; low performance rating; experience level,Key drivers: short tenure and low performance rating. Recommended: provide onboarding/mentorship support given short tenure; offer coaching or a targeted development plan. Monitor and follow up.
3352,Aubree,Mooney,Production Technician I,Production,EW,Part-Time,Male,3.42,40.0,5,2,2,Fully Meets,3,0.4146937716294581,Medium Risk,Department = Production; low performance rating; low satisfaction score,Key drivers: Department = Production and low performance rating. Recommended: schedule a 1:1 to discuss engagement and career goals; offer coaching or a targeted development plan. Monitor and follow up.
2331,Violet,Willis,Data Analyst,Production,TNS,Contract,Male,1.9,74.0,5,2,3,Fully Meets,1,0.41459630670750386,Medium Risk,short tenure; Department = Production; low engagement,Key drivers: short tenure and Department = Production. Recommended: schedule a 1:1 to discuss engagement and career goals; provide onboarding/mentorship support given short tenure. Monitor and follow up.
1866,Cassie,Nolan,Production Technician I,Production,EW,Contract,Male,3.41,46.0,5,3,2,Exceeds,3,0.4145847954345192,Medium Risk,Department = Production; low performance rating; low satisfaction score,Key drivers: Department = Production and low performance rating. Recommended: schedule a 1:1 to discuss engagement and career goals; offer coaching or a targeted development plan. Monitor and follow up.
3812,Sarah,Warfield,Sr. Network Engineer,IT/IS,BPC,Contract,Female,1.48,41.0,3,3,1,Fully Meets,3,0.4143467201297264,Medium Risk,short tenure; low performance rating; BusinessUnit = BPC,Key drivers: short tenure and low performance rating. Recommended: provide onboarding/mentorship support given short tenure; offer coaching or a targeted development plan. Monitor and follow up.
3561,Dianna,Blount,Production Technician II,Production,BPC,Part-Time,Female,3.33,67.0,1,2,5,Fully Meets,5,0.4142664751488146,Medium Risk,Department = Production; BusinessUnit = BPC; Gender = Female,Key drivers: Department = Production and BusinessUnit = BPC. Recommended: check in on overall engagement and role fit. Monitor and follow up.
3883,Noemi,Brewer,IT Support,IT/IS,BPC,Contract,Female,0.39,35.0,2,2,1,Fully Meets,3,0.4138820378004835,Medium Risk,short tenure; low performance rating; Gender = Female,Key drivers: short tenure and low performance rating. Recommended: provide onboarding/mentorship support given short tenure; offer coaching or a targeted development plan. Monitor and follow up.
3252,Edward,Chung,Production Technician I,Production,NEL,Full-Time,Female,3.37,33.0,3,1,1,PIP,4,0.41376979177397555,Medium Risk,Department = Production; low engagement; Gender = Female,Key drivers: Department = Production and low engagement. Recommended: schedule a 1:1 to discuss engagement and career goals. Monitor and follow up.
1163,Jordon,Meadows,Production Manager,Production,NEL,Contract,Female,3.6,30.0,2,1,3,Fully Meets,3,0.4137259556478506,Medium Risk,Department = Production; desired salary at hire; low engagement,Key drivers: Department = Production and desired salary at hire. Recommended: schedule a 1:1 to discuss engagement and career goals; review compensation against market benchmarks. Monitor and follow up.
1086,Ava,Pace,Software Engineer,Software Engineering,SVG,Contract,Female,0.19,53.0,1,1,5,Fully Meets,3,0.4133843129087486,Medium Risk,short tenure; low performance rating; age,Key drivers: short tenure and low performance rating. Recommended: provide onboarding/mentorship support given short tenure; offer coaching or a targeted development plan. Monitor and follow up.
3221,Savanah,Baker,Production Technician I,Production,PL,Full-Time,Male,3.06,81.0,3,1,5,Fully Meets,4,0.41265512257079334,Medium Risk,Department = Production; low performance rating; Race = Other,Key drivers: Department = Production and low performance rating. Recommended: offer coaching or a targeted development plan. Monitor and follow up.
3333,Yael,Sexton,Production Technician I,Production,EW,Contract,Male,3.2,34.0,3,2,1,Fully Meets,3,0.4126513668875334,Medium Risk,Department = Production; low performance rating; education level,Key drivers: Department = Production and low performance rating. Recommended: offer coaching or a targeted development plan. Monitor and follow up.
2266,Jameson,Eaton,IT Support,IT/IS,EW,Full-Time,Female,0.85,51.0,3,5,2,Fully Meets,5,0.41258275260906113,Medium Risk,short tenure; low performance rating; Gender = Female,Key drivers: short tenure and low performance rating. Recommended: provide onboarding/mentorship support given short tenure; offer coaching or a targeted development plan. Monitor and follow up.
3798,Bryanna,Ibarra,Production Technician I,Production,MSC,Full-Time,Male,3.25,65.0,1,1,1,Fully Meets,3,0.4125378177239644,Medium Risk,Department = Production; low performance rating; poor work-life balance,Key drivers: Department = Production and low performance rating. Recommended: review workload and flexible-work options; offer coaching or a targeted development plan. Monitor and follow up.
1004,Andrew,Szabo,Software Engineer,Software Engineering,PYZ,Part-Time,Male,0.77,69.0,5,3,3,Fully Meets,3,0.41228147592547376,Medium Risk,short tenure; low performance rating; Department = Software Engineering,Key drivers: short tenure and low performance rating. Recommended: provide onboarding/mentorship support given short tenure; offer coaching or a targeted development plan. Monitor and follow up.
3135,Elle,Spears,Production Technician II,Production,BPC,Part-Time,Female,3.23,33.0,2,1,1,Fully Meets,4,0.4115821501500105,Medium Risk,Department = Production; low performance rating; education level,Key drivers: Department = Production and low performance rating. Recommended: offer coaching or a targeted development plan. Monitor and follow up.
3897,Jenna,Maddox,Sr. Network Engineer,IT/IS,NEL,Part-Time,Female,2.47,70.0,4,5,3,Fully Meets,3,0.4108229389813689,Medium Risk,short tenure; low performance rating; low satisfaction score,Key drivers: short tenure and low performance rating. Recommended: schedule a 1:1 to discuss engagement and career goals; provide onboarding/mentorship support given short tenure; offer coaching or a targeted development plan. Monitor and follow up.
1146,Emmalee,Cervantes,Production Technician II,Production,SVG,Contract,Male,2.97,63.0,2,3,2,Fully Meets,3,0.4105705928176737,Medium Risk,Department = Production; low performance rating; poor work-life balance,Key drivers: Department = Production and low performance rating. Recommended: review workload and flexible-work options; offer coaching or a targeted development plan. Monitor and follow up.
1447,Lucian,Montoya,Production Technician I,Production,PYZ,Full-Time,Female,0.54,72.0,4,4,1,Exceeds,3,0.41028141901292337,Medium Risk,short tenure; Department = Production; low performance rating,Key drivers: short tenure and Department = Production. Recommended: provide onboarding/mentorship support given short tenure; offer coaching or a targeted development plan. Monitor and follow up.
1529,Nikolas,Hancock,Production Technician I,Production,NEL,Full-Time,Female,3.28,52.0,1,3,3,Fully Meets,3,0.4101870408325407,Medium Risk,Department = Production; low performance rating; desired salary at hire,Key drivers: Department = Production and low performance rating. Recommended: offer coaching or a targeted development plan; review compensation against market benchmarks. Monitor and follow up.
2891,Addyson,Pollard,Production Technician I,Production,PYZ,Contract,Male,0.24,31.0,2,5,3,Fully Meets,1,0.40952941795052006,Medium Risk,short tenure; Department = Production; PayZone = Zone A,Key drivers: short tenure and Department = Production. Recommended: provide onboarding/mentorship support given short tenure. Monitor and follow up.
1763,Mckenzie,Mack,Production Technician I,Production,BPC,Part-Time,Female,3.3,77.0,2,4,4,Fully Meets,3,0.40928872573194186,Medium Risk,Department = Production; JobFunctionDescription = Model Assistant; low performance rating,Key drivers: Department = Production and JobFunctionDescription = Model Assistant. Recommended: offer coaching or a targeted development plan. Monitor and follow up.
1706,Lailah,Hughes,BI Developer,IT/IS,NEL,Contract,Female,2.23,36.0,2,3,5,Fully Meets,3,0.4091546572719267,Medium Risk,short tenure; low performance rating; Gender = Female,Key drivers: short tenure and low performance rating. Recommended: provide onboarding/mentorship support given short tenure; offer coaching or a targeted development plan. Monitor and follow up.
2493,Connor,Carrillo,Software Engineer,Software Engineering,SVG,Contract,Male,0.57,45.0,3,1,1,Fully Meets,4,0.4084303885495376,Medium Risk,short tenure; Department = Software Engineering; age,Key drivers: short tenure and Department = Software Engineering. Recommended: provide onboarding/mentorship support given short tenure. Monitor and follow up.
3646,Brenton,Rodriguez,Production Technician II,Production,SVG,Part-Time,Female,3.26,59.0,4,5,4,Fully Meets,3,0.40811312108244996,Medium Risk,Department = Production; low performance rating; Gender = Female,Key drivers: Department = Production and low performance rating. Recommended: offer coaching or a targeted development plan. Monitor and follow up.
1995,Averie,Wolfe,Production Technician II,Production,TNS,Contract,Female,3.61,48.0,3,4,1,Fully Meets,3,0.4079604568381397,Medium Risk,Department = Production; low performance rating; Race = Other,Key drivers: Department = Production and low performance rating. Recommended: offer coaching or a targeted development plan. Monitor and follow up.
1556,Joey,Alvarez,Production Technician II,Production,PYZ,Full-Time,Female,3.22,33.0,5,4,2,Fully Meets,3,0.4079385483028018,Medium Risk,Department = Production; low performance rating; Gender = Female,Key drivers: Department = Production and low performance rating. Recommended: offer coaching or a targeted development plan. Monitor and follow up.
3640,Kale,House,Production Technician I,Production,SVG,Contract,Female,3.55,26.0,1,2,2,Fully Meets,3,0.40790036638883737,Medium Risk,Department = Production; low performance rating; poor work-life balance,Key drivers: Department = Production and low performance rating. Recommended: review workload and flexible-work options; offer coaching or a targeted development plan. Monitor and follow up.
3324,Beatrice,Vance,Production Technician II,Production,EW,Part-Time,Female,3.07,74.0,2,3,5,PIP,3,0.40777304475251813,Medium Risk,Department = Production; Gender = Female; low performance rating,Key drivers: Department = Production and Gender = Female. Recommended: offer coaching or a targeted development plan. Monitor and follow up.
3872,Lorena,Rice,IT Support,IT/IS,CCDR,Contract,Female,2.5,61.0,5,5,3,Fully Meets,3,0.4071338477698291,Medium Risk,short tenure; low performance rating; low satisfaction score,Key drivers: short tenure and low performance rating. Recommended: schedule a 1:1 to discuss engagement and career goals; provide onboarding/mentorship support given short tenure; offer coaching or a targeted development plan. Monitor and follow up.
3966,Konner,Villegas,Software Engineer,Software Engineering,NEL,Contract,Female,2.88,48.0,5,5,5,Fully Meets,3,0.4069697645063894,Medium Risk,short tenure; low performance rating; low satisfaction score,Key drivers: short tenure and low performance rating. Recommended: schedule a 1:1 to discuss engagement and career goals; provide onboarding/mentorship support given short tenure; offer coaching or a targeted development plan. Monitor and follow up.
2817,Camila,Hodges,Production Technician I,Production,TNS,Contract,Male,3.54,28.0,1,4,5,Fully Meets,4,0.4068773000315128,Medium Risk,Department = Production; low performance rating; experience level,Key drivers: Department = Production and low performance rating. Recommended: offer coaching or a targeted development plan. Monitor and follow up.
3198,Violet,Bennett,Production Technician I,Production,SVG,Contract,Female,3.56,47.0,3,1,1,Fully Meets,2,0.40675648577925105,Medium Risk,Department = Production; desired salary at hire; low engagement,Key drivers: Department = Production and desired salary at hire. Recommended: schedule a 1:1 to discuss engagement and career goals; review compensation against market benchmarks. Monitor and follow up.
1477,Frida,Wilkins,Production Technician I,Production,CCDR,Contract,Female,3.14,63.0,5,5,3,Exceeds,3,0.40576843704511906,Medium Risk,Department = Production; low performance rating; Gender = Female,Key drivers: Department = Production and low performance rating. Recommended: offer coaching or a targeted development plan. Monitor and follow up.
3928,Audrina,Yu,Network Engineer,IT/IS,TNS,Full-Time,Male,0.72,70.0,2,4,1,Fully Meets,3,0.4055944039087729,Medium Risk,short tenure; low performance rating; experience level,Key drivers: short tenure and low performance rating. Recommended: provide onboarding/mentorship support given short tenure; offer coaching or a targeted development plan. Monitor and follow up.
1736,Enrico,Langton,Production Technician I,Production,TNS,Contract,Male,3.44,71.0,1,3,3,Fully Meets,3,0.4054207424137636,Medium Risk,Department = Production; low performance rating; desired salary at hire,Key drivers: Department = Production and low performance rating. Recommended: offer coaching or a targeted development plan; review compensation against market benchmarks. Monitor and follow up.
1405,Shana,Petingill,Production Technician II,Production,PL,Part-Time,Female,3.51,49.0,3,3,3,Exceeds,3,0.40447913570266275,Medium Risk,Department = Production; low performance rating; Race = Other,Key drivers: Department = Production and low performance rating. Recommended: offer coaching or a targeted development plan. Monitor and follow up.
1764,Donavan,Chavez,Production Technician I,Production,CCDR,Full-Time,Female,3.52,78.0,3,2,5,Fully Meets,3,0.4034876588977498,Medium Risk,Department = Production; low performance rating; MaritalStatus = Married,Key drivers: Department = Production and low performance rating. Recommended: offer coaching or a targeted development plan. Monitor and follow up.
1645,Jaidyn,Malone,Area Sales Manager,IT/IS,WBL,Part-Time,Male,1.69,51.0,5,5,5,Fully Meets,3,0.40285911308837324,Medium Risk,short tenure; low performance rating; low satisfaction score,Key drivers: short tenure and low performance rating. Recommended: schedule a 1:1 to discuss engagement and career goals; provide onboarding/mentorship support given short tenure; offer coaching or a targeted development plan. Monitor and follow up.
2972,Cherly,Robinson,Production Technician I,Production,TNS,Full-Time,Female,3.45,78.0,4,3,3,Fully Meets,1,0.402418071309151,Medium Risk,Department = Production; Race = Other; Gender = Female,Key drivers: Department = Production and Race = Other. Recommended: check in on overall engagement and role fit. Monitor and follow up.
3899,Eugene,Pena,Sr. Network Engineer,IT/IS,BPC,Contract,Female,0.48,83.0,5,4,4,Fully Meets,3,0.401361977354506,Medium Risk,short tenure; low performance rating; low satisfaction score,Key drivers: short tenure and low performance rating. Recommended: schedule a 1:1 to discuss engagement and career goals; provide onboarding/mentorship support given short tenure; offer coaching or a targeted development plan. Monitor and follow up.
1538,Aaron,Tapia,Production Technician II,Production,TNS,Contract,Male,3.51,26.0,4,2,5,Fully Meets,3,0.40110216517233765,Medium Risk,Department = Production; low performance rating; age,Key drivers: Department = Production and low performance rating. Recommended: offer coaching or a targeted development plan. Monitor and follow up.
1789,Jayson,Ferguson,Production Technician I,Production,SVG,Contract,Male,3.26,63.0,3,4,1,Fully Meets,3,0.40073746177953995,Medium Risk,Department = Production; low performance rating; poor work-life balance,Key drivers: Department = Production and low performance rating. Recommended: review workload and flexible-work options; offer coaching or a targeted development plan. Monitor and follow up.
2427,Emilee,Thompson,Data Analyst,IT/IS,CCDR,Part-Time,Female,0.26,70.0,2,2,1,Fully Meets,5,0.4003694339136665,Medium Risk,short tenure; experience level; low performance rating,Key drivers: short tenure and experience level. Recommended: provide onboarding/mentorship support given short tenure; offer coaching or a targeted development plan. Monitor and follow up.
1095,Karen,Mancuso,Production Technician II,Production,WBL,Full-Time,Female,3.3,85.0,2,1,1,Fully Meets,3,0.4002587828338307,Medium Risk,Department = Production; low performance rating; low engagement,Key drivers: Department = Production and low performance rating. Recommended: schedule a 1:1 to discuss engagement and career goals; offer coaching or a targeted development plan. Monitor and follow up.
3559,Wilson K,Adinolfi,Production Technician I,Production,NEL,Part-Time,Male,0.84,35.0,2,3,1,Fully Meets,2,0.39997729813736954,Medium Risk,short tenure; Department = Production; Race = White,Key drivers: short tenure and Department = Production. Recommended: provide onboarding/mentorship support given short tenure. Monitor and follow up.
3255,Lawson,Zuniga,Production Technician I,Production,CCDR,Contract,Male,3.35,65.0,4,1,1,Fully Meets,3,0.39997062903255465,Medium Risk,Department = Production; low performance rating; poor work-life balance,Key drivers: Department = Production and low performance rating. Recommended: review workload and flexible-work options; offer coaching or a targeted development plan. Monitor and follow up.
3808,Maria,Gonzalez,IT Support,IT/IS,PYZ,Contract,Female,0.9,79.0,4,5,4,Fully Meets,3,0.3999676181104598,Medium Risk,short tenure; low performance rating; low satisfaction score,Key drivers: short tenure and low performance rating. Recommended: schedule a 1:1 to discuss engagement and career goals; provide onboarding/mentorship support given short tenure; offer coaching or a targeted development plan. Monitor and follow up.
2562,Angelique,Cochran,IT Manager - DB,IT/IS,PL,Contract,Male,1.9,59.0,4,1,3,Fully Meets,4,0.399854085369044,Medium Risk,short tenure; low performance rating; MaritalStatus = Married,Key drivers: short tenure and low performance rating. Recommended: provide onboarding/mentorship support given short tenure; offer coaching or a targeted development plan. Monitor and follow up.
3823,Alexzander,Pope,Network Engineer,Executive Office,TNS,Full-Time,Male,0.69,39.0,4,5,1,Needs Improvement,3,0.3993596295102794,Medium Risk,short tenure; low performance rating; Race = White,Key drivers: short tenure and low performance rating. Recommended: provide onboarding/mentorship support given short tenure; offer coaching or a targeted development plan. Monitor and follow up.
3107,Elijah,Barr,Production Technician I,Production,PL,Full-Time,Female,1.39,55.0,1,2,4,Fully Meets,4,0.3992663681286689,Medium Risk,short tenure; Department = Production; experience level,Key drivers: short tenure and Department = Production. Recommended: provide onboarding/mentorship support given short tenure. Monitor and follow up.
2250,Irene,Kim,IT Support,IT/IS,TNS,Contract,Female,0.13,64.0,2,4,1,Fully Meets,5,0.3989068653028337,Medium Risk,short tenure; Gender = Female; low performance rating,Key drivers: short tenure and Gender = Female. Recommended: provide onboarding/mentorship support given short tenure; offer coaching or a targeted development plan. Monitor and follow up.
3829,Jaqueline,Pittman,Sr. Network Engineer,IT/IS,BPC,Part-Time,Male,2.08,70.0,2,3,1,Exceeds,3,0.3978562962808846,Medium Risk,short tenure; low performance rating; BusinessUnit = BPC,Key drivers: short tenure and low performance rating. Recommended: provide onboarding/mentorship support given short tenure; offer coaching or a targeted development plan. Monitor and follow up.
3076,Omari,Keller,Production Technician II,Production,PYZ,Part-Time,Male,3.25,28.0,1,2,5,Fully Meets,5,0.3978095782033275,Medium Risk,Department = Production; education level; low performance rating,Key drivers: Department = Production and education level. Recommended: offer coaching or a targeted development plan. Monitor and follow up.
1671,Rose,Jordan,Sales Manager,Sales,MSC,Contract,Female,0.06,62.0,3,5,5,Fully Meets,3,0.3975143165740917,Medium Risk,short tenure; low performance rating; Gender = Female,Key drivers: short tenure and low performance rating. Recommended: provide onboarding/mentorship support given short tenure; offer coaching or a targeted development plan. Monitor and follow up.
1580,Lilianna,Lynn,Production Technician II,Production,TNS,Part-Time,Male,3.31,54.0,1,1,5,Needs Improvement,3,0.39726899349591294,Medium Risk,Department = Production; low performance rating; Division = Finance & Accounting,Key drivers: Department = Production and low performance rating. Recommended: offer coaching or a targeted development plan. Monitor and follow up.
1089,Kayla,Farrell,Software Engineer,Software Engineering,BPC,Full-Time,Female,0.05,73.0,1,3,5,Fully Meets,3,0.3969273664015619,Medium Risk,short tenure; low performance rating; PayZone = Zone A,Key drivers: short tenure and low performance rating. Recommended: provide onboarding/mentorship support given short tenure; offer coaching or a targeted development plan. Monitor and follow up.
1626,Katie,Roper,Data Architect,IT/IS,PL,Full-Time,Female,0.72,79.0,4,3,5,Needs Improvement,3,0.39679305276562615,Medium Risk,short tenure; low performance rating; low satisfaction score,Key drivers: short tenure and low performance rating. Recommended: schedule a 1:1 to discuss engagement and career goals; provide onboarding/mentorship support given short tenure; offer coaching or a targeted development plan. Monitor and follow up.
1820,Toby,Cooley,Production Technician I,Production,PYZ,Full-Time,Female,3.23,46.0,4,5,3,Fully Meets,3,0.39637618890446485,Medium Risk,Department = Production; JobFunctionDescription = Shop; low performance rating,Key drivers: Department = Production and JobFunctionDescription = Shop. Recommended: offer coaching or a targeted development plan. Monitor and follow up.
3189,Jasiah,Palmer,Production Technician I,Production,TNS,Full-Time,Female,2.98,62.0,3,4,4,PIP,1,0.3956152407494746,Medium Risk,Department = Production; Gender = Female; MaritalStatus = Married,Key drivers: Department = Production and Gender = Female. Recommended: check in on overall engagement and role fit. Monitor and follow up.
3822,Katrina,Lambert,Network Engineer,Executive Office,WBL,Full-Time,Male,2.53,51.0,4,4,5,Fully Meets,3,0.3955606905270633,Medium Risk,short tenure; low performance rating; low satisfaction score,Key drivers: short tenure and low performance rating. Recommended: schedule a 1:1 to discuss engagement and career goals; provide onboarding/mentorship support given short tenure; offer coaching or a targeted development plan. Monitor and follow up.
1322,Mia,Brown,Accountant I,Admin Offices,TNS,Full-Time,Female,0.39,41.0,5,1,2,Fully Meets,3,0.3949656585305229,Medium Risk,short tenure; low performance rating; low satisfaction score,Key drivers: short tenure and low performance rating. Recommended: schedule a 1:1 to discuss engagement and career goals; provide onboarding/mentorship support given short tenure; offer coaching or a targeted development plan. Monitor and follow up.
1242,Marilyn,Greer,Production Technician I,Production,NEL,Full-Time,Female,3.26,67.0,4,4,1,Fully Meets,3,0.39491181883976245,Medium Risk,Department = Production; low performance rating; training investment,Key drivers: Department = Production and low performance rating. Recommended: offer coaching or a targeted development plan. Monitor and follow up.
3934,Alanna,Mullins,IT Support,IT/IS,NEL,Full-Time,Female,2.08,48.0,3,3,2,Fully Meets,3,0.3948153438678499,Medium Risk,short tenure; low performance rating; Gender = Female,Key drivers: short tenure and low performance rating. Recommended: provide onboarding/mentorship support given short tenure; offer coaching or a targeted development plan. Monitor and follow up.
1440,Humberto,Horn,Production Technician I,Production,PL,Part-Time,Female,2.98,29.0,1,3,4,Needs Improvement,3,0.394537171011773,Medium Risk,Department = Production; low performance rating; experience level,Key drivers: Department = Production and low performance rating. Recommended: offer coaching or a targeted development plan. Monitor and follow up.
3852,Dante,Wyatt,Principal Data Architect,IT/IS,PL,Part-Time,Female,2.57,39.0,2,5,4,PIP,3,0.39430836915918904,Medium Risk,short tenure; low performance rating; Gender = Female,Key drivers: short tenure and low performance rating. Recommended: provide onboarding/mentorship support given short tenure; offer coaching or a targeted development plan. Monitor and follow up.
1724,Valerie,Davis,CIO,IT/IS,TNS,Part-Time,Female,0.58,69.0,2,4,2,Fully Meets,3,0.39412703163700274,Medium Risk,short tenure; low performance rating; Gender = Female,Key drivers: short tenure and low performance rating. Recommended: provide onboarding/mentorship support given short tenure; offer coaching or a targeted development plan. Monitor and follow up.
3258,Slade,Randolph,Production Technician II,Production,BPC,Part-Time,Male,3.44,55.0,4,4,3,Fully Meets,2,0.3939915586068116,Medium Risk,Department = Production; BusinessUnit = BPC; Race = White,Key drivers: Department = Production and BusinessUnit = BPC. Recommended: check in on overall engagement and role fit. Monitor and follow up.
3211,Phylicia,Gosciminski,Production Technician II,Production,SVG,Part-Time,Female,3.18,71.0,5,1,3,Fully Meets,2,0.39352917150572014,Medium Risk,Department = Production; Gender = Female; PayZone = Zone B,Key drivers: Department = Production and Gender = Female. Recommended: check in on overall engagement and role fit. Monitor and follow up.
1318,Nan,Singh,Administrative Assistant,Admin Offices,WBL,Contract,Female,0.02,42.0,4,5,2,Fully Meets,3,0.3935244582130691,Medium Risk,short tenure; low satisfaction score; low performance rating,Key drivers: short tenure and low satisfaction score. Recommended: schedule a 1:1 to discuss engagement and career goals; provide onboarding/mentorship support given short tenure; offer coaching or a targeted development plan. Monitor and follow up.
2158,Melany,Stafford,Production Technician I,Production,PL,Full-Time,Female,3.42,64.0,4,2,3,Exceeds,3,0.3934025826032529,Medium Risk,Department = Production; low performance rating; low satisfaction score,Key drivers: Department = Production and low performance rating. Recommended: schedule a 1:1 to discuss engagement and career goals; offer coaching or a targeted development plan. Monitor and follow up.
2222,Caiden,Lam,IT Support,IT/IS,TNS,Part-Time,Female,1.08,28.0,3,2,5,Exceeds,4,0.3933803569000707,Medium Risk,short tenure; low performance rating; Gender = Female,Key drivers: short tenure and low performance rating. Recommended: provide onboarding/mentorship support given short tenure; offer coaching or a targeted development plan. Monitor and follow up.
3191,Monserrat,Miranda,Production Technician I,Production,BPC,Part-Time,Male,0.1,81.0,2,1,2,Fully Meets,2,0.3930092746750323,Medium Risk,short tenure; Department = Production; BusinessUnit = BPC,Key drivers: short tenure and Department = Production. Recommended: provide onboarding/mentorship support given short tenure. Monitor and follow up.
2985,Anthony,Heitzman,Production Technician I,Production,SVG,Contract,Male,1.43,56.0,5,3,2,Fully Meets,1,0.3927565733234788,Medium Risk,short tenure; Department = Production; low satisfaction score,Key drivers: short tenure and Department = Production. Recommended: schedule a 1:1 to discuss engagement and career goals; provide onboarding/mentorship support given short tenure. Monitor and follow up.
1643,Kamden,Paul,Area Sales Manager,IT/IS,SVG,Full-Time,Male,1.71,45.0,3,5,4,Fully Meets,3,0.39226147134567996,Medium Risk,short tenure; low performance rating; age,Key drivers: short tenure and low performance rating. Recommended: provide onboarding/mentorship support given short tenure; offer coaching or a targeted development plan. Monitor and follow up.
1340,Willow,Golden,Sr. Network Engineer,IT/IS,EW,Full-Time,Male,0.67,81.0,4,5,4,Fully Meets,3,0.3908112834768995,Medium Risk,short tenure; low performance rating; low satisfaction score,Key drivers: short tenure and low performance rating. Recommended: schedule a 1:1 to discuss engagement and career goals; provide onboarding/mentorship support given short tenure; offer coaching or a targeted development plan. Monitor and follow up.
3165,Kasey,Pineda,Production Technician I,Production,CCDR,Part-Time,Female,1.92,32.0,5,1,5,Fully Meets,2,0.39060563736486864,Medium Risk,short tenure; Department = Production; Gender = Female,Key drivers: short tenure and Department = Production. Recommended: provide onboarding/mentorship support given short tenure. Monitor and follow up.
3267,Perla,Terry,Production Technician I,Production,SVG,Contract,Female,0.1,63.0,5,1,2,Fully Meets,5,0.39032048315579065,Medium Risk,short tenure; Department = Production; low satisfaction score,Key drivers: short tenure and Department = Production. Recommended: schedule a 1:1 to discuss engagement and career goals; provide onboarding/mentorship support given short tenure. Monitor and follow up.
3895,Myah,Marsh,IT Support,IT/IS,NEL,Full-Time,Female,1.54,83.0,1,2,2,Fully Meets,3,0.3897686301530396,Medium Risk,short tenure; low performance rating; Gender = Female,Key drivers: short tenure and low performance rating. Recommended: provide onboarding/mentorship support given short tenure; offer coaching or a targeted development plan. Monitor and follow up.
1356,Dante,Strong,Accountant I,Admin Offices,EW,Part-Time,Female,0.25,38.0,1,1,1,Fully Meets,3,0.38969238052736294,Medium Risk,short tenure; low performance rating; training investment,Key drivers: short tenure and low performance rating. Recommended: provide onboarding/mentorship support given short tenure; offer coaching or a targeted development plan. Monitor and follow up.
1006,Colby,Andreola,Software Engineer,Software Engineering,MSC,Full-Time,Female,0.27,67.0,2,5,1,Fully Meets,3,0.3896533796986035,Medium Risk,short tenure; low performance rating; Race = White,Key drivers: short tenure and low performance rating. Recommended: provide onboarding/mentorship support given short tenure; offer coaching or a targeted development plan. Monitor and follow up.
3920,Haley,Weaver,IT Support,IT/IS,PL,Full-Time,Female,1.69,65.0,1,2,4,Fully Meets,3,0.38957879875450246,Medium Risk,short tenure; low performance rating; Gender = Female,Key drivers: short tenure and low performance rating. Recommended: provide onboarding/mentorship support given short tenure; offer coaching or a targeted development plan. Monitor and follow up.
3870,Annalise,Gross,IT Support,IT/IS,PL,Contract,Male,0.0,60.0,5,1,1,Fully Meets,3,0.3888631290475995,Medium Risk,short tenure; low performance rating; low satisfaction score,Key drivers: short tenure and low performance rating. Recommended: schedule a 1:1 to discuss engagement and career goals; provide onboarding/mentorship support given short tenure; offer coaching or a targeted development plan. Monitor and follow up.
3428,Paula,Small,Production Technician I,Production,EW,Contract,Male,3.45,61.0,1,2,5,Fully Meets,3,0.38869491249612104,Medium Risk,Department = Production; low performance rating; low engagement,Key drivers: Department = Production and low performance rating. Recommended: schedule a 1:1 to discuss engagement and career goals; offer coaching or a targeted development plan. Monitor and follow up.
3020,Lincoln,Brady,Production Technician I,Production,TNS,Part-Time,Male,3.0,83.0,5,2,1,PIP,2,0.3885520012554825,Medium Risk,Department = Production; education level; training investment,Key drivers: Department = Production and education level. Recommended: check in on overall engagement and role fit. Monitor and follow up.
2047,Gwendolyn,Gray,Production Technician II,Production,TNS,Contract,Female,3.62,60.0,5,3,3,Fully Meets,3,0.3884359938646344,Medium Risk,Department = Production; low performance rating; low satisfaction score,Key drivers: Department = Production and low performance rating. Recommended: schedule a 1:1 to discuss engagement and career goals; offer coaching or a targeted development plan. Monitor and follow up.
1895,Lillie,Bush,Production Technician II,Production,EW,Part-Time,Female,3.63,37.0,5,4,2,Fully Meets,3,0.3882471059130721,Medium Risk,Department = Production; low performance rating; low satisfaction score,Key drivers: Department = Production and low performance rating. Recommended: schedule a 1:1 to discuss engagement and career goals; offer coaching or a targeted development plan. Monitor and follow up.
1894,Hadley,Tapia,Production Technician II,Production,CCDR,Full-Time,Male,3.56,67.0,1,3,5,Fully Meets,3,0.3879133633456725,Medium Risk,Department = Production; low performance rating; education level,Key drivers: Department = Production and low performance rating. Recommended: offer coaching or a targeted development plan. Monitor and follow up.
1330,Eddie,Bauer,Accountant I,Admin Offices,MSC,Full-Time,Female,0.64,36.0,5,3,2,Fully Meets,3,0.3878764648738936,Medium Risk,short tenure; low performance rating; low satisfaction score,Key drivers: short tenure and low performance rating. Recommended: schedule a 1:1 to discuss engagement and career goals; provide onboarding/mentorship support given short tenure; offer coaching or a targeted development plan. Monitor and follow up.
3992,Evelin,Snow,Data Analyst,IT/IS,SVG,Part-Time,Male,0.41,65.0,3,4,1,Fully Meets,3,0.38783867952440587,Medium Risk,short tenure; low performance rating; EmployeeClassification = Full-Time,Key drivers: short tenure and low performance rating. Recommended: provide onboarding/mentorship support given short tenure; offer coaching or a targeted development plan. Monitor and follow up.
1680,Lillian,Steele,Senior BI Developer,IT/IS,CCDR,Full-Time,Male,0.98,50.0,4,5,5,Fully Meets,3,0.3876665366007206,Medium Risk,short tenure; low performance rating; low satisfaction score,Key drivers: short tenure and low performance rating. Recommended: schedule a 1:1 to discuss engagement and career goals; provide onboarding/mentorship support given short tenure; offer coaching or a targeted development plan. Monitor and follow up.
3832,Sloane,Rasmussen,Sr. DBA,IT/IS,EW,Full-Time,Female,1.16,62.0,4,1,5,PIP,3,0.38730371092973387,Medium Risk,short tenure; low performance rating; Gender = Female,Key drivers: short tenure and low performance rating. Recommended: provide onboarding/mentorship support given short tenure; offer coaching or a targeted development plan. Monitor and follow up.
1152,Jadyn,Haley,Production Technician I,Production,CCDR,Full-Time,Female,3.53,63.0,1,1,5,Fully Meets,3,0.3871955778508814,Medium Risk,Department = Production; low performance rating; Gender = Female,Key drivers: Department = Production and low performance rating. Recommended: offer coaching or a targeted development plan. Monitor and follow up.
3949,Claudia N,Carr,Sr. DBA,IT/IS,SVG,Full-Time,Female,0.79,35.0,2,5,5,Fully Meets,3,0.3866588357421836,Medium Risk,short tenure; low performance rating; PayZone = Zone A,Key drivers: short tenure and low performance rating. Recommended: provide onboarding/mentorship support given short tenure; offer coaching or a targeted development plan. Monitor and follow up.
2453,Mila,Poole,Production Manager,Production,CCDR,Full-Time,Male,3.2,38.0,3,3,3,Fully Meets,1,0.3860620787562782,Medium Risk,Department = Production; Employee = Full-Time; Race = Other,Key drivers: Department = Production and Employee = Full-Time. Recommended: check in on overall engagement and role fit. Monitor and follow up.
1553,Walker,Baird,Production Technician I,Production,EW,Part-Time,Female,3.61,66.0,1,3,5,Fully Meets,3,0.38565013260483416,Medium Risk,Department = Production; desired salary at hire; low performance rating,Key drivers: Department = Production and desired salary at hire. Recommended: offer coaching or a targeted development plan; review compensation against market benchmarks. Monitor and follow up.
3291,Shamar,Serrano,Production Technician I,Production,WBL,Contract,Male,2.98,69.0,1,1,3,Fully Meets,2,0.38518522216863277,Medium Risk,Department = Production; desired salary at hire; low engagement,Key drivers: Department = Production and desired salary at hire. Recommended: schedule a 1:1 to discuss engagement and career goals; review compensation against market benchmarks. Monitor and follow up.
3380,Victor,Ibarra,Production Technician I,Production,EW,Full-Time,Male,3.08,42.0,3,4,2,Exceeds,1,0.38509796596231827,Medium Risk,Department = Production; Division = Field Operations; poor work-life balance,Key drivers: Department = Production and Division = Field Operations. Recommended: review workload and flexible-work options. Monitor and follow up.
2839,Jaylee,Cunningham,Production Technician I,Production,WBL,Part-Time,Male,2.31,57.0,4,1,5,Fully Meets,1,0.38503356064307037,Medium Risk,short tenure; Department = Production; MaritalStatus = Married,Key drivers: short tenure and Department = Production. Recommended: provide onboarding/mentorship support given short tenure. Monitor and follow up.
3873,Eliezer,Stokes,Sr. Network Engineer,IT/IS,NEL,Full-Time,Male,1.3,54.0,4,3,5,Fully Meets,3,0.3847110683737501,Medium Risk,short tenure; low performance rating; low satisfaction score,Key drivers: short tenure and low performance rating. Recommended: schedule a 1:1 to discuss engagement and career goals; provide onboarding/mentorship support given short tenure; offer coaching or a targeted development plan. Monitor and follow up.
2572,Alannah,Rivas,BI Developer,IT/IS,PYZ,Contract,Male,0.72,32.0,1,1,2,Fully Meets,4,0.384187222715973,Medium Risk,short tenure; low performance rating; training investment,Key drivers: short tenure and low performance rating. Recommended: provide onboarding/mentorship support given short tenure; offer coaching or a targeted development plan. Monitor and follow up.
2775,Toby,Yates,Production Technician I,Production,MSC,Part-Time,Female,3.55,60.0,4,1,3,Fully Meets,2,0.3840881569043255,Medium Risk,Department = Production; Race = White; Gender = Female,Key drivers: Department = Production and Race = White. Recommended: check in on overall engagement and role fit. Monitor and follow up.
3302,Maya,Mccoy,Production Technician II,Production,PYZ,Full-Time,Female,3.42,83.0,1,5,2,Fully Meets,4,0.3840234467640579,Medium Risk,Department = Production; low performance rating; education level,Key drivers: Department = Production and low performance rating. Recommended: offer coaching or a targeted development plan. Monitor and follow up.
1621,Robert,Hubert,BI Developer,IT/IS,MSC,Full-Time,Male,1.35,51.0,1,4,3,Needs Improvement,3,0.3838915756741615,Medium Risk,short tenure; low performance rating; desired salary at hire,Key drivers: short tenure and low performance rating. Recommended: provide onboarding/mentorship support given short tenure; offer coaching or a targeted development plan; review compensation against market benchmarks. Monitor and follow up.
3833,Elise,Vazquez,Network Engineer,Executive Office,PYZ,Full-Time,Male,0.77,73.0,5,3,2,PIP,3,0.3838198897389608,Medium Risk,short tenure; low performance rating; education level,Key drivers: short tenure and low performance rating. Recommended: provide onboarding/mentorship support given short tenure; offer coaching or a targeted development plan. Monitor and follow up.
1467,Phoebe,Dorsey,Production Technician I,Production,SVG,Full-Time,Female,3.32,37.0,4,3,2,Fully Meets,3,0.38377474218219815,Medium Risk,Department = Production; low performance rating; Gender = Female,Key drivers: Department = Production and low performance rating. Recommended: offer coaching or a targeted development plan. Monitor and follow up.
1313,Eddie,Whitney,Production Technician I,Production,PYZ,Contract,Female,3.27,69.0,4,5,1,Fully Meets,3,0.38319792859480206,Medium Risk,Department = Production; low performance rating; education level,Key drivers: Department = Production and low performance rating. Recommended: offer coaching or a targeted development plan. Monitor and follow up.
3970,Macy,Webster,Database Administrator,IT/IS,PYZ,Part-Time,Female,2.56,76.0,1,5,5,Exceeds,3,0.38282009345344487,Medium Risk,short tenure; low performance rating; Gender = Female,Key drivers: short tenure and low performance rating. Recommended: provide onboarding/mentorship support given short tenure; offer coaching or a targeted development plan. Monitor and follow up.
1413,Ann,Montgomery,Production Technician I,Production,TNS,Part-Time,Male,3.37,83.0,3,4,2,Needs Improvement,3,0.3822715311094249,Medium Risk,Department = Production; low performance rating; Division = Finance & Accounting,Key drivers: Department = Production and low performance rating. Recommended: offer coaching or a targeted development plan. Monitor and follow up.
1304,Kylie,Gilbert,Production Technician I,Production,WBL,Full-Time,Female,3.5,30.0,5,3,1,Fully Meets,3,0.38222116024998204,Medium Risk,Department = Production; low performance rating; poor work-life balance,Key drivers: Department = Production and low performance rating. Recommended: review workload and flexible-work options; offer coaching or a targeted development plan. Monitor and follow up.
1644,Octavio,Hicks,Area Sales Manager,IT/IS,TNS,Contract,Male,0.01,26.0,1,3,1,Fully Meets,3,0.38210520794425995,Medium Risk,short tenure; low performance rating; low performance score,Key drivers: short tenure and low performance rating. Recommended: provide onboarding/mentorship support given short tenure; offer coaching or a targeted development plan. Monitor and follow up.
2246,Britney,Logan,IT Manager - DB,IT/IS,NEL,Contract,Male,1.49,53.0,4,3,5,Fully Meets,4,0.3820870555838898,Medium Risk,short tenure; low satisfaction score; low performance rating,Key drivers: short tenure and low satisfaction score. Recommended: schedule a 1:1 to discuss engagement and career goals; provide onboarding/mentorship support given short tenure; offer coaching or a targeted development plan. Monitor and follow up.
2537,Darien,Sawyer,BI Developer,IT/IS,PL,Full-Time,Female,0.72,75.0,5,4,4,Fully Meets,2,0.3820082601112776,Medium Risk,short tenure; Gender = Female; low satisfaction score,Key drivers: short tenure and Gender = Female. Recommended: schedule a 1:1 to discuss engagement and career goals; provide onboarding/mentorship support given short tenure. Monitor and follow up.
3838,Tanya,Leonard,IT Support,IT/IS,CCDR,Part-Time,Female,2.34,47.0,1,1,2,PIP,3,0.38192724105566606,Medium Risk,short tenure; low performance rating; experience level,Key drivers: short tenure and low performance rating. Recommended: provide onboarding/mentorship support given short tenure; offer coaching or a targeted development plan. Monitor and follow up.
1785,Miley,Gutierrez,Production Technician I,Production,NEL,Full-Time,Female,3.11,77.0,4,4,5,Fully Meets,3,0.3814769734585161,Medium Risk,Department = Production; low performance rating; Gender = Female,Key drivers: Department = Production and low performance rating. Recommended: offer coaching or a targeted development plan. Monitor and follow up.
2494,Owen,Burch,IT Manager - DB,IT/IS,MSC,Contract,Male,2.6,48.0,1,1,1,Fully Meets,4,0.381431264930275,Medium Risk,short tenure; low performance rating; training investment,Key drivers: short tenure and low performance rating. Recommended: provide onboarding/mentorship support given short tenure; offer coaching or a targeted development plan. Monitor and follow up.
3921,Alessandra,Lee,IT Support,IT/IS,BPC,Contract,Female,2.42,83.0,3,4,2,Fully Meets,3,0.3813693692843342,Medium Risk,short tenure; low performance rating; Gender = Female,Key drivers: short tenure and low performance rating. Recommended: provide onboarding/mentorship support given short tenure; offer coaching or a targeted development plan. Monitor and follow up.
3089,Baylee,Castaneda,Production Technician I,Production,EW,Contract,Female,3.21,63.0,3,5,5,Fully Meets,4,0.38089636998934884,Medium Risk,Department = Production; Gender = Female; low performance rating,Key drivers: Department = Production and Gender = Female. Recommended: offer coaching or a targeted development plan. Monitor and follow up.
1611,Jacoby,Singleton,Production Technician I,Production,MSC,Full-Time,Female,3.61,64.0,2,1,2,Needs Improvement,3,0.3803639583347395,Medium Risk,Department = Production; desired salary at hire; low performance rating,Key drivers: Department = Production and desired salary at hire. Recommended: offer coaching or a targeted development plan; review compensation against market benchmarks. Monitor and follow up.
3655,Martha,Kemp,Production Technician I,Production,SVG,Part-Time,Male,3.41,28.0,5,1,1,Fully Meets,3,0.3802311515806876,Medium Risk,Department = Production; low performance rating; JobFunctionDescription = Engineer,Key drivers: Department = Production and low performance rating. Recommended: offer coaching or a targeted development plan. Monitor and follow up.
1481,Ashlynn,Moses,Production Technician I,Production,TNS,Full-Time,Male,3.36,26.0,5,3,3,Exceeds,3,0.37974210707270034,Medium Risk,Department = Production; low performance rating; experience level,Key drivers: Department = Production and low performance rating. Recommended: offer coaching or a targeted development plan. Monitor and follow up.
1614,Giovanna,Morton,Production Technician I,Production,WBL,Part-Time,Male,3.59,75.0,4,1,2,Needs Improvement,3,0.37966025976688844,Medium Risk,Department = Production; low performance rating; education level,Key drivers: Department = Production and low performance rating. Recommended: offer coaching or a targeted development plan. Monitor and follow up.
3850,Kylie,Cantrell,Sr. Network Engineer,IT/IS,MSC,Part-Time,Male,2.3,73.0,3,1,5,Fully Meets,3,0.3787221474175229,Medium Risk,short tenure; low performance rating; desired salary at hire,Key drivers: short tenure and low performance rating. Recommended: provide onboarding/mentorship support given short tenure; offer coaching or a targeted development plan; review compensation against market benchmarks. Monitor and follow up.
3567,Nader,Barton,Production Technician I,Production,EW,Full-Time,Male,3.39,60.0,3,2,2,Fully Meets,4,0.37804882242256715,Medium Risk,Department = Production; low performance rating; training investment,Key drivers: Department = Production and low performance rating. Recommended: offer coaching or a targeted development plan. Monitor and follow up.
2900,Katelyn,Garner,Production Technician I,Production,TNS,Part-Time,Male,1.69,74.0,4,1,1,Exceeds,2,0.3777578705535005,Medium Risk,short tenure; Department = Production; PayZone = Zone B,Key drivers: short tenure and Department = Production. Recommended: provide onboarding/mentorship support given short tenure. Monitor and follow up.
2918,Brice,Medina,Production Technician I,Production,SVG,Part-Time,Female,3.58,47.0,3,4,1,Exceeds,4,0.3777572122901139,Medium Risk,Department = Production; training investment; poor work-life balance,Key drivers: Department = Production and training investment. Recommended: review workload and flexible-work options. Monitor and follow up.
3765,Guadalupe,Burke,Production Technician II,Production,TNS,Part-Time,Female,3.9,57.0,1,1,2,Fully Meets,3,0.37738776423831477,Medium Risk,Department = Production; desired salary at hire; low performance rating,Key drivers: Department = Production and desired salary at hire. Recommended: offer coaching or a targeted development plan; review compensation against market benchmarks. Monitor and follow up.
1353,Noe,Mann,Sr. Network Engineer,IT/IS,WBL,Part-Time,Male,1.31,80.0,1,5,5,Fully Meets,3,0.37733886220013496,Medium Risk,short tenure; low performance rating; training investment,Key drivers: short tenure and low performance rating. Recommended: provide onboarding/mentorship support given short tenure; offer coaching or a targeted development plan. Monitor and follow up.
3877,Oscar,Lopez,Network Engineer,Executive Office,MSC,Part-Time,Male,1.46,51.0,3,3,4,PIP,3,0.37705411898687097,Medium Risk,short tenure; low performance rating; age,Key drivers: short tenure and low performance rating. Recommended: provide onboarding/mentorship support given short tenure; offer coaching or a targeted development plan. Monitor and follow up.
3204,Bruno,Rossetti,Production Technician I,Production,BPC,Contract,Male,3.14,67.0,1,4,1,Fully Meets,4,0.3766851312193577,Medium Risk,Department = Production; low performance rating; Race = White,Key drivers: Department = Production and low performance rating. Recommended: offer coaching or a targeted development plan. Monitor and follow up.
3855,Brady,Yoder,Network Engineer,Executive Office,WBL,Part-Time,Male,1.22,27.0,3,5,4,Fully Meets,3,0.3766029124356075,Medium Risk,short tenure; low performance rating; Employee = Part-Time,Key drivers: short tenure and low performance rating. Recommended: provide onboarding/mentorship support given short tenure; offer coaching or a targeted development plan. Monitor and follow up.
3381,Annabelle,Marquez,Production Technician I,Production,MSC,Contract,Male,3.6,72.0,5,1,2,Exceeds,3,0.37601097824697866,Medium Risk,Department = Production; desired salary at hire; low performance rating,Key drivers: Department = Production and desired salary at hire. Recommended: offer coaching or a targeted development plan; review compensation against market benchmarks. Monitor and follow up.
3844,Edgar,Underwood,Network Engineer,Executive Office,PYZ,Part-Time,Male,1.19,65.0,2,3,5,PIP,3,0.3754900475545231,Medium Risk,short tenure; low performance rating; desired salary at hire,Key drivers: short tenure and low performance rating. Recommended: provide onboarding/mentorship support given short tenure; offer coaching or a targeted development plan; review compensation against market benchmarks. Monitor and follow up.
3964,Marlee,Stevens,Sr. Accountant,IT/IS,PYZ,Part-Time,Male,1.63,25.0,2,5,3,Exceeds,3,0.37496651544259973,Medium Risk,short tenure; low performance rating; training investment,Key drivers: short tenure and low performance rating. Recommended: provide onboarding/mentorship support given short tenure; offer coaching or a targeted development plan. Monitor and follow up.
1675,Dawson,Pollard,Area Sales Manager,IT/IS,SVG,Full-Time,Male,0.2,67.0,1,4,4,Fully Meets,3,0.3749594206307003,Medium Risk,short tenure; low performance rating; Employee = Full-Time,Key drivers: short tenure and low performance rating. Recommended: provide onboarding/mentorship support given short tenure; offer coaching or a targeted development plan. Monitor and follow up.
3662,Hugh,Berry,Production Technician I,Production,NEL,Full-Time,Male,3.12,53.0,5,3,3,Exceeds,2,0.37464786222755514,Medium Risk,Department = Production; PayZone = Zone B; BusinessUnit = NEL,Key drivers: Department = Production and PayZone = Zone B. Recommended: check in on overall engagement and role fit. Monitor and follow up.
3058,Amirah,Cline,Production Technician I,Production,PYZ,Part-Time,Male,1.46,61.0,1,4,1,Fully Meets,1,0.3742468546227306,Medium Risk,short tenure; Department = Production; PayZone = Zone A,Key drivers: short tenure and Department = Production. Recommended: provide onboarding/mentorship support given short tenure. Monitor and follow up.
1225,Irvin,Warner,Production Technician I,Production,PYZ,Contract,Male,3.2,70.0,2,1,4,Fully Meets,3,0.3741692998526257,Medium Risk,Department = Production; low performance rating; training investment,Key drivers: Department = Production and low performance rating. Recommended: offer coaching or a targeted development plan. Monitor and follow up.
3918,Myah,Waller,Network Engineer,IT/IS,WBL,Contract,Female,2.5,66.0,3,3,5,Fully Meets,3,0.3732991498867247,Medium Risk,short tenure; low performance rating; Gender = Female,Key drivers: short tenure and low performance rating. Recommended: provide onboarding/mentorship support given short tenure; offer coaching or a targeted development plan. Monitor and follow up.
2128,Remington,Walton,Production Technician I,Production,PYZ,Full-Time,Female,3.33,71.0,3,1,1,Needs Improvement,2,0.37327075857830877,Medium Risk,Department = Production; Gender = Female; PayZone = Zone A,Key drivers: Department = Production and Gender = Female. Recommended: check in on overall engagement and role fit. Monitor and follow up.
3809,Jumil,Turpin,Network Engineer,IT/IS,TNS,Part-Time,Male,0.88,26.0,1,3,5,Fully Meets,3,0.3732640723062417,Medium Risk,short tenure; low performance rating; experience level,Key drivers: short tenure and low performance rating. Recommended: provide onboarding/mentorship support given short tenure; offer coaching or a targeted development plan. Monitor and follow up.
3842,Kyla,Durham,Enterprise Architect,IT/IS,SVG,Part-Time,Female,0.97,75.0,5,2,5,Fully Meets,3,0.3728653702591322,Medium Risk,short tenure; low performance rating; low satisfaction score,Key drivers: short tenure and low performance rating. Recommended: schedule a 1:1 to discuss engagement and career goals; provide onboarding/mentorship support given short tenure; offer coaching or a targeted development plan. Monitor and follow up.
3847,Gilbert,Klein,IT Support,IT/IS,PL,Part-Time,Male,1.3,28.0,3,5,1,Fully Meets,3,0.3728159184877134,Medium Risk,short tenure; low performance rating; Employee = Part-Time,Key drivers: short tenure and low performance rating. Recommended: provide onboarding/mentorship support given short tenure; offer coaching or a targeted development plan. Monitor and follow up.
3007,Madeline,Powell,Production Technician II,Production,PL,Part-Time,Female,3.52,77.0,5,2,3,Fully Meets,2,0.372726933751061,Medium Risk,Department = Production; Gender = Female; low engagement,Key drivers: Department = Production and Gender = Female. Recommended: schedule a 1:1 to discuss engagement and career goals. Monitor and follow up.
3404,Willie,Howe,Production Technician I,Production,PYZ,Part-Time,Female,3.55,42.0,1,4,1,Fully Meets,2,0.372660597692913,Medium Risk,Department = Production; Gender = Female; Race = Other,Key drivers: Department = Production and Gender = Female. Recommended: check in on overall engagement and role fit. Monitor and follow up.
1470,Julia,Lawrence,Production Technician I,Production,BPC,Part-Time,Female,3.46,31.0,4,1,1,Exceeds,3,0.37218937639963245,Medium Risk,Department = Production; low performance rating; low engagement,Key drivers: Department = Production and low performance rating. Recommended: schedule a 1:1 to discuss engagement and career goals; offer coaching or a targeted development plan. Monitor and follow up.
2071,Maren,Whitehead,Production Technician II,Production,TNS,Contract,Female,3.56,49.0,1,2,5,Fully Meets,3,0.3719510502455025,Medium Risk,Department = Production; low performance rating; Gender = Female,Key drivers: Department = Production and low performance rating. Recommended: offer coaching or a targeted development plan. Monitor and follow up.
1023,Nickolas,Davila,Shared Services Manager,Software Engineering,WBL,Contract,Male,2.92,34.0,4,4,3,Fully Meets,3,0.37131748400893405,Medium Risk,short tenure; low performance rating; Department = Software Engineering,Key drivers: short tenure and low performance rating. Recommended: provide onboarding/mentorship support given short tenure; offer coaching or a targeted development plan. Monitor and follow up.
3707,Joshua,Mitchell,Production Technician I,Production,TNS,Contract,Male,3.62,31.0,2,3,4,Exceeds,3,0.3712420267909423,Medium Risk,Department = Production; low performance rating; experience level,Key drivers: Department = Production and low performance rating. Recommended: offer coaching or a targeted development plan. Monitor and follow up.
2567,Sylvia,Price,IT Manager - Infra,IT/IS,CCDR,Full-Time,Male,0.59,67.0,3,4,5,Fully Meets,5,0.3711370328168776,Medium Risk,short tenure; low performance rating; PayZone = Zone B,Key drivers: short tenure and low performance rating. Recommended: provide onboarding/mentorship support given short tenure; offer coaching or a targeted development plan. Monitor and follow up.
1339,Kadence,Gentry,Sr. Network Engineer,IT/IS,CCDR,Contract,Male,1.37,45.0,3,1,2,Fully Meets,3,0.37099088515349626,Medium Risk,short tenure; low performance rating; experience level,Key drivers: short tenure and low performance rating. Recommended: provide onboarding/mentorship support given short tenure; offer coaching or a targeted development plan. Monitor and follow up.
3979,Peyton,Phelps,Software Engineering Manager,IT/IS,WBL,Contract,Female,1.37,59.0,5,3,2,Fully Meets,3,0.37088612012344235,Medium Risk,short tenure; low performance rating; Gender = Female,Key drivers: short tenure and low performance rating. Recommended: provide onboarding/mentorship support given short tenure; offer coaching or a targeted development plan. Monitor and follow up.
3908,Kimberly,Watson,IT Support,IT/IS,BPC,Part-Time,Female,1.62,40.0,5,2,3,Needs Improvement,3,0.37047443203285063,Medium Risk,short tenure; low performance rating; Gender = Female,Key drivers: short tenure and low performance rating. Recommended: provide onboarding/mentorship support given short tenure; offer coaching or a targeted development plan. Monitor and follow up.
3834,Monique,Pierce,Network Engineer,Executive Office,WBL,Contract,Male,2.24,65.0,5,3,5,Fully Meets,3,0.37014354503613084,Medium Risk,short tenure; low performance rating; low satisfaction score,Key drivers: short tenure and low performance rating. Recommended: schedule a 1:1 to discuss engagement and career goals; provide onboarding/mentorship support given short tenure; offer coaching or a targeted development plan. Monitor and follow up.
3880,Zara,Pitts,Network Engineer,IT/IS,WBL,Part-Time,Male,0.25,53.0,3,4,1,Fully Meets,3,0.3700782846840062,Medium Risk,short tenure; low performance rating; age,Key drivers: short tenure and low performance rating. Recommended: provide onboarding/mentorship support given short tenure; offer coaching or a targeted development plan. Monitor and follow up.
3909,Rebecca,Park,IT Support,IT/IS,CCDR,Part-Time,Female,0.15,82.0,1,1,2,Needs Improvement,3,0.3696074421715887,Medium Risk,short tenure; low performance rating; Gender = Female,Key drivers: short tenure and low performance rating. Recommended: provide onboarding/mentorship support given short tenure; offer coaching or a targeted development plan. Monitor and follow up.
1059,Kelsie,Mccormick,Software Engineer,Software Engineering,BPC,Part-Time,Female,3.24,52.0,3,4,3,Fully Meets,3,0.36955962926588776,Medium Risk,low performance rating; JobFunctionDescription = Engineer; experience level,Key drivers: low performance rating and JobFunctionDescription = Engineer. Recommended: offer coaching or a targeted development plan. Monitor and follow up.
1084,Luke,Henderson,Software Engineer,Software Engineering,PL,Contract,Male,3.08,37.0,2,1,4,Fully Meets,3,0.3695144666005649,Medium Risk,low performance rating; Department = Software Engineering; Race = White,Key drivers: low performance rating and Department = Software Engineering. Recommended: offer coaching or a targeted development plan. Monitor and follow up.
3866,Kaeden,Vargas,Network Engineer,Executive Office,TNS,Contract,Male,0.62,67.0,1,2,5,Fully Meets,3,0.3694549134624989,Medium Risk,short tenure; low performance rating; low engagement,Key drivers: short tenure and low performance rating. Recommended: schedule a 1:1 to discuss engagement and career goals; provide onboarding/mentorship support given short tenure; offer coaching or a targeted development plan. Monitor and follow up.
2998,Trace,Cherry,Production Technician I,Production,MSC,Contract,Male,3.05,58.0,3,4,3,Needs Improvement,1,0.3689097184390721,Medium Risk,Department = Production; education level; Race = White,Key drivers: Department = Production and education level. Recommended: check in on overall engagement and role fit. Monitor and follow up.
3099,Laila,Simmons,Production Technician I,Production,CCDR,Full-Time,Male,3.61,61.0,4,5,4,Exceeds,4,0.36830438660934767,Medium Risk,Department = Production; experience level; low satisfaction score,Key drivers: Department = Production and experience level. Recommended: schedule a 1:1 to discuss engagement and career goals. Monitor and follow up.
1692,Urijah,Brandt,Sales Manager,IT/IS,PYZ,Part-Time,Female,2.28,83.0,2,2,1,Fully Meets,3,0.36809150673944674,Medium Risk,short tenure; low performance rating; Gender = Female,Key drivers: short tenure and low performance rating. Recommended: provide onboarding/mentorship support given short tenure; offer coaching or a targeted development plan. Monitor and follow up.
3102,Eden,Robles,Production Technician I,Production,MSC,Full-Time,Male,3.39,34.0,2,1,3,Exceeds,2,0.3680348771252441,Medium Risk,Department = Production; training investment; low engagement,Key drivers: Department = Production and training investment. Recommended: schedule a 1:1 to discuss engagement and career goals. Monitor and follow up.
3340,Mina,Hancock,Production Technician I,Production,BPC,Part-Time,Male,3.66,65.0,2,5,3,Fully Meets,3,0.3678014083913747,Medium Risk,Department = Production; low performance rating; experience level,Key drivers: Department = Production and low performance rating. Recommended: offer coaching or a targeted development plan. Monitor and follow up.
3811,Joe,South,Sr. Network Engineer,IT/IS,PL,Part-Time,Male,0.44,68.0,1,1,1,Fully Meets,3,0.366536653653392,Medium Risk,short tenure; low performance rating; JobFunctionDescription = Engineer,Key drivers: short tenure and low performance rating. Recommended: provide onboarding/mentorship support given short tenure; offer coaching or a targeted development plan. Monitor and follow up.
1689,Kolby,Reed,Senior BI Developer,Admin Offices,MSC,Part-Time,Male,1.72,41.0,3,5,5,Fully Meets,3,0.3658942613263035,Medium Risk,short tenure; low performance rating; age,Key drivers: short tenure and low performance rating. Recommended: provide onboarding/mentorship support given short tenure; offer coaching or a targeted development plan. Monitor and follow up.
3927,Misael,Hunter,Network Engineer,Executive Office,SVG,Contract,Male,2.01,44.0,4,5,1,Fully Meets,3,0.36537753530800327,Medium Risk,short tenure; low performance rating; low satisfaction score,Key drivers: short tenure and low performance rating. Recommended: schedule a 1:1 to discuss engagement and career goals; provide onboarding/mentorship support given short tenure; offer coaching or a targeted development plan. Monitor and follow up.
3761,Hazel,Vincent,Production Technician II,Production,CCDR,Contract,Female,0.05,39.0,4,2,1,Fully Meets,1,0.3649823927879305,Medium Risk,short tenure; Department = Production; Gender = Female,Key drivers: short tenure and Department = Production. Recommended: provide onboarding/mentorship support given short tenure. Monitor and follow up.
2942,Eliana,Hammond,Production Technician I,Production,TNS,Full-Time,Female,0.61,77.0,3,3,4,Needs Improvement,2,0.3648398832485541,Medium Risk,short tenure; Department = Production; Gender = Female,Key drivers: short tenure and Department = Production. Recommended: provide onboarding/mentorship support given short tenure. Monitor and follow up.
1536,Lilly,Turner,Production Technician II,Production,EW,Contract,Female,3.58,71.0,3,5,5,Fully Meets,3,0.36448904756242145,Medium Risk,Department = Production; low performance rating; experience level,Key drivers: Department = Production and low performance rating. Recommended: offer coaching or a targeted development plan. Monitor and follow up.
3981,Kiara,Fox,Data Analyst,IT/IS,BPC,Full-Time,Female,2.71,66.0,2,1,4,Fully Meets,3,0.3640016459301884,Medium Risk,short tenure; low performance rating; BusinessUnit = BPC,Key drivers: short tenure and low performance rating. Recommended: provide onboarding/mentorship support given short tenure; offer coaching or a targeted development plan. Monitor and follow up.
2021,Marlee,Woods,Production Technician II,Production,WBL,Part-Time,Female,3.66,71.0,3,1,4,Fully Meets,3,0.36389949657258963,Medium Risk,Department = Production; low performance rating; Employee = Part-Time,Key drivers: Department = Production and low performance rating. Recommended: offer coaching or a targeted development plan. Monitor and follow up.
2210,Julia,Soto,IT Support,IT/IS,PL,Part-Time,Female,1.42,61.0,5,1,3,Exceeds,4,0.36380515281292236,Medium Risk,short tenure; training investment; training investment,Key drivers: short tenure and training investment. Recommended: provide onboarding/mentorship support given short tenure. Monitor and follow up.
2560,Nathan,Schmitt,IT Manager - Infra,IT/IS,WBL,Part-Time,Male,0.08,50.0,1,5,5,Fully Meets,4,0.363795812801803,Medium Risk,short tenure; experience level; low performance rating,Key drivers: short tenure and experience level. Recommended: provide onboarding/mentorship support given short tenure; offer coaching or a targeted development plan. Monitor and follow up.
1139,Cale,Bender,Production Technician I,Production,TNS,Contract,Male,3.53,73.0,4,2,2,Fully Meets,3,0.3635614081765308,Medium Risk,Department = Production; low performance rating; low satisfaction score,Key drivers: Department = Production and low performance rating. Recommended: schedule a 1:1 to discuss engagement and career goals; offer coaching or a targeted development plan. Monitor and follow up.
1274,Lillie,Leblanc,Production Manager,Production,PL,Contract,Female,3.67,51.0,1,2,5,Fully Meets,3,0.36349960354813904,Medium Risk,Department = Production; low performance rating; age,Key drivers: Department = Production and low performance rating. Recommended: offer coaching or a targeted development plan. Monitor and follow up.
2551,Coby,Giles,Software Engineer,Software Engineering,NEL,Full-Time,Female,0.16,38.0,2,4,2,Fully Meets,1,0.3633999973109955,Medium Risk,short tenure; Employee = Full-Time; education level,Key drivers: short tenure and Employee = Full-Time. Recommended: provide onboarding/mentorship support given short tenure. Monitor and follow up.
1326,Jaida,Sweeney,Sr. Network Engineer,Admin Offices,PYZ,Full-Time,Male,1.67,49.0,3,5,1,Fully Meets,3,0.3631182149188604,Medium Risk,short tenure; low performance rating; age,Key drivers: short tenure and low performance rating. Recommended: provide onboarding/mentorship support given short tenure; offer coaching or a targeted development plan. Monitor and follow up.
2374,Selena,Hebert,Data Analyst,IT/IS,WBL,Part-Time,Female,0.71,64.0,2,1,1,Fully Meets,2,0.3630747753498275,Medium Risk,short tenure; Gender = Female; poor work-life balance,Key drivers: short tenure and Gender = Female. Recommended: provide onboarding/mentorship support given short tenure; review workload and flexible-work options. Monitor and follow up.
1451,Sienna,Bullock,Production Technician II,Production,SVG,Part-Time,Female,3.57,82.0,3,4,4,Needs Improvement,3,0.3619923893113208,Medium Risk,Department = Production; low performance rating; Gender = Female,Key drivers: Department = Production and low performance rating. Recommended: offer coaching or a targeted development plan. Monitor and follow up.
1453,Giovanni,Landry,Production Technician II,Production,WBL,Full-Time,Male,3.35,36.0,5,1,1,Needs Improvement,3,0.36191003494081403,Medium Risk,Department = Production; low performance rating; experience level,Key drivers: Department = Production and low performance rating. Recommended: offer coaching or a targeted development plan. Monitor and follow up.
2986,Violeta,Ferreira,Production Technician I,Production,NEL,Full-Time,Female,3.27,56.0,5,4,3,Fully Meets,1,0.36157417043921664,Medium Risk,Department = Production; Gender = Female; low satisfaction score,Key drivers: Department = Production and Gender = Female. Recommended: schedule a 1:1 to discuss engagement and career goals. Monitor and follow up.
1901,Meadow,Howe,Production Technician I,Production,WBL,Full-Time,Female,3.49,67.0,1,4,5,Fully Meets,3,0.3614769124396277,Medium Risk,Department = Production; low performance rating; PayZone = Zone B,Key drivers: Department = Production and low performance rating. Recommended: offer coaching or a targeted development plan. Monitor and follow up.
3995,Cortez,Murillo,Database Administrator,IT/IS,NEL,Full-Time,Female,1.88,80.0,5,4,2,Exceeds,3,0.3608121502394037,Medium Risk,short tenure; low performance rating; Gender = Female,Key drivers: short tenure and low performance rating. Recommended: provide onboarding/mentorship support given short tenure; offer coaching or a targeted development plan. Monitor and follow up.
1637,Leroy,Norman,Sales Manager,Admin Offices,EW,Full-Time,Male,0.24,41.0,1,4,2,Fully Meets,3,0.3604941844770009,Medium Risk,short tenure; low performance rating; experience level,Key drivers: short tenure and low performance rating. Recommended: provide onboarding/mentorship support given short tenure; offer coaching or a targeted development plan. Monitor and follow up.
2869,Nelson,Carpenter,Production Technician I,Production,PYZ,Contract,Male,3.61,83.0,5,2,4,Fully Meets,2,0.35985865790373706,Medium Risk,Department = Production; low satisfaction score; low engagement,Key drivers: Department = Production and low satisfaction score. Recommended: schedule a 1:1 to discuss engagement and career goals. Monitor and follow up.
3878,Carter,Cook,Network Engineer,Executive Office,TNS,Contract,Male,2.96,59.0,4,4,1,Fully Meets,3,0.35978690755642534,Medium Risk,short tenure; low performance rating; low satisfaction score,Key drivers: short tenure and low performance rating. Recommended: schedule a 1:1 to discuss engagement and career goals; provide onboarding/mentorship support given short tenure; offer coaching or a targeted development plan. Monitor and follow up.
2060,Angelina,Russell,Production Technician I,Production,BPC,Part-Time,Female,3.5,84.0,5,5,5,Fully Meets,3,0.3596831126898558,Medium Risk,Department = Production; low performance rating; experience level,Key drivers: Department = Production and low performance rating. Recommended: offer coaching or a targeted development plan. Monitor and follow up.
1624,Charlie,Wang,Senior BI Developer,IT/IS,WBL,Full-Time,Male,0.01,30.0,1,5,3,Needs Improvement,3,0.35959495873254776,Medium Risk,short tenure; low performance rating; PayZone = Zone A,Key drivers: short tenure and low performance rating. Recommended: provide onboarding/mentorship support given short tenure; offer coaching or a targeted development plan. Monitor and follow up.
2130,Paulina,Henderson,Production Technician I,Production,NEL,Contract,Female,3.62,53.0,5,3,2,Needs Improvement,1,0.3595885757325549,Medium Risk,Department = Production; Gender = Female; Race = Other,Key drivers: Department = Production and Gender = Female. Recommended: check in on overall engagement and role fit. Monitor and follow up.
3350,Jalen,Richmond,Production Technician I,Production,BPC,Full-Time,Female,3.68,54.0,1,2,1,Fully Meets,5,0.35862535051126976,Medium Risk,Department = Production; age; low performance rating,Key drivers: Department = Production and age. Recommended: offer coaching or a targeted development plan. Monitor and follow up.
3237,Landon,Mayo,Production Technician II,Production,PL,Contract,Male,3.68,39.0,1,5,2,Fully Meets,4,0.3584660554282273,Medium Risk,Department = Production; desired salary at hire; low performance rating,Key drivers: Department = Production and desired salary at hire. Recommended: offer coaching or a targeted development plan; review compensation against market benchmarks. Monitor and follow up.
3910,Caleb,Schneider,Sr. Network Engineer,IT/IS,WBL,Part-Time,Female,0.53,29.0,3,5,4,Needs Improvement,3,0.35832558974299955,Medium Risk,short tenure; low performance rating; Gender = Female,Key drivers: short tenure and low performance rating. Recommended: provide onboarding/mentorship support given short tenure; offer coaching or a targeted development plan. Monitor and follow up.
2518,Rebekah,Delacruz,BI Developer,IT/IS,SVG,Full-Time,Male,1.42,63.0,2,4,1,Fully Meets,4,0.3575586125925414,Medium Risk,short tenure; low performance rating; Race = White,Key drivers: short tenure and low performance rating. Recommended: provide onboarding/mentorship support given short tenure; offer coaching or a targeted development plan. Monitor and follow up.
3272,Monserrat,Cooke,Production Technician I,Production,WBL,Contract,Male,3.46,67.0,5,5,2,Fully Meets,3,0.3575301529417495,Medium Risk,Department = Production; low performance rating; poor work-life balance,Key drivers: Department = Production and low performance rating. Recommended: review workload and flexible-work options; offer coaching or a targeted development plan. Monitor and follow up.
1715,Reece,Callahan,CIO,IT/IS,WBL,Full-Time,Female,1.92,61.0,2,2,5,Fully Meets,3,0.3574471782777327,Medium Risk,short tenure; low performance rating; Gender = Female,Key drivers: short tenure and low performance rating. Recommended: provide onboarding/mentorship support given short tenure; offer coaching or a targeted development plan. Monitor and follow up.
1328,Skyler,Robles,Sr. Network Engineer,IT/IS,NEL,Part-Time,Male,1.57,51.0,4,1,3,Fully Meets,3,0.3571635068699333,Medium Risk,short tenure; low performance rating; low satisfaction score,Key drivers: short tenure and low performance rating. Recommended: schedule a 1:1 to discuss engagement and career goals; provide onboarding/mentorship support given short tenure; offer coaching or a targeted development plan. Monitor and follow up.
3860,Amy,Sherman,IT Support,IT/IS,NEL,Contract,Female,2.23,31.0,4,2,3,Fully Meets,3,0.3569964005026228,Medium Risk,short tenure; low performance rating; low satisfaction score,Key drivers: short tenure and low performance rating. Recommended: schedule a 1:1 to discuss engagement and career goals; provide onboarding/mentorship support given short tenure; offer coaching or a targeted development plan. Monitor and follow up.
3854,Jayden,Mckee,Network Engineer,Executive Office,WBL,Part-Time,Male,0.25,85.0,2,5,5,Fully Meets,3,0.3569851012049141,Medium Risk,short tenure; low performance rating; training investment,Key drivers: short tenure and low performance rating. Recommended: provide onboarding/mentorship support given short tenure; offer coaching or a targeted development plan. Monitor and follow up.
2511,Ernesto,Beltran,Software Engineer,Software Engineering,NEL,Full-Time,Male,2.02,80.0,3,4,1,Fully Meets,4,0.35656439405959095,Medium Risk,short tenure; low performance rating; Employee = Full-Time,Key drivers: short tenure and low performance rating. Recommended: provide onboarding/mentorship support given short tenure; offer coaching or a targeted development plan. Monitor and follow up.
3086,Alani,Cooley,Production Technician I,Production,BPC,Part-Time,Female,3.62,39.0,2,4,2,Fully Meets,1,0.3564115505624659,Medium Risk,Department = Production; training investment; BusinessUnit = BPC,Key drivers: Department = Production and training investment. Recommended: check in on overall engagement and role fit. Monitor and follow up.
3826,Sabrina,Durham,IT Support,IT/IS,PL,Part-Time,Male,0.1,25.0,1,2,3,Fully Meets,3,0.35591287647599645,Medium Risk,short tenure; low performance rating; experience level,Key drivers: short tenure and low performance rating. Recommended: provide onboarding/mentorship support given short tenure; offer coaching or a targeted development plan. Monitor and follow up.
1366,Malik,Crane,Sr. Network Engineer,IT/IS,PYZ,Contract,Male,0.62,77.0,4,1,2,Exceeds,3,0.35578830590691224,Medium Risk,short tenure; low performance rating; low satisfaction score,Key drivers: short tenure and low performance rating. Recommended: schedule a 1:1 to discuss engagement and career goals; provide onboarding/mentorship support given short tenure; offer coaching or a targeted development plan. Monitor and follow up.
3062,Oliver,Dalton,Production Technician I,Production,BPC,Part-Time,Female,3.66,39.0,4,3,1,Fully Meets,1,0.3557366255626654,Medium Risk,Department = Production; desired salary at hire; training investment,Key drivers: Department = Production and desired salary at hire. Recommended: review compensation against market benchmarks. Monitor and follow up.
3466,Clayton,Walker,Area Sales Manager,IT/IS,PYZ,Part-Time,Male,0.99,47.0,3,1,4,Exceeds,4,0.3556265138931098,Medium Risk,short tenure; low performance rating; Employee = Part-Time,Key drivers: short tenure and low performance rating. Recommended: provide onboarding/mentorship support given short tenure; offer coaching or a targeted development plan. Monitor and follow up.
3820,Anita,Shepard,Network Engineer,IT/IS,EW,Contract,Female,2.78,50.0,3,1,4,Fully Meets,3,0.3555490050547028,Medium Risk,short tenure; low performance rating; Gender = Female,Key drivers: short tenure and low performance rating. Recommended: provide onboarding/mentorship support given short tenure; offer coaching or a targeted development plan. Monitor and follow up.
2497,Marilyn,Chaney,Director of Operations,IT/IS,PYZ,Full-Time,Male,1.07,71.0,2,5,5,Fully Meets,4,0.3550980412427199,Medium Risk,short tenure; low performance rating; experience level,Key drivers: short tenure and low performance rating. Recommended: provide onboarding/mentorship support given short tenure; offer coaching or a targeted development plan. Monitor and follow up.
3896,Korbin,Gilbert,IT Support,IT/IS,PL,Part-Time,Female,2.91,46.0,3,5,1,Fully Meets,3,0.3550323099242437,Medium Risk,short tenure; low performance rating; age,Key drivers: short tenure and low performance rating. Recommended: provide onboarding/mentorship support given short tenure; offer coaching or a targeted development plan. Monitor and follow up.
3929,Jeramiah,Foster,Network Engineer,IT/IS,WBL,Contract,Female,0.1,49.0,5,2,2,Fully Meets,3,0.35497531024500134,Medium Risk,short tenure; low performance rating; low satisfaction score,Key drivers: short tenure and low performance rating. Recommended: schedule a 1:1 to discuss engagement and career goals; provide onboarding/mentorship support given short tenure; offer coaching or a targeted development plan. Monitor and follow up.
2936,Jordan,Hayes,Production Technician I,Production,PL,Contract,Male,3.43,42.0,3,4,1,Needs Improvement,1,0.3545517120686488,Medium Risk,Department = Production; poor work-life balance; age,Key drivers: Department = Production and poor work-life balance. Recommended: review workload and flexible-work options. Monitor and follow up.
2407,Lamont,Prince,Data Analyst,Production,EW,Full-Time,Male,3.52,73.0,5,3,5,Fully Meets,4,0.3543221117235948,Medium Risk,Department = Production; Division = Finance & Accounting; low performance rating,Key drivers: Department = Production and Division = Finance & Accounting. Recommended: offer coaching or a targeted development plan. Monitor and follow up.
3618,Charlee,Roth,Production Technician I,Production,MSC,Part-Time,Male,3.47,82.0,4,3,5,Fully Meets,3,0.3534298651514558,Medium Risk,Department = Production; low performance rating; desired salary at hire,Key drivers: Department = Production and low performance rating. Recommended: offer coaching or a targeted development plan; review compensation against market benchmarks. Monitor and follow up.
3817,Linda,Dolan,IT Support,IT/IS,CCDR,Part-Time,Female,1.28,49.0,3,3,1,Needs Improvement,3,0.35313994380915287,Medium Risk,short tenure; low performance rating; age,Key drivers: short tenure and low performance rating. Recommended: provide onboarding/mentorship support given short tenure; offer coaching or a targeted development plan. Monitor and follow up.
3275,Gina,Kent,Production Technician I,Production,BPC,Part-Time,Male,3.69,35.0,2,1,3,PIP,3,0.3530473364600469,Medium Risk,Department = Production; low performance rating; desired salary at hire,Key drivers: Department = Production and low performance rating. Recommended: offer coaching or a targeted development plan; review compensation against market benchmarks. Monitor and follow up.
2334,Iris,Preston,Data Analyst,IT/IS,CCDR,Contract,Male,1.12,43.0,3,3,5,Fully Meets,4,0.3520851292751675,Medium Risk,short tenure; low performance rating; training investment,Key drivers: short tenure and low performance rating. Recommended: provide onboarding/mentorship support given short tenure; offer coaching or a targeted development plan. Monitor and follow up.
1622,Matthew,Westinghouse,BI Developer,IT/IS,TNS,Contract,Male,0.56,85.0,5,1,5,Needs Improvement,3,0.3513328492906323,Medium Risk,short tenure; low performance rating; PayZone = Zone A,Key drivers: short tenure and low performance rating. Recommended: provide onboarding/mentorship support given short tenure; offer coaching or a targeted development plan. Monitor and follow up.
1654,Zackery,Hess,Area Sales Manager,IT/IS,MSC,Full-Time,Male,0.33,27.0,3,2,3,Fully Meets,3,0.3510392801476908,Medium Risk,short tenure; low performance rating; Employee = Full-Time,Key drivers: short tenure and low performance rating. Recommended: provide onboarding/mentorship support given short tenure; offer coaching or a targeted development plan. Monitor and follow up.
2531,Luciana,Gill,Software Engineer,Software Engineering,BPC,Part-Time,Male,0.01,75.0,5,2,4,Fully Meets,2,0.3509800275713842,Medium Risk,short tenure; BusinessUnit = BPC; low satisfaction score,Key drivers: short tenure and BusinessUnit = BPC. Recommended: schedule a 1:1 to discuss engagement and career goals; provide onboarding/mentorship support given short tenure. Monitor and follow up.
2090,Alexis,Nielsen,Production Technician II,Production,EW,Part-Time,Female,3.53,84.0,4,3,3,Fully Meets,3,0.3509616806000307,Medium Risk,Department = Production; low performance rating; experience level,Key drivers: Department = Production and low performance rating. Recommended: offer coaching or a targeted development plan. Monitor and follow up.
3814,Jyoti,Lajiri,Sr. Network Engineer,IT/IS,EW,Part-Time,Male,1.66,71.0,1,4,2,Fully Meets,3,0.3506486823059145,Medium Risk,short tenure; low performance rating; training investment,Key drivers: short tenure and low performance rating. Recommended: provide onboarding/mentorship support given short tenure; offer coaching or a targeted development plan. Monitor and follow up.
2825,Van,Griffin,Production Technician II,Production,MSC,Full-Time,Male,3.45,44.0,4,5,4,Fully Meets,4,0.35016680234058245,Medium Risk,Department = Production; desired salary at hire; low performance rating,Key drivers: Department = Production and desired salary at hire. Recommended: offer coaching or a targeted development plan; review compensation against market benchmarks. Monitor and follow up.
2530,Hana,Lucero,Software Engineer,Software Engineering,PL,Part-Time,Male,0.71,46.0,1,4,1,Fully Meets,2,0.3500790248160389,Medium Risk,short tenure; Department = Software Engineering; age,Key drivers: short tenure and Department = Software Engineering. Recommended: provide onboarding/mentorship support given short tenure. Monitor and follow up.
1083,Iliana,Randall,Software Engineer,Software Engineering,NEL,Part-Time,Female,2.99,64.0,5,5,3,Fully Meets,3,0.349424038767031,Medium Risk,low performance rating; low satisfaction score; Gender = Female,Key drivers: low performance rating and low satisfaction score. Recommended: schedule a 1:1 to discuss engagement and career goals; offer coaching or a targeted development plan. Monitor and follow up.
2239,Dario,Whitney,IT Manager - DB,IT/IS,SVG,Full-Time,Male,0.07,64.0,3,1,4,Fully Meets,5,0.3494216339935743,Medium Risk,short tenure; low performance rating; Employee = Full-Time,Key drivers: short tenure and low performance rating. Recommended: provide onboarding/mentorship support given short tenure; offer coaching or a targeted development plan. Monitor and follow up.
2373,Marilyn,Wiley,Data Analyst,IT/IS,BPC,Full-Time,Female,1.58,44.0,5,3,5,Fully Meets,2,0.349370482417438,Medium Risk,short tenure; BusinessUnit = BPC; Gender = Female,Key drivers: short tenure and BusinessUnit = BPC. Recommended: provide onboarding/mentorship support given short tenure. Monitor and follow up.
2391,Gisselle,Villanueva,Data Analyst,IT/IS,TNS,Part-Time,Female,0.04,62.0,3,3,3,Fully Meets,1,0.34935687166772855,Medium Risk,short tenure; Gender = Female; Employee = Part-Time,Key drivers: short tenure and Gender = Female. Recommended: provide onboarding/mentorship support given short tenure. Monitor and follow up.
1329,Allyson,Keller,Software Engineer,Software Engineering,PL,Contract,Male,0.38,68.0,2,3,5,Fully Meets,3,0.34927075219683723,Medium Risk,short tenure; low performance rating; training investment,Key drivers: short tenure and low performance rating. Recommended: provide onboarding/mentorship support given short tenure; offer coaching or a targeted development plan. Monitor and follow up.
1371,Arianna,Carlson,Accountant I,Admin Offices,EW,Contract,Female,0.13,69.0,1,1,2,Exceeds,3,0.34896497571121987,Medium Risk,short tenure; low performance rating; training investment,Key drivers: short tenure and low performance rating. Recommended: provide onboarding/mentorship support given short tenure; offer coaching or a targeted development plan. Monitor and follow up.
1093,Kara,Harrison,Production Technician I,Production,NEL,Contract,Female,3.61,47.0,1,3,4,Fully Meets,3,0.34868982104581303,Medium Risk,Department = Production; low performance rating; age,Key drivers: Department = Production and low performance rating. Recommended: offer coaching or a targeted development plan. Monitor and follow up.
1373,Morgan,Hammond,Accountant I,Admin Offices,TNS,Contract,Male,0.83,40.0,2,1,5,Exceeds,3,0.3485197649128231,Medium Risk,short tenure; low performance rating; age,Key drivers: short tenure and low performance rating. Recommended: provide onboarding/mentorship support given short tenure; offer coaching or a targeted development plan. Monitor and follow up.
3913,Henry,Zimmerman,Sr. Network Engineer,IT/IS,BPC,Full-Time,Female,2.4,84.0,2,2,5,Fully Meets,3,0.3480675991143332,Medium Risk,short tenure; low performance rating; Gender = Female,Key drivers: short tenure and low performance rating. Recommended: provide onboarding/mentorship support given short tenure; offer coaching or a targeted development plan. Monitor and follow up.
1647,Isis,Ayala,Sales Manager,IT/IS,EW,Contract,Male,2.71,40.0,2,4,5,Fully Meets,3,0.3479958905925905,Medium Risk,short tenure; low performance rating; training investment,Key drivers: short tenure and low performance rating. Recommended: provide onboarding/mentorship support given short tenure; offer coaching or a targeted development plan. Monitor and follow up.
3182,Dexter,Preston,Production Technician II,Production,NEL,Contract,Female,3.5,55.0,3,3,4,PIP,2,0.34796731484133564,Medium Risk,Department = Production; MaritalStatus = Married; Race = White,Key drivers: Department = Production and MaritalStatus = Married. Recommended: check in on overall engagement and role fit. Monitor and follow up.
2237,Lyla,Wong,IT Manager - Support,IT/IS,WBL,Full-Time,Female,0.98,51.0,5,2,2,Fully Meets,2,0.3478680815036372,Medium Risk,short tenure; Gender = Female; JobFunctionDescription = Laborer,Key drivers: short tenure and Gender = Female. Recommended: provide onboarding/mentorship support given short tenure. Monitor and follow up.
1138,Calvin,Braun,Production Technician I,Production,MSC,Full-Time,Male,3.0,43.0,5,4,1,Fully Meets,3,0.34752901830944094,Medium Risk,Department = Production; low performance rating; age,Key drivers: Department = Production and low performance rating. Recommended: offer coaching or a targeted development plan. Monitor and follow up.
2684,Kendrick,Pollard,Administrative Assistant,Sales,BPC,Full-Time,Female,1.06,43.0,4,3,2,Fully Meets,5,0.347421692515259,Medium Risk,short tenure; Gender = Female; BusinessUnit = BPC,Key drivers: short tenure and Gender = Female. Recommended: provide onboarding/mentorship support given short tenure. Monitor and follow up.
1710,Jaden,Houston,Senior BI Developer,Admin Offices,PL,Part-Time,Male,0.81,55.0,2,1,3,Fully Meets,3,0.3464986274177043,Medium Risk,short tenure; low performance rating; training investment,Key drivers: short tenure and low performance rating. Recommended: provide onboarding/mentorship support given short tenure; offer coaching or a targeted development plan. Monitor and follow up.
2154,Julianna,Vang,Production Technician I,Production,CCDR,Part-Time,Male,4.24,51.0,3,1,2,Exceeds,4,0.34649566094474155,Medium Risk,Department = Production; low performance rating; Employee = Part-Time,Key drivers: Department = Production and low performance rating. Recommended: offer coaching or a targeted development plan. Monitor and follow up.
2700,Brynn,Kennedy,Administrative Assistant,Sales,BPC,Full-Time,Female,0.57,34.0,5,3,1,Fully Meets,4,0.34615652123787033,Medium Risk,short tenure; Gender = Female; low performance rating,Key drivers: short tenure and Gender = Female. Recommended: provide onboarding/mentorship support given short tenure; offer coaching or a targeted development plan. Monitor and follow up.
2264,Piper,Guzman,IT Manager - Infra,IT/IS,WBL,Part-Time,Male,0.84,47.0,2,1,3,Fully Meets,5,0.346101550236782,Medium Risk,short tenure; low performance rating; age,Key drivers: short tenure and low performance rating. Recommended: provide onboarding/mentorship support given short tenure; offer coaching or a targeted development plan. Monitor and follow up.
3990,Damarion,Schneider,Sr. Accountant,IT/IS,WBL,Contract,Male,0.07,70.0,2,2,1,Fully Meets,3,0.345451326770913,Medium Risk,short tenure; low performance rating; poor work-life balance,Key drivers: short tenure and low performance rating. Recommended: provide onboarding/mentorship support given short tenure; review workload and flexible-work options; offer coaching or a targeted development plan. Monitor and follow up.
3368,Karli,Parks,Production Technician II,Production,CCDR,Part-Time,Male,3.5,36.0,1,5,4,Exceeds,5,0.3448146038348171,Medium Risk,Department = Production; desired salary at hire; low performance rating,Key drivers: Department = Production and desired salary at hire. Recommended: offer coaching or a targeted development plan; review compensation against market benchmarks. Monitor and follow up.
1354,Christina,Terry,Software Engineering Manager,Software Engineering,WBL,Full-Time,Female,1.33,67.0,4,4,2,Fully Meets,3,0.34397571913821057,Medium Risk,short tenure; low performance rating; low satisfaction score,Key drivers: short tenure and low performance rating. Recommended: schedule a 1:1 to discuss engagement and career goals; provide onboarding/mentorship support given short tenure; offer coaching or a targeted development plan. Monitor and follow up.
1434,Ayla,Roberts,Production Technician I,Production,EW,Part-Time,Female,4.25,40.0,2,1,3,Exceeds,3,0.3437398995787373,Medium Risk,Department = Production; low performance rating; desired salary at hire,Key drivers: Department = Production and low performance rating. Recommended: offer coaching or a targeted development plan; review compensation against market benchmarks. Monitor and follow up.
3101,Bethany,Mckay,Production Technician I,Production,EW,Full-Time,Female,3.5,65.0,4,5,1,Fully Meets,2,0.3435755994329354,Medium Risk,Department = Production; low satisfaction score; PayZone = Zone B,Key drivers: Department = Production and low satisfaction score. Recommended: schedule a 1:1 to discuss engagement and career goals. Monitor and follow up.
2217,Kaylie,Ayers,IT Manager - Infra,IT/IS,TNS,Part-Time,Female,0.06,31.0,1,2,2,Exceeds,4,0.34348498774726477,Medium Risk,short tenure; low performance rating; Employee = Part-Time,Key drivers: short tenure and low performance rating. Recommended: provide onboarding/mentorship support given short tenure; offer coaching or a targeted development plan. Monitor and follow up.
1717,Benjamin,Kaufman,BI Developer,IT/IS,BPC,Part-Time,Male,1.85,67.0,2,4,5,Fully Meets,3,0.343484828143519,Medium Risk,short tenure; low performance rating; JobFunctionDescription = Model Assistant,Key drivers: short tenure and low performance rating. Recommended: provide onboarding/mentorship support given short tenure; offer coaching or a targeted development plan. Monitor and follow up.
2773,Tony,Grimes,Production Technician I,Production,SVG,Full-Time,Male,3.58,62.0,5,2,4,Fully Meets,2,0.34340865022503025,Medium Risk,Department = Production; education level; Race = White,Key drivers: Department = Production and education level. Recommended: check in on overall engagement and role fit. Monitor and follow up.
1321,William,LaRotonda,Accountant I,Admin Offices,TNS,Contract,Male,0.24,68.0,5,1,5,Fully Meets,3,0.343005126858523,Medium Risk,short tenure; low performance rating; training investment,Key drivers: short tenure and low performance rating. Recommended: provide onboarding/mentorship support given short tenure; offer coaching or a targeted development plan. Monitor and follow up.
1036,Kody,Jimenez,Senior BI Developer,Admin Offices,BPC,Part-Time,Male,0.39,33.0,2,5,1,Fully Meets,3,0.34256739979022705,Medium Risk,short tenure; low performance rating; Division = Field Operations,Key drivers: short tenure and low performance rating. Recommended: provide onboarding/mentorship support given short tenure; offer coaching or a targeted development plan. Monitor and follow up.
2522,Zaniyah,Parks,IT Manager - DB,IT/IS,PL,Full-Time,Male,1.08,78.0,3,3,2,Fully Meets,4,0.3422367575953705,Medium Risk,short tenure; MaritalStatus = Married; low performance rating,Key drivers: short tenure and MaritalStatus = Married. Recommended: provide onboarding/mentorship support given short tenure; offer coaching or a targeted development plan. Monitor and follow up.
3859,Clare,English,IT Support,IT/IS,PL,Full-Time,Female,2.72,34.0,2,1,5,PIP,3,0.34179654125855036,Medium Risk,short tenure; low performance rating; Gender = Female,Key drivers: short tenure and low performance rating. Recommended: provide onboarding/mentorship support given short tenure; offer coaching or a targeted development plan. Monitor and follow up.
1407,Elias,Robinson,Production Technician I,Production,TNS,Full-Time,Male,3.31,43.0,3,3,1,Exceeds,3,0.34078002326047746,Medium Risk,Department = Production; low performance rating; BusinessUnit = TNS,Key drivers: Department = Production and low performance rating. Recommended: offer coaching or a targeted development plan. Monitor and follow up.
2513,Trinity,Estes,IT Manager - DB,IT/IS,PYZ,Full-Time,Male,0.5,85.0,2,5,4,Fully Meets,2,0.3407455989910398,Medium Risk,short tenure; Division = General - Eng; Employee = Full-Time,Key drivers: short tenure and Division = General - Eng. Recommended: provide onboarding/mentorship support given short tenure. Monitor and follow up.
1057,Sophie,Decker,Software Engineer,Software Engineering,TNS,Full-Time,Male,3.07,28.0,2,3,5,Fully Meets,3,0.3404858316134612,Medium Risk,Department = Software Engineering; low performance rating; BusinessUnit = TNS,Key drivers: Department = Software Engineering and low performance rating. Recommended: offer coaching or a targeted development plan. Monitor and follow up.
1707,Quentin,Calderon,BI Developer,IT/IS,PL,Part-Time,Male,1.82,32.0,4,5,3,Fully Meets,3,0.3401694162028291,Medium Risk,short tenure; low performance rating; low satisfaction score,Key drivers: short tenure and low performance rating. Recommended: schedule a 1:1 to discuss engagement and career goals; provide onboarding/mentorship support given short tenure; offer coaching or a targeted development plan. Monitor and follow up.
2930,Jon,Galvan,Production Technician II,Production,PYZ,Part-Time,Female,3.26,27.0,4,1,2,Exceeds,2,0.3399015544419547,Medium Risk,Department = Production; Gender = Female; low satisfaction score,Key drivers: Department = Production and Gender = Female. Recommended: schedule a 1:1 to discuss engagement and career goals. Monitor and follow up.
3139,Kenny,Blanchard,Production Technician II,Production,NEL,Part-Time,Female,4.68,55.0,2,3,1,Fully Meets,4,0.33985510965242155,Medium Risk,Department = Production; low performance rating; Employee = Part-Time,Key drivers: Department = Production and low performance rating. Recommended: offer coaching or a targeted development plan. Monitor and follow up.
2273,Ana,Stafford,IT Support,IT/IS,WBL,Full-Time,Male,0.88,70.0,2,5,3,Fully Meets,4,0.3397147311300371,Medium Risk,short tenure; low performance rating; education level,Key drivers: short tenure and low performance rating. Recommended: provide onboarding/mentorship support given short tenure; offer coaching or a targeted development plan. Monitor and follow up.
1803,Stephany,Neal,Production Technician I,Production,NEL,Full-Time,Female,3.72,44.0,3,1,1,Fully Meets,3,0.33949031574361577,Medium Risk,Department = Production; low performance rating; low engagement,Key drivers: Department = Production and low performance rating. Recommended: schedule a 1:1 to discuss engagement and career goals; offer coaching or a targeted development plan. Monitor and follow up.
1723,Gideon,Saunders,Sales Manager,Sales,PYZ,Full-Time,Female,1.98,57.0,1,5,5,Fully Meets,3,0.3393477198285458,Medium Risk,short tenure; low performance rating; Gender = Female,Key drivers: short tenure and low performance rating. Recommended: provide onboarding/mentorship support given short tenure; offer coaching or a targeted development plan. Monitor and follow up.
2894,Aliza,Pace,Production Technician I,Production,PL,Part-Time,Male,4.07,77.0,4,1,4,Fully Meets,4,0.3391676728592488,Medium Risk,Department = Production; low performance rating; Race = White,Key drivers: Department = Production and low performance rating. Recommended: offer coaching or a targeted development plan. Monitor and follow up.
1877,Waylon,Pennington,Production Technician II,Production,NEL,Part-Time,Male,4.74,65.0,3,2,2,Fully Meets,3,0.33913966707653587,Medium Risk,Department = Production; low performance rating; MaritalStatus = Married,Key drivers: Department = Production and low performance rating. Recommended: offer coaching or a targeted development plan. Monitor and follow up.
1025,Giovanni,Jenkins,Senior BI Developer,Admin Offices,PL,Full-Time,Female,0.01,66.0,1,4,4,Fully Meets,3,0.3385380833821021,Medium Risk,short tenure; low performance rating; Employee = Full-Time,Key drivers: short tenure and low performance rating. Recommended: provide onboarding/mentorship support given short tenure; offer coaching or a targeted development plan. Monitor and follow up.
1615,Braelyn,Dominguez,Production Technician I,Production,NEL,Part-Time,Male,3.52,67.0,1,1,3,Exceeds,3,0.3379766447972144,Medium Risk,Department = Production; low performance rating; BusinessUnit = NEL,Key drivers: Department = Production and low performance rating. Recommended: offer coaching or a targeted development plan. Monitor and follow up.
1346,Aron,Grant,Sr. Network Engineer,IT/IS,WBL,Contract,Male,1.5,78.0,2,4,3,Fully Meets,3,0.33750826333399186,Medium Risk,short tenure; low performance rating; desired salary at hire,Key drivers: short tenure and low performance rating. Recommended: provide onboarding/mentorship support given short tenure; offer coaching or a targeted development plan; review compensation against market benchmarks. Monitor and follow up.
2346,Taryn,Black,Production Manager,Production,CCDR,Part-Time,Female,3.3,42.0,3,5,1,Fully Meets,4,0.3367386726946169,Medium Risk,Department = Production; low performance rating; education level,Key drivers: Department = Production and low performance rating. Recommended: offer coaching or a targeted development plan. Monitor and follow up.
3585,Edward,Everett,Production Technician I,Production,CCDR,Full-Time,Female,4.59,34.0,2,1,3,Fully Meets,4,0.3365851974109422,Medium Risk,Department = Production; desired salary at hire; low engagement,Key drivers: Department = Production and desired salary at hire. Recommended: schedule a 1:1 to discuss engagement and career goals; review compensation against market benchmarks. Monitor and follow up.
2819,Davin,Wade,Production Technician I,Production,WBL,Full-Time,Male,3.22,26.0,3,2,4,Fully Meets,4,0.33630045260099345,Medium Risk,Department = Production; low performance rating; Race = White,Key drivers: Department = Production and low performance rating. Recommended: offer coaching or a targeted development plan. Monitor and follow up.
2476,Case,Conley,President & CEO,Executive Office,PYZ,Part-Time,Male,1.72,59.0,5,3,5,Fully Meets,2,0.33484597482920136,Medium Risk,short tenure; low satisfaction score; education level,Key drivers: short tenure and low satisfaction score. Recommended: schedule a 1:1 to discuss engagement and career goals; provide onboarding/mentorship support given short tenure. Monitor and follow up.
2238,Shyanne,Livingston,IT Manager - Infra,IT/IS,TNS,Part-Time,Male,0.76,55.0,4,4,3,Fully Meets,2,0.33441254533580644,Medium Risk,short tenure; low satisfaction score; training investment,Key drivers: short tenure and low satisfaction score. Recommended: schedule a 1:1 to discuss engagement and career goals; provide onboarding/mentorship support given short tenure. Monitor and follow up.
2356,Sariah,Little,Data Analyst,IT/IS,NEL,Part-Time,Male,1.08,71.0,1,4,1,Fully Meets,4,0.334113259704779,Medium Risk,short tenure; low performance rating; experience level,Key drivers: short tenure and low performance rating. Recommended: provide onboarding/mentorship support given short tenure; offer coaching or a targeted development plan. Monitor and follow up.
3201,Josephine,Bugali,Production Technician I,Production,EW,Part-Time,Female,3.69,42.0,4,1,5,Fully Meets,4,0.33379199219916095,Medium Risk,Department = Production; Gender = Female; low performance rating,Key drivers: Department = Production and Gender = Female. Recommended: offer coaching or a targeted development plan. Monitor and follow up.
1016,Jayda,Reese,Senior BI Developer,Admin Offices,PL,Part-Time,Female,1.27,70.0,3,2,2,Fully Meets,3,0.33354061035048965,Medium Risk,short tenure; low performance rating; PayZone = Zone B,Key drivers: short tenure and low performance rating. Recommended: provide onboarding/mentorship support given short tenure; offer coaching or a targeted development plan. Monitor and follow up.
3136,Cesar,Anderson,Production Technician II,Production,CCDR,Full-Time,Female,3.69,29.0,3,5,5,Fully Meets,4,0.3334098721477576,Medium Risk,Department = Production; low performance rating; Gender = Female,Key drivers: Department = Production and low performance rating. Recommended: offer coaching or a targeted development plan. Monitor and follow up.
3887,Emanuel,Haas,Sr. Network Engineer,IT/IS,NEL,Contract,Male,1.06,72.0,3,2,5,Exceeds,3,0.3333328067196982,Medium Risk,short tenure; low performance rating; BusinessUnit = NEL,Key drivers: short tenure and low performance rating. Recommended: provide onboarding/mentorship support given short tenure; offer coaching or a targeted development plan. Monitor and follow up.
2993,Harley,Nunez,Production Technician I,Production,PL,Full-Time,Male,3.69,81.0,5,5,1,Fully Meets,4,0.33320299962628724,Medium Risk,Department = Production; low performance rating; low satisfaction score,Key drivers: Department = Production and low performance rating. Recommended: schedule a 1:1 to discuss engagement and career goals; offer coaching or a targeted development plan. Monitor and follow up.
1200,Carlee,Foley,Production Technician I,Production,BPC,Part-Time,Female,4.25,49.0,5,4,1,Fully Meets,3,0.3331876286671993,Medium Risk,Department = Production; low performance rating; Employee = Part-Time,Key drivers: Department = Production and low performance rating. Recommended: offer coaching or a targeted development plan. Monitor and follow up.
2503,Ally,Goodman,IT Manager - DB,IT/IS,PL,Contract,Male,0.09,77.0,1,1,1,Fully Meets,5,0.33299254195490974,Medium Risk,short tenure; low performance rating; education level,Key drivers: short tenure and low performance rating. Recommended: provide onboarding/mentorship support given short tenure; offer coaching or a targeted development plan. Monitor and follow up.
3856,Darwin,Allen,Network Engineer,Executive Office,TNS,Part-Time,Male,0.24,32.0,1,5,4,PIP,3,0.332850170662976,Medium Risk,short tenure; low performance rating; education level,Key drivers: short tenure and low performance rating. Recommended: provide onboarding/mentorship support given short tenure; offer coaching or a targeted development plan. Monitor and follow up.
2170,Delilah,Cooke,Production Technician I,Production,PL,Full-Time,Female,3.49,76.0,5,1,2,Exceeds,3,0.3327787058046311,Medium Risk,Department = Production; low performance rating; desired salary at hire,Key drivers: Department = Production and low performance rating. Recommended: offer coaching or a targeted development plan; review compensation against market benchmarks. Monitor and follow up.
3933,Laylah,Branch,IT Support,IT/IS,MSC,Contract,Female,3.27,59.0,4,3,5,Fully Meets,3,0.33267852201151615,Medium Risk,low performance rating; low satisfaction score; Gender = Female,Key drivers: low performance rating and low satisfaction score. Recommended: schedule a 1:1 to discuss engagement and career goals; offer coaching or a targeted development plan. Monitor and follow up.
1634,Kole,Levine,Area Sales Manager,IT/IS,MSC,Contract,Male,1.07,52.0,3,2,1,Fully Meets,3,0.3323060818958487,Medium Risk,short tenure; low performance rating; Division = Finance & Accounting,Key drivers: short tenure and low performance rating. Recommended: provide onboarding/mentorship support given short tenure; offer coaching or a targeted development plan. Monitor and follow up.
3654,Cassius,Gates,Production Technician I,Production,PYZ,Part-Time,Male,3.67,31.0,4,2,1,Exceeds,4,0.33182962022157325,Medium Risk,Department = Production; low performance rating; low satisfaction score,Key drivers: Department = Production and low performance rating. Recommended: schedule a 1:1 to discuss engagement and career goals; offer coaching or a targeted development plan. Monitor and follow up.
2857,Dane,Owens,Production Technician I,Production,WBL,Full-Time,Male,3.06,52.0,2,5,5,Fully Meets,2,0.3315373288293837,Medium Risk,Department = Production; Employee = Full-Time; education level,Key drivers: Department = Production and Employee = Full-Time. Recommended: check in on overall engagement and role fit. Monitor and follow up.
2914,Jaycee,Osborn,Production Technician I,Production,NEL,Full-Time,Male,3.58,54.0,3,5,3,Exceeds,2,0.3312436891059802,Medium Risk,Department = Production; desired salary at hire; experience level,Key drivers: Department = Production and desired salary at hire. Recommended: review compensation against market benchmarks. Monitor and follow up.
1387,Nathan,Kline,Accountant I,Admin Offices,MSC,Contract,Male,1.45,75.0,1,5,2,PIP,3,0.33115075560351925,Medium Risk,short tenure; low performance rating; experience level,Key drivers: short tenure and low performance rating. Recommended: provide onboarding/mentorship support given short tenure; offer coaching or a targeted development plan. Monitor and follow up.
1806,Nola,Gillespie,Production Technician I,Production,CCDR,Part-Time,Male,4.39,75.0,2,1,5,Fully Meets,3,0.3308721380151876,Medium Risk,Department = Production; low performance rating; Employee = Part-Time,Key drivers: Department = Production and low performance rating. Recommended: offer coaching or a targeted development plan. Monitor and follow up.
2214,Aiden,Wade,IT Support,IT/IS,CCDR,Contract,Female,1.04,75.0,1,1,5,Exceeds,4,0.3306053728012439,Medium Risk,short tenure; Gender = Female; low performance rating,Key drivers: short tenure and Gender = Female. Recommended: provide onboarding/mentorship support given short tenure; offer coaching or a targeted development plan. Monitor and follow up.
2249,Jewel,Bryant,IT Support,IT/IS,MSC,Contract,Female,0.33,32.0,5,3,5,Fully Meets,4,0.33045361760859915,Medium Risk,short tenure; Gender = Female; low satisfaction score,Key drivers: short tenure and Gender = Female. Recommended: schedule a 1:1 to discuss engagement and career goals; provide onboarding/mentorship support given short tenure. Monitor and follow up.
3555,Matilda,Randall,Area Sales Manager,Sales,EW,Full-Time,Female,0.33,39.0,5,2,1,Fully Meets,4,0.33034210288874427,Medium Risk,short tenure; Gender = Female; low performance rating,Key drivers: short tenure and Gender = Female. Recommended: provide onboarding/mentorship support given short tenure; offer coaching or a targeted development plan. Monitor and follow up.
3438,Dheepa,Nguyen,Area Sales Manager,Sales,MSC,Full-Time,Female,1.23,78.0,2,4,5,Fully Meets,3,0.33014548427291956,Medium Risk,short tenure; low performance rating; Gender = Female,Key drivers: short tenure and low performance rating. Recommended: provide onboarding/mentorship support given short tenure; offer coaching or a targeted development plan. Monitor and follow up.
2792,Diamond,Mcclain,Production Technician I,Production,NEL,Part-Time,Male,3.42,73.0,4,3,4,Fully Meets,1,0.3300239701902068,Medium Risk,Department = Production; low satisfaction score; PayZone = Zone A,Key drivers: Department = Production and low satisfaction score. Recommended: schedule a 1:1 to discuss engagement and career goals. Monitor and follow up.
3273,Zaria,Mcintosh,Production Technician I,Production,NEL,Full-Time,Female,3.86,28.0,5,4,4,Fully Meets,4,0.32990329730268,Medium Risk,Department = Production; JobFunctionDescription = Coordinator; low performance rating,Key drivers: Department = Production and JobFunctionDescription = Coordinator. Recommended: offer coaching or a targeted development plan. Monitor and follow up.
2599,Jase,Waters,Administrative Assistant,Sales,BPC,Contract,Female,1.22,84.0,4,1,2,Fully Meets,2,0.32968623267900216,Medium Risk,short tenure; Gender = Female; BusinessUnit = BPC,Key drivers: short tenure and Gender = Female. Recommended: provide onboarding/mentorship support given short tenure. Monitor and follow up.
3923,Giancarlo,Juarez,Sr. Network Engineer,IT/IS,WBL,Full-Time,Female,1.48,71.0,4,2,3,Exceeds,3,0.3296118761769628,Medium Risk,short tenure; low performance rating; low satisfaction score,Key drivers: short tenure and low performance rating. Recommended: schedule a 1:1 to discuss engagement and career goals; provide onboarding/mentorship support given short tenure; offer coaching or a targeted development plan. Monitor and follow up.
3332,Will,Morse,Production Technician I,Production,SVG,Part-Time,Female,3.74,65.0,4,2,5,Fully Meets,3,0.32959331628129995,Medium Risk,Department = Production; low performance rating; Race = Other,Key drivers: Department = Production and low performance rating. Recommended: offer coaching or a targeted development plan. Monitor and follow up.
1821,Emilie,Hood,Production Technician I,Production,WBL,Full-Time,Female,3.6,46.0,2,1,1,Fully Meets,3,0.32959101911570554,Medium Risk,Department = Production; low performance rating; low engagement,Key drivers: Department = Production and low performance rating. Recommended: schedule a 1:1 to discuss engagement and career goals; offer coaching or a targeted development plan. Monitor and follow up.
3648,Keyon,Hensley,Production Technician II,Production,MSC,Contract,Female,4.42,78.0,3,3,5,Exceeds,4,0.32944274174763477,Medium Risk,Department = Production; training investment; Race = Other,Key drivers: Department = Production and training investment. Recommended: check in on overall engagement and role fit. Monitor and follow up.
2270,Dylan,Livingston,IT Support,IT/IS,PYZ,Contract,Female,2.29,74.0,4,4,3,Fully Meets,4,0.32926125215838,Medium Risk,short tenure; low performance rating; Gender = Female,Key drivers: short tenure and low performance rating. Recommended: provide onboarding/mentorship support given short tenure; offer coaching or a targeted development plan. Monitor and follow up.
2255,Gabrielle,Mercer,IT Support,IT/IS,TNS,Full-Time,Female,1.04,36.0,4,1,4,Fully Meets,2,0.3290963043233486,Medium Risk,short tenure; Gender = Female; low satisfaction score,Key drivers: short tenure and Gender = Female. Recommended: schedule a 1:1 to discuss engagement and career goals; provide onboarding/mentorship support given short tenure. Monitor and follow up.
3857,Jasper,Harrison,IT Support,IT/IS,SVG,Contract,Male,0.02,63.0,1,1,2,PIP,3,0.3286673171597605,Medium Risk,short tenure; low performance rating; poor work-life balance,Key drivers: short tenure and low performance rating. Recommended: provide onboarding/mentorship support given short tenure; review workload and flexible-work options; offer coaching or a targeted development plan. Monitor and follow up.
2896,Gia,Winters,Production Technician I,Production,CCDR,Full-Time,Male,4.75,47.0,4,5,1,Fully Meets,4,0.32859411652880965,Medium Risk,Department = Production; low performance rating; Race = Other,Key drivers: Department = Production and low performance rating. Recommended: offer coaching or a targeted development plan. Monitor and follow up.
3458,Cory,Robinson,Area Sales Manager,Sales,BPC,Contract,Female,1.07,30.0,5,2,5,Needs Improvement,3,0.3279141602034939,Medium Risk,short tenure; low performance rating; Gender = Female,Key drivers: short tenure and low performance rating. Recommended: provide onboarding/mentorship support given short tenure; offer coaching or a targeted development plan. Monitor and follow up.
1026,Alexis,Moss,Senior BI Developer,Admin Offices,BPC,Contract,Female,0.27,76.0,2,5,5,Fully Meets,3,0.3278843179464704,Medium Risk,short tenure; low performance rating; experience level,Key drivers: short tenure and low performance rating. Recommended: provide onboarding/mentorship support given short tenure; offer coaching or a targeted development plan. Monitor and follow up.
1623,Jason,Smith,BI Developer,IT/IS,PYZ,Full-Time,Male,0.11,25.0,2,1,2,Needs Improvement,3,0.32754381922952136,Medium Risk,short tenure; low performance rating; Employee = Full-Time,Key drivers: short tenure and low performance rating. Recommended: provide onboarding/mentorship support given short tenure; offer coaching or a targeted development plan. Monitor and follow up.
1244,Iris,Bruce,Production Technician I,Production,BPC,Part-Time,Male,4.18,72.0,3,2,5,Fully Meets,3,0.327376940496945,Medium Risk,Department = Production; low performance rating; desired salary at hire,Key drivers: Department = Production and low performance rating. Recommended: offer coaching or a targeted development plan; review compensation against market benchmarks. Monitor and follow up.
1709,Anaya,Stanton,Area Sales Manager,IT/IS,SVG,Full-Time,Male,0.48,64.0,4,5,2,Fully Meets,3,0.3271187060096434,Medium Risk,short tenure; low performance rating; low satisfaction score,Key drivers: short tenure and low performance rating. Recommended: schedule a 1:1 to discuss engagement and career goals; provide onboarding/mentorship support given short tenure; offer coaching or a targeted development plan. Monitor and follow up.
3818,Carlos,Merlos,Network Engineer,IT/IS,CCDR,Part-Time,Male,2.25,76.0,1,1,3,Fully Meets,3,0.3270572551601122,Medium Risk,short tenure; low performance rating; training investment,Key drivers: short tenure and low performance rating. Recommended: provide onboarding/mentorship support given short tenure; offer coaching or a targeted development plan. Monitor and follow up.
1342,Jeffery,Hogan,Accountant I,Admin Offices,EW,Full-Time,Female,0.18,41.0,2,3,2,Fully Meets,3,0.3270392049753611,Medium Risk,short tenure; low performance rating; Employee = Full-Time,Key drivers: short tenure and low performance rating. Recommended: provide onboarding/mentorship support given short tenure; offer coaching or a targeted development plan. Monitor and follow up.
1349,Kaylynn,Mcguire,Accountant I,Admin Offices,EW,Full-Time,Female,1.32,77.0,2,1,3,Fully Meets,3,0.32681758653005827,Medium Risk,short tenure; low performance rating; experience level,Key drivers: short tenure and low performance rating. Recommended: provide onboarding/mentorship support given short tenure; offer coaching or a targeted development plan. Monitor and follow up.
3562,Jean,Crimmings,Production Technician I,Production,CCDR,Contract,Female,3.63,72.0,1,2,3,Exceeds,2,0.32661405173247704,Medium Risk,Department = Production; Gender = Female; desired salary at hire,Key drivers: Department = Production and Gender = Female. Recommended: review compensation against market benchmarks. Monitor and follow up.
3385,Kelly,Fritz,Production Technician I,Production,NEL,Part-Time,Female,4.37,48.0,1,2,4,Fully Meets,3,0.3259095640586304,Medium Risk,Department = Production; low performance rating; Employee = Part-Time,Key drivers: Department = Production and low performance rating. Recommended: offer coaching or a targeted development plan. Monitor and follow up.
3914,Nathanial,Booth,Network Engineer,Executive Office,SVG,Contract,Male,0.99,68.0,5,3,3,Exceeds,3,0.32529667324959244,Medium Risk,short tenure; low performance rating; low satisfaction score,Key drivers: short tenure and low performance rating. Recommended: schedule a 1:1 to discuss engagement and career goals; provide onboarding/mentorship support given short tenure; offer coaching or a targeted development plan. Monitor and follow up.
3601,Keagan,Henson,Production Technician II,Production,BPC,Part-Time,Female,3.68,60.0,1,1,2,Fully Meets,5,0.3252891299351892,Medium Risk,Department = Production; MaritalStatus = Married; low performance rating,Key drivers: Department = Production and MaritalStatus = Married. Recommended: offer coaching or a targeted development plan. Monitor and follow up.
3950,Noelle,Johnson,Database Administrator,IT/IS,CCDR,Full-Time,Female,3.04,37.0,3,2,5,Fully Meets,3,0.3250528629029461,Medium Risk,low performance rating; Gender = Female; education level,Key drivers: low performance rating and Gender = Female. Recommended: offer coaching or a targeted development plan. Monitor and follow up.
3349,Taylor,Bonilla,Production Technician I,Production,WBL,Contract,Male,3.72,67.0,4,1,3,Fully Meets,3,0.3245522489144659,Medium Risk,Department = Production; low performance rating; training investment,Key drivers: Department = Production and low performance rating. Recommended: offer coaching or a targeted development plan. Monitor and follow up.
1317,Bonalyn,Boutwell,Sr. Accountant,Admin Offices,MSC,Full-Time,Female,1.47,76.0,2,4,2,Fully Meets,3,0.32435133193172144,Medium Risk,short tenure; low performance rating; Employee = Full-Time,Key drivers: short tenure and low performance rating. Recommended: provide onboarding/mentorship support given short tenure; offer coaching or a targeted development plan. Monitor and follow up.
3223,Alisa,Aguirre,Production Technician I,Production,CCDR,Full-Time,Female,3.72,74.0,4,4,2,Fully Meets,5,0.32378072786251694,Medium Risk,Department = Production; desired salary at hire; low performance rating,Key drivers: Department = Production and desired salary at hire. Recommended: offer coaching or a targeted development plan; review compensation against market benchmarks. Monitor and follow up.
2424,Jonathon,Montes,Network Engineer,Executive Office,SVG,Full-Time,Male,2.07,52.0,1,2,4,Fully Meets,2,0.3235971609874669,Medium Risk,short tenure; Employee = Full-Time; age,Key drivers: short tenure and Employee = Full-Time. Recommended: provide onboarding/mentorship support given short tenure. Monitor and follow up.
1257,Jazlene,Lozano,Production Technician II,Production,BPC,Full-Time,Female,4.77,48.0,1,2,1,Fully Meets,3,0.3232273965628956,Medium Risk,Department = Production; low performance rating; BusinessUnit = BPC,Key drivers: Department = Production and low performance rating. Recommended: offer coaching or a targeted development plan. Monitor and follow up.
3082,Marco,Robles,Production Technician I,Production,PYZ,Part-Time,Female,3.69,38.0,3,4,4,Fully Meets,1,0.3231620344948856,Medium Risk,Department = Production; Gender = Female; education level,Key drivers: Department = Production and Gender = Female. Recommended: check in on overall engagement and role fit. Monitor and follow up.
3426,Chace,Kerr,Production Technician I,Production,BPC,Full-Time,Female,4.25,36.0,3,1,2,Fully Meets,2,0.32293892551136993,Medium Risk,Department = Production; Race = White; MaritalStatus = Married,Key drivers: Department = Production and Race = White. Recommended: check in on overall engagement and role fit. Monitor and follow up.
1192,Marquise,Santana,Production Technician II,Production,CCDR,Full-Time,Female,3.84,38.0,1,3,1,Fully Meets,3,0.3226886216732207,Medium Risk,Department = Production; low performance rating; desired salary at hire,Key drivers: Department = Production and low performance rating. Recommended: offer coaching or a targeted development plan; review compensation against market benchmarks. Monitor and follow up.
3919,Yaritza,Sherman,IT Support,IT/IS,NEL,Contract,Female,3.06,82.0,3,3,2,Fully Meets,3,0.3220456530001882,Medium Risk,low performance rating; Gender = Female; training investment,Key drivers: low performance rating and Gender = Female. Recommended: offer coaching or a targeted development plan. Monitor and follow up.
1415,Aubrey,Kim,Production Technician I,Production,CCDR,Part-Time,Male,5.92,49.0,2,2,1,Exceeds,3,0.32186459943075507,Medium Risk,Department = Production; low performance rating; desired salary at hire,Key drivers: Department = Production and low performance rating. Recommended: offer coaching or a targeted development plan; review compensation against market benchmarks. Monitor and follow up.
2091,Adalyn,Bass,Production Technician II,Production,MSC,Contract,Female,3.67,27.0,1,3,1,Fully Meets,3,0.32095464716457983,Medium Risk,Department = Production; desired salary at hire; low performance rating,Key drivers: Department = Production and desired salary at hire. Recommended: offer coaching or a targeted development plan; review compensation against market benchmarks. Monitor and follow up.
3644,Madisyn,Andrews,Production Technician I,Production,PYZ,Part-Time,Male,4.11,40.0,4,4,4,Fully Meets,3,0.32058302852699905,Medium Risk,Department = Production; low performance rating; MaritalStatus = Married,Key drivers: Department = Production and low performance rating. Recommended: offer coaching or a targeted development plan. Monitor and follow up.
1805,Phoenix,Pitts,Production Technician I,Production,BPC,Contract,Male,3.71,57.0,3,3,1,Fully Meets,3,0.3202103681371079,Medium Risk,Department = Production; low performance rating; BusinessUnit = BPC,Key drivers: Department = Production and low performance rating. Recommended: offer coaching or a targeted development plan. Monitor and follow up.
1123,Giuliana,Farmer,Production Manager,Production,NEL,Full-Time,Female,4.23,61.0,3,2,1,Fully Meets,3,0.3200243763424344,Medium Risk,Department = Production; low performance rating; Race = Other,Key drivers: Department = Production and low performance rating. Recommended: offer coaching or a targeted development plan. Monitor and follow up.
1679,Sage,Morris,Senior BI Developer,Admin Offices,BPC,Part-Time,Male,0.91,82.0,4,5,3,Fully Meets,3,0.319956375425073,Medium Risk,short tenure; training investment; low performance rating,Key drivers: short tenure and training investment. Recommended: provide onboarding/mentorship support given short tenure; offer coaching or a targeted development plan. Monitor and follow up.
1659,Joaquin,Hahn,Sales Manager,Sales,MSC,Full-Time,Female,1.31,49.0,5,4,5,Fully Meets,3,0.31979083819435944,Medium Risk,short tenure; low performance rating; Gender = Female,Key drivers: short tenure and low performance rating. Recommended: provide onboarding/mentorship support given short tenure; offer coaching or a targeted development plan. Monitor and follow up.
1428,Campbell,Doyle,Production Technician II,Production,SVG,Full-Time,Male,3.63,56.0,5,3,2,Exceeds,3,0.3197506821466102,Medium Risk,Department = Production; low performance rating; training investment,Key drivers: Department = Production and low performance rating. Recommended: offer coaching or a targeted development plan. Monitor and follow up.
1618,Corbin,Roberson,Production Technician I,Production,CCDR,Full-Time,Male,4.63,49.0,5,2,4,Needs Improvement,3,0.31943905025073166,Medium Risk,Department = Production; low performance rating; Race = White,Key drivers: Department = Production and low performance rating. Recommended: offer coaching or a targeted development plan. Monitor and follow up.
1980,Arianna,Horton,Production Technician I,Production,WBL,Part-Time,Female,4.71,36.0,4,5,5,Fully Meets,3,0.3193881527724328,Medium Risk,Department = Production; low performance rating; Employee = Part-Time,Key drivers: Department = Production and low performance rating. Recommended: offer coaching or a targeted development plan. Monitor and follow up.
2649,Maximus,Delgado,Area Sales Manager,Sales,PL,Part-Time,Female,2.67,53.0,4,4,1,Fully Meets,4,0.31937121511949784,Medium Risk,short tenure; low satisfaction score; Gender = Female,Key drivers: short tenure and low satisfaction score. Recommended: schedule a 1:1 to discuss engagement and career goals; provide onboarding/mentorship support given short tenure. Monitor and follow up.
2994,Sammy,Walter,Production Technician I,Production,BPC,Part-Time,Male,4.43,73.0,5,5,3,Fully Meets,4,0.31897423300817207,Medium Risk,Department = Production; low satisfaction score; low performance rating,Key drivers: Department = Production and low satisfaction score. Recommended: schedule a 1:1 to discuss engagement and career goals; offer coaching or a targeted development plan. Monitor and follow up.
2550,Beckett,Beck,Software Engineering Manager,Software Engineering,WBL,Contract,Female,0.96,74.0,1,3,1,Fully Meets,5,0.31889657601733795,Medium Risk,short tenure; PayZone = Zone A; training investment,Key drivers: short tenure and PayZone = Zone A. Recommended: provide onboarding/mentorship support given short tenure. Monitor and follow up.
2720,Cheyenne,Herman,Area Sales Manager,Sales,PL,Contract,Female,0.65,32.0,3,3,2,Fully Meets,4,0.3183936139323555,Medium Risk,short tenure; Gender = Female; low performance rating,Key drivers: short tenure and Gender = Female. Recommended: provide onboarding/mentorship support given short tenure; offer coaching or a targeted development plan. Monitor and follow up.
2587,Rylee,Frye,Area Sales Manager,Sales,NEL,Full-Time,Male,0.61,26.0,4,4,4,Fully Meets,5,0.3180720597936083,Medium Risk,short tenure; low satisfaction score; low performance rating,Key drivers: short tenure and low satisfaction score. Recommended: schedule a 1:1 to discuss engagement and career goals; provide onboarding/mentorship support given short tenure; offer coaching or a targeted development plan. Monitor and follow up.
3912,Maribel,Copeland,Sr. Network Engineer,IT/IS,PL,Part-Time,Male,0.54,58.0,3,1,4,Needs Improvement,3,0.3179043208176452,Medium Risk,short tenure; low performance rating; EmployeeClassification = Full-Time,Key drivers: short tenure and low performance rating. Recommended: provide onboarding/mentorship support given short tenure; offer coaching or a targeted development plan. Monitor and follow up.
1027,Joanna,Murphy,Senior BI Developer,Admin Offices,CCDR,Part-Time,Male,0.96,64.0,3,2,5,Fully Meets,3,0.3178460932162702,Medium Risk,short tenure; low performance rating; desired salary at hire,Key drivers: short tenure and low performance rating. Recommended: provide onboarding/mentorship support given short tenure; offer coaching or a targeted development plan; review compensation against market benchmarks. Monitor and follow up.
2371,Ahmed,Mcmahon,Data Analyst,Production,EW,Contract,Male,3.68,26.0,1,2,5,Fully Meets,1,0.317331780749628,Medium Risk,Department = Production; Race = White; Division = Field Operations,Key drivers: Department = Production and Race = White. Recommended: check in on overall engagement and role fit. Monitor and follow up.
1110,Joelle,Burke,Production Technician II,Production,NEL,Full-Time,Female,4.07,39.0,1,1,4,Fully Meets,3,0.31715624827295996,Medium Risk,Department = Production; low performance rating; low engagement,Key drivers: Department = Production and low performance rating. Recommended: schedule a 1:1 to discuss engagement and career goals; offer coaching or a targeted development plan. Monitor and follow up.
1151,Krystal,Peterson,Production Technician I,Production,EW,Part-Time,Male,3.92,48.0,3,5,1,Fully Meets,3,0.3169872475864705,Medium Risk,Department = Production; low performance rating; Employee = Part-Time,Key drivers: Department = Production and low performance rating. Recommended: offer coaching or a targeted development plan. Monitor and follow up.
2219,Hazel,Lane,IT Support,IT/IS,SVG,Part-Time,Female,0.61,60.0,2,5,2,Exceeds,5,0.31697600864686215,Medium Risk,short tenure; Gender = Female; low performance rating,Key drivers: short tenure and Gender = Female. Recommended: provide onboarding/mentorship support given short tenure; offer coaching or a targeted development plan. Monitor and follow up.
2553,Ralph,Barrera,IT Manager - DB,IT/IS,NEL,Contract,Male,0.42,53.0,2,2,2,Fully Meets,2,0.31660615140578413,Medium Risk,short tenure; BusinessUnit = NEL; low performance score,Key drivers: short tenure and BusinessUnit = NEL. Recommended: provide onboarding/mentorship support given short tenure; offer coaching or a targeted development plan. Monitor and follow up.
1377,Larissa,Douglas,Administrative Assistant,Admin Offices,SVG,Part-Time,Female,0.35,58.0,5,5,4,Exceeds,3,0.3166025120056444,Medium Risk,short tenure; low performance rating; low satisfaction score,Key drivers: short tenure and low performance rating. Recommended: schedule a 1:1 to discuss engagement and career goals; provide onboarding/mentorship support given short tenure; offer coaching or a targeted development plan. Monitor and follow up.
1676,Moises,Day,Area Sales Manager,IT/IS,TNS,Part-Time,Male,3.22,63.0,5,2,1,Fully Meets,3,0.31648309673912906,Medium Risk,low performance rating; Employee = Part-Time; low satisfaction score,Key drivers: low performance rating and Employee = Part-Time. Recommended: schedule a 1:1 to discuss engagement and career goals; offer coaching or a targeted development plan. Monitor and follow up.
1355,Niko,Durham,Administrative Assistant,Admin Offices,SVG,Full-Time,Female,0.44,81.0,2,2,3,Fully Meets,3,0.31645288023562707,Medium Risk,short tenure; low performance rating; Employee = Full-Time,Key drivers: short tenure and low performance rating. Recommended: provide onboarding/mentorship support given short tenure; offer coaching or a targeted development plan. Monitor and follow up.
1167,Camryn,Guerra,Production Technician II,Production,NEL,Contract,Female,4.73,71.0,3,2,4,Fully Meets,3,0.3164422266626195,Medium Risk,Department = Production; low performance rating; Race = Other,Key drivers: Department = Production and low performance rating. Recommended: offer coaching or a targeted development plan. Monitor and follow up.
1275,Sincere,Rivera,Production Technician II,Production,CCDR,Full-Time,Female,3.79,44.0,5,2,3,Fully Meets,3,0.3163190168786017,Medium Risk,Department = Production; low performance rating; training investment,Key drivers: Department = Production and low performance rating. Recommended: offer coaching or a targeted development plan. Monitor and follow up.
1720,Jaiden,Christian,Senior BI Developer,IT/IS,MSC,Part-Time,Male,3.1,61.0,3,4,2,Fully Meets,3,0.31625300204586193,Medium Risk,low performance rating; Employee = Part-Time; Race = Other,Key drivers: low performance rating and Employee = Part-Time. Recommended: offer coaching or a targeted development plan. Monitor and follow up.
2318,Faith,Golden,Production Manager,Production,MSC,Part-Time,Female,4.43,69.0,1,2,5,Fully Meets,2,0.31622523999296304,Medium Risk,Department = Production; training investment; Gender = Female,Key drivers: Department = Production and training investment. Recommended: check in on overall engagement and role fit. Monitor and follow up.
3436,Joseph,Martins,Area Sales Manager,Sales,BPC,Part-Time,Male,1.43,77.0,5,5,2,Fully Meets,5,0.31619610620048555,Medium Risk,short tenure; BusinessUnit = BPC; low performance rating,Key drivers: short tenure and BusinessUnit = BPC. Recommended: provide onboarding/mentorship support given short tenure; offer coaching or a targeted development plan. Monitor and follow up.
1678,Soren,Coleman,Senior BI Developer,Admin Offices,PL,Part-Time,Female,0.51,80.0,1,2,1,Fully Meets,3,0.31598242844467084,Medium Risk,short tenure; low performance rating; Gender = Female,Key drivers: short tenure and low performance rating. Recommended: provide onboarding/mentorship support given short tenure; offer coaching or a targeted development plan. Monitor and follow up.
1179,Madeleine,Sherman,Production Technician I,Production,PYZ,Part-Time,Male,4.03,36.0,5,3,1,Fully Meets,3,0.31565892185314554,Medium Risk,Department = Production; low performance rating; training investment,Key drivers: Department = Production and low performance rating. Recommended: offer coaching or a targeted development plan. Monitor and follow up.
2268,Armani,Rogers,IT Support,IT/IS,TNS,Contract,Male,1.31,63.0,3,2,2,Fully Meets,2,0.31542087958544135,Medium Risk,short tenure; Race = White; experience level,Key drivers: short tenure and Race = White. Recommended: provide onboarding/mentorship support given short tenure. Monitor and follow up.
2555,Colby,Horne,IT Director,IT/IS,BPC,Full-Time,Male,1.75,70.0,1,5,4,Fully Meets,2,0.3153205945281096,Medium Risk,short tenure; BusinessUnit = BPC; experience level,Key drivers: short tenure and BusinessUnit = BPC. Recommended: provide onboarding/mentorship support given short tenure. Monitor and follow up.
3894,Yesenia,Nielsen,IT Support,IT/IS,MSC,Full-Time,Female,3.16,67.0,3,4,5,Fully Meets,3,0.31495177502926597,Medium Risk,low performance rating; Gender = Female; MaritalStatus = Married,Key drivers: low performance rating and Gender = Female. Recommended: offer coaching or a targeted development plan. Monitor and follow up.
2260,Rocco,Vaughan,IT Support,IT/IS,EW,Part-Time,Female,1.7,34.0,1,3,4,Fully Meets,1,0.3149397065879846,Medium Risk,short tenure; Gender = Female; BusinessUnit = EW,Key drivers: short tenure and Gender = Female. Recommended: provide onboarding/mentorship support given short tenure. Monitor and follow up.
1384,Karla,Farrell,Administrative Assistant,Admin Offices,CCDR,Part-Time,Female,0.68,70.0,3,2,4,PIP,3,0.31482230881928924,Medium Risk,short tenure; low performance rating; PayZone = Zone B,Key drivers: short tenure and low performance rating. Recommended: provide onboarding/mentorship support given short tenure; offer coaching or a targeted development plan. Monitor and follow up.
2048,Khalil,Lee,Production Technician II,Production,PYZ,Contract,Female,4.46,31.0,5,2,4,Fully Meets,3,0.3148059825452555,Medium Risk,Department = Production; low performance rating; education level,Key drivers: Department = Production and low performance rating. Recommended: offer coaching or a targeted development plan. Monitor and follow up.
1636,Landen,Blanchard,Sales Manager,Admin Offices,SVG,Contract,Male,0.17,28.0,5,4,2,Fully Meets,3,0.3145894229832294,Medium Risk,short tenure; low performance rating; low satisfaction score,Key drivers: short tenure and low performance rating. Recommended: schedule a 1:1 to discuss engagement and career goals; provide onboarding/mentorship support given short tenure; offer coaching or a targeted development plan. Monitor and follow up.
1608,Rhianna,Allison,Production Technician I,Production,CCDR,Part-Time,Female,5.72,29.0,4,2,3,PIP,3,0.3145534144598355,Medium Risk,Department = Production; low performance rating; desired salary at hire,Key drivers: Department = Production and low performance rating. Recommended: offer coaching or a targeted development plan; review compensation against market benchmarks. Monitor and follow up.
1635,Azul,Watkins,Area Sales Manager,IT/IS,TNS,Full-Time,Male,1.47,38.0,4,4,2,Fully Meets,3,0.31426664222315004,Medium Risk,short tenure; low performance rating; low satisfaction score,Key drivers: short tenure and low performance rating. Recommended: schedule a 1:1 to discuss engagement and career goals; provide onboarding/mentorship support given short tenure; offer coaching or a targeted development plan. Monitor and follow up.
2272,Darryl,Richmond,IT Support,IT/IS,TNS,Part-Time,Female,0.38,39.0,5,5,3,Fully Meets,2,0.3140015033724705,Medium Risk,short tenure; Gender = Female; training investment,Key drivers: short tenure and Gender = Female. Recommended: provide onboarding/mentorship support given short tenure. Monitor and follow up.
3444,Bobby,Rodgers,Area Sales Manager,Sales,NEL,Contract,Male,0.19,43.0,2,1,4,Fully Meets,3,0.3139941560729075,Medium Risk,short tenure; low performance rating; age,Key drivers: short tenure and low performance rating. Recommended: provide onboarding/mentorship support given short tenure; offer coaching or a targeted development plan. Monitor and follow up.
2963,Kendrick,Snyder,Production Technician I,Production,MSC,Full-Time,Male,4.65,51.0,3,1,2,Fully Meets,2,0.3139534650141344,Medium Risk,Department = Production; JobFunctionDescription = Driver; Race = Other,Key drivers: Department = Production and JobFunctionDescription = Driver. Recommended: check in on overall engagement and role fit. Monitor and follow up.
3443,Kristen,Tate,Area Sales Manager,IT/IS,WBL,Full-Time,Male,2.1,32.0,2,2,4,Fully Meets,3,0.3137539123268814,Medium Risk,short tenure; low performance rating; Employee = Full-Time,Key drivers: short tenure and low performance rating. Recommended: provide onboarding/mentorship support given short tenure; offer coaching or a targeted development plan. Monitor and follow up.
1018,Alan,Haynes,Senior BI Developer,Admin Offices,CCDR,Part-Time,Female,1.47,84.0,1,4,4,Fully Meets,3,0.3137505533326616,Medium Risk,short tenure; low performance rating; MaritalStatus = Married,Key drivers: short tenure and low performance rating. Recommended: provide onboarding/mentorship support given short tenure; offer coaching or a targeted development plan. Monitor and follow up.
1727,Haylie,Arnold,BI Developer,IT/IS,MSC,Full-Time,Male,3.0,30.0,2,4,4,Fully Meets,3,0.3134389249372878,Medium Risk,low performance rating; training investment; experience level,Key drivers: low performance rating and training investment. Recommended: offer coaching or a targeted development plan. Monitor and follow up.
2009,Cayden,Maynard,Production Technician I,Production,CCDR,Contract,Female,4.69,29.0,2,5,2,Fully Meets,3,0.31327678044362367,Medium Risk,Department = Production; training investment; low performance rating,Key drivers: Department = Production and training investment. Recommended: offer coaching or a targeted development plan. Monitor and follow up.
2248,Ariel,Powers,IT Support,IT/IS,EW,Part-Time,Female,0.45,27.0,5,1,5,Fully Meets,2,0.31279930490214974,Medium Risk,short tenure; low satisfaction score; Gender = Female,Key drivers: short tenure and low satisfaction score. Recommended: schedule a 1:1 to discuss engagement and career goals; provide onboarding/mentorship support given short tenure. Monitor and follow up.
1017,Julien,Whitehead,Senior BI Developer,Admin Offices,BPC,Full-Time,Female,1.27,79.0,1,4,3,Fully Meets,3,0.3126467917678637,Medium Risk,short tenure; BusinessUnit = BPC; low performance rating,Key drivers: short tenure and BusinessUnit = BPC. Recommended: provide onboarding/mentorship support given short tenure; offer coaching or a targeted development plan. Monitor and follow up.
2488,Braedon,Welch,IT Director,IT/IS,PL,Contract,Male,0.36,37.0,4,2,5,Fully Meets,1,0.31238297548988875,Medium Risk,short tenure; low satisfaction score; MaritalStatus = Married,Key drivers: short tenure and low satisfaction score. Recommended: schedule a 1:1 to discuss engagement and career goals; provide onboarding/mentorship support given short tenure. Monitor and follow up.
2805,Avery,Vance,Production Technician II,Production,TNS,Full-Time,Male,4.27,38.0,3,5,2,Fully Meets,1,0.3123079431445959,Medium Risk,Department = Production; JobFunctionDescription = Driver; Race = White,Key drivers: Department = Production and JobFunctionDescription = Driver. Recommended: check in on overall engagement and role fit. Monitor and follow up.
3712,Kyra,Ray,Production Technician I,Production,MSC,Part-Time,Male,3.35,70.0,3,2,1,Needs Improvement,5,0.3121796431911461,Medium Risk,Department = Production; training investment; low performance rating,Key drivers: Department = Production and training investment. Recommended: offer coaching or a targeted development plan. Monitor and follow up.
1452,Tyrese,Goodman,Production Technician II,Production,TNS,Full-Time,Female,7.33,73.0,4,4,5,Needs Improvement,3,0.3120505983883072,Medium Risk,Department = Production; JobFunctionDescription = Driver; low performance rating,Key drivers: Department = Production and JobFunctionDescription = Driver. Recommended: offer coaching or a targeted development plan. Monitor and follow up.
3433,Latia,Costa,Area Sales Manager,Sales,WBL,Full-Time,Female,1.24,84.0,5,1,2,Exceeds,4,0.31194967052660455,Medium Risk,short tenure; low performance rating; Gender = Female,Key drivers: short tenure and low performance rating. Recommended: provide onboarding/mentorship support given short tenure; offer coaching or a targeted development plan. Monitor and follow up.
1542,Stacy,Bonilla,Production Technician I,Production,SVG,Full-Time,Male,4.3,34.0,4,5,4,Fully Meets,3,0.3118858811300019,Medium Risk,Department = Production; Race = White; low performance rating,Key drivers: Department = Production and Race = White. Recommended: offer coaching or a targeted development plan. Monitor and follow up.
2245,Londyn,Underwood,IT Manager - Infra,IT/IS,WBL,Part-Time,Male,1.37,80.0,4,2,4,Fully Meets,5,0.31179642142060504,Medium Risk,short tenure; low satisfaction score; low performance rating,Key drivers: short tenure and low satisfaction score. Recommended: schedule a 1:1 to discuss engagement and career goals; provide onboarding/mentorship support given short tenure; offer coaching or a targeted development plan. Monitor and follow up.
1213,Tamia,Sharp,Production Technician II,Production,MSC,Part-Time,Female,6.42,39.0,2,1,4,Fully Meets,3,0.31157068889486494,Medium Risk,Department = Production; low performance rating; Race = White,Key drivers: Department = Production and low performance rating. Recommended: offer coaching or a targeted development plan. Monitor and follow up.
1530,Demetrius,Sanders,Production Technician I,Production,PL,Contract,Female,3.62,26.0,2,1,3,Fully Meets,3,0.3113420931974398,Medium Risk,Department = Production; low performance rating; low engagement,Key drivers: Department = Production and low performance rating. Recommended: schedule a 1:1 to discuss engagement and career goals; offer coaching or a targeted development plan. Monitor and follow up.
1376,Mallory,Figueroa,Administrative Assistant,Sales,CCDR,Full-Time,Female,2.19,68.0,3,4,5,Exceeds,3,0.3112858028450903,Medium Risk,short tenure; low performance rating; Gender = Female,Key drivers: short tenure and low performance rating. Recommended: provide onboarding/mentorship support given short tenure; offer coaching or a targeted development plan. Monitor and follow up.
1616,Rhett,Andrews,Production Technician I,Production,PL,Full-Time,Female,7.82,35.0,4,3,1,Needs Improvement,3,0.3112539438159739,Medium Risk,Department = Production; training investment; low performance rating,Key drivers: Department = Production and training investment. Recommended: offer coaching or a targeted development plan. Monitor and follow up.
1751,Presley,Steele,Production Technician I,Production,NEL,Contract,Female,3.27,25.0,4,4,1,Fully Meets,3,0.31121032868484705,Medium Risk,Department = Production; low performance rating; age,Key drivers: Department = Production and low performance rating. Recommended: offer coaching or a targeted development plan. Monitor and follow up.
1739,Hang T,Wolk,Production Technician II,Production,CCDR,Contract,Female,3.79,45.0,5,2,1,Fully Meets,3,0.3111267789667116,Medium Risk,Department = Production; low performance rating; training investment,Key drivers: Department = Production and low performance rating. Recommended: offer coaching or a targeted development plan. Monitor and follow up.
1125,Lamont,Bridges,Production Technician II,Production,WBL,Contract,Male,4.76,35.0,3,4,4,Fully Meets,3,0.31095386223388216,Medium Risk,Department = Production; low performance rating; desired salary at hire,Key drivers: Department = Production and low performance rating. Recommended: offer coaching or a targeted development plan; review compensation against market benchmarks. Monitor and follow up.
3902,Hadassah,Moran,Network Engineer,Executive Office,MSC,Contract,Male,0.07,62.0,1,3,1,Fully Meets,3,0.3107314680445622,Medium Risk,short tenure; low performance rating; BusinessUnit = MSC,Key drivers: short tenure and low performance rating. Recommended: provide onboarding/mentorship support given short tenure; offer coaching or a targeted development plan. Monitor and follow up.
1718,Ayla,Mcgrath,BI Developer,IT/IS,CCDR,Full-Time,Male,3.09,26.0,4,5,5,Fully Meets,3,0.31071462196596017,Medium Risk,low performance rating; low satisfaction score; Division = Field Operations,Key drivers: low performance rating and low satisfaction score. Recommended: schedule a 1:1 to discuss engagement and career goals; offer coaching or a targeted development plan. Monitor and follow up.
2285,Webster L,Butler,Production Manager,Production,BPC,Full-Time,Male,4.44,55.0,3,4,3,Fully Meets,5,0.3107082897060811,Medium Risk,Department = Production; BusinessUnit = BPC; experience level,Key drivers: Department = Production and BusinessUnit = BPC. Recommended: check in on overall engagement and role fit. Monitor and follow up.
1045,Elliott,Ashley,Senior BI Developer,Admin Offices,PL,Full-Time,Female,2.4,63.0,4,1,1,Fully Meets,3,0.31014013942453145,Medium Risk,short tenure; low performance rating; Gender = Female,Key drivers: short tenure and low performance rating. Recommended: provide onboarding/mentorship support given short tenure; offer coaching or a targeted development plan. Monitor and follow up.
1364,Mollie,Jenkins,Accountant I,Admin Offices,MSC,Contract,Male,0.34,54.0,2,2,4,Exceeds,3,0.3100321434309477,Medium Risk,short tenure; low performance rating; age,Key drivers: short tenure and low performance rating. Recommended: provide onboarding/mentorship support given short tenure; offer coaching or a targeted development plan. Monitor and follow up.
1778,Cannon,Lee,Production Technician I,Production,NEL,Full-Time,Female,7.25,77.0,5,3,4,Fully Meets,3,0.30982495164170876,Medium Risk,Department = Production; low performance rating; BusinessUnit = NEL,Key drivers: Department = Production and low performance rating. Recommended: offer coaching or a targeted development plan. Monitor and follow up.
1183,Aydin,Tate,Production Technician I,Production,BPC,Part-Time,Female,4.47,80.0,5,4,5,Fully Meets,3,0.3095807147646479,Medium Risk,Department = Production; low performance rating; BusinessUnit = BPC,Key drivers: Department = Production and low performance rating. Recommended: offer coaching or a targeted development plan. Monitor and follow up.
2479,Mireya,Sutton,Data Analyst,IT/IS,SVG,Contract,Female,0.08,80.0,1,2,2,Fully Meets,4,0.30949719680497245,Medium Risk,short tenure; low performance rating; Gender = Female,Key drivers: short tenure and low performance rating. Recommended: provide onboarding/mentorship support given short tenure; offer coaching or a targeted development plan. Monitor and follow up.
1009,Adell,Saada,Software Engineer,Software Engineering,NEL,Part-Time,Female,3.58,39.0,5,2,1,Fully Meets,3,0.3087027905394195,Medium Risk,low performance rating; Race = Other; poor work-life balance,Key drivers: low performance rating and Race = Other. Recommended: review workload and flexible-work options; offer coaching or a targeted development plan. Monitor and follow up.
2212,Savanna,Mayo,IT Support,IT/IS,MSC,Full-Time,Female,0.72,35.0,1,4,5,Exceeds,1,0.3083613422388401,Medium Risk,short tenure; Gender = Female; Employee = Full-Time,Key drivers: short tenure and Gender = Female. Recommended: provide onboarding/mentorship support given short tenure. Monitor and follow up.
3900,Abel,Baker,Principal Data Architect,IT/IS,CCDR,Contract,Female,3.11,31.0,2,5,1,Fully Meets,3,0.30835352383810855,Medium Risk,low performance rating; JobFunctionDescription = Field Technician; Gender = Female,Key drivers: low performance rating and JobFunctionDescription = Field Technician. Recommended: offer coaching or a targeted development plan. Monitor and follow up.
1721,Elliott,Odonnell,Senior BI Developer,IT/IS,NEL,Full-Time,Male,3.13,28.0,4,5,4,Fully Meets,3,0.3082118547334931,Medium Risk,low performance rating; low satisfaction score; Division = Finance & Accounting,Key drivers: low performance rating and low satisfaction score. Recommended: schedule a 1:1 to discuss engagement and career goals; offer coaching or a targeted development plan. Monitor and follow up.
2864,Luke,Heath,Production Technician II,Production,MSC,Part-Time,Male,4.19,31.0,3,1,4,Fully Meets,2,0.30778309790159225,Medium Risk,Department = Production; training investment; desired salary at hire,Key drivers: Department = Production and training investment. Recommended: review compensation against market benchmarks. Monitor and follow up.
1176,Krista,Franco,Production Technician I,Production,MSC,Contract,Female,3.74,66.0,2,2,5,Fully Meets,3,0.30756299848892477,Medium Risk,Department = Production; experience level; desired salary at hire,Key drivers: Department = Production and experience level. Recommended: review compensation against market benchmarks. Monitor and follow up.
1932,John,Smith,Sales Manager,Sales,BPC,Full-Time,Male,2.47,49.0,5,5,2,Fully Meets,3,0.30670986826452995,Medium Risk,short tenure; low performance rating; age,Key drivers: short tenure and low performance rating. Recommended: provide onboarding/mentorship support given short tenure; offer coaching or a targeted development plan. Monitor and follow up.
3961,Maddison,Perez,BI Director,IT/IS,NEL,Full-Time,Male,3.32,48.0,5,2,2,Fully Meets,3,0.3066849709900634,Medium Risk,low performance rating; training investment; poor work-life balance,Key drivers: low performance rating and training investment. Recommended: review workload and flexible-work options; offer coaching or a targeted development plan. Monitor and follow up.
3146,Abril,Joseph,Production Technician I,Production,TNS,Part-Time,Female,7.61,48.0,1,5,1,Fully Meets,4,0.3062876241287269,Medium Risk,Department = Production; low performance rating; desired salary at hire,Key drivers: Department = Production and low performance rating. Recommended: offer coaching or a targeted development plan; review compensation against market benchmarks. Monitor and follow up.
1534,Ernesto,Madden,Production Technician II,Production,CCDR,Full-Time,Male,4.41,62.0,1,1,5,Fully Meets,3,0.3062606258783491,Medium Risk,Department = Production; low performance rating; MaritalStatus = Married,Key drivers: Department = Production and low performance rating. Recommended: offer coaching or a targeted development plan. Monitor and follow up.
2215,Conrad,Ochoa,IT Support,IT/IS,BPC,Contract,Female,0.94,64.0,5,1,5,Exceeds,1,0.30613128089751274,Medium Risk,short tenure; BusinessUnit = BPC; PayZone = Zone B,Key drivers: short tenure and BusinessUnit = BPC. Recommended: provide onboarding/mentorship support given short tenure. Monitor and follow up.
1973,Lisa,Lunquist,Production Technician II,Production,BPC,Full-Time,Female,6.7,35.0,2,4,3,Fully Meets,3,0.3057210606491576,Medium Risk,Department = Production; low performance rating; desired salary at hire,Key drivers: Department = Production and low performance rating. Recommended: offer coaching or a targeted development plan; review compensation against market benchmarks. Monitor and follow up.
2282,Charles,Bozzi,Production Manager,Production,PL,Part-Time,Male,7.25,59.0,5,1,3,Fully Meets,4,0.305648345374868,Medium Risk,Department = Production; low performance rating; JobFunctionDescription = Engineer,Key drivers: Department = Production and low performance rating. Recommended: offer coaching or a targeted development plan. Monitor and follow up.
2640,Magdalena,Whitehead,Area Sales Manager,Sales,BPC,Contract,Male,1.02,64.0,5,1,2,Fully Meets,4,0.305636071699169,Medium Risk,short tenure; BusinessUnit = BPC; low performance rating,Key drivers: short tenure and BusinessUnit = BPC. Recommended: provide onboarding/mentorship support given short tenure; offer coaching or a targeted development plan. Monitor and follow up.
2100,Lucy,Santos,Production Technician I,Production,CCDR,Contract,Female,3.87,82.0,1,1,1,Exceeds,4,0.3056035675793997,Medium Risk,Department = Production; Race = Other; low performance rating,Key drivers: Department = Production and Race = Other. Recommended: offer coaching or a targeted development plan. Monitor and follow up.
3363,Trevor,Barry,Production Technician I,Production,MSC,Part-Time,Male,4.32,69.0,4,4,2,Exceeds,5,0.30555620683472745,Medium Risk,Department = Production; Division = Field Operations; low performance rating,Key drivers: Department = Production and Division = Field Operations. Recommended: offer coaching or a targeted development plan. Monitor and follow up.
1598,Myla,Mcintyre,Production Technician I,Production,EW,Contract,Female,4.06,48.0,5,2,5,Needs Improvement,3,0.30554474479735244,Medium Risk,Department = Production; low performance rating; age,Key drivers: Department = Production and low performance rating. Recommended: offer coaching or a targeted development plan. Monitor and follow up.
1842,Delaney,Stewart,Production Technician I,Production,PL,Part-Time,Male,4.99,28.0,4,1,4,Exceeds,3,0.3053278151271677,Medium Risk,Department = Production; low performance rating; desired salary at hire,Key drivers: Department = Production and low performance rating. Recommended: offer coaching or a targeted development plan; review compensation against market benchmarks. Monitor and follow up.
3330,Esther,Willis,Production Technician I,Production,BPC,Part-Time,Female,5.96,50.0,3,1,3,Fully Meets,4,0.30517383333454673,Medium Risk,Department = Production; BusinessUnit = BPC; JobFunctionDescription = Engineer,Key drivers: Department = Production and BusinessUnit = BPC. Recommended: check in on overall engagement and role fit. Monitor and follow up.
1135,Evan,Chen,Production Technician I,Production,CCDR,Full-Time,Male,4.74,62.0,4,5,4,Fully Meets,3,0.3051170667686647,Medium Risk,Department = Production; low performance rating; low satisfaction score,Key drivers: Department = Production and low performance rating. Recommended: schedule a 1:1 to discuss engagement and career goals; offer coaching or a targeted development plan. Monitor and follow up.
2898,Angel,Santos,Production Technician I,Production,EW,Contract,Female,6.6,40.0,4,1,3,Fully Meets,4,0.30494897424992357,Medium Risk,Department = Production; JobFunctionDescription = Coordinator; low performance rating,Key drivers: Department = Production and JobFunctionDescription = Coordinator. Recommended: offer coaching or a targeted development plan. Monitor and follow up.
2528,Rigoberto,Allen,BI Developer,IT/IS,PYZ,Part-Time,Male,0.13,41.0,4,2,2,Fully Meets,1,0.3048620567701908,Medium Risk,short tenure; age; education level,Key drivers: short tenure and age. Recommended: provide onboarding/mentorship support given short tenure. Monitor and follow up.
2690,Joaquin,Cuevas,Area Sales Manager,Sales,BPC,Part-Time,Male,0.39,29.0,3,1,2,Fully Meets,4,0.30474233933860245,Medium Risk,short tenure; low performance rating; PayZone = Zone B,Key drivers: short tenure and low performance rating. Recommended: provide onboarding/mentorship support given short tenure; offer coaching or a targeted development plan. Monitor and follow up.
3317,Shyann,Hurst,Production Technician I,Production,PL,Part-Time,Female,4.36,43.0,5,1,5,Fully Meets,3,0.3047354765174337,Medium Risk,Department = Production; low performance rating; Division = Finance & Accounting,Key drivers: Department = Production and low performance rating. Recommended: offer coaching or a targeted development plan. Monitor and follow up.
3714,Aleena,Mercer,Production Technician I,Production,CCDR,Full-Time,Male,6.52,61.0,5,3,2,Fully Meets,4,0.3047200671468834,Medium Risk,Department = Production; low performance rating; Race = White,Key drivers: Department = Production and low performance rating. Recommended: offer coaching or a targeted development plan. Monitor and follow up.
3805,Nancy,Short,Production Technician I,Production,CCDR,Full-Time,Male,4.24,44.0,5,2,2,Fully Meets,3,0.3044733751361139,Medium Risk,Department = Production; low performance rating; Race = Other,Key drivers: Department = Production and low performance rating. Recommended: offer coaching or a targeted development plan. Monitor and follow up.
1054,Phillip,Salazar,Software Engineer,Software Engineering,PL,Part-Time,Male,3.45,33.0,5,1,2,Fully Meets,3,0.3044229768290751,Medium Risk,low performance rating; Department = Software Engineering; low satisfaction score,Key drivers: low performance rating and Department = Software Engineering. Recommended: schedule a 1:1 to discuss engagement and career goals; offer coaching or a targeted development plan. Monitor and follow up.
2014,Malaki,Richards,Production Technician II,Production,EW,Part-Time,Female,4.37,42.0,5,2,4,Fully Meets,3,0.3044184385088568,Medium Risk,Department = Production; low performance rating; low engagement,Key drivers: Department = Production and low performance rating. Recommended: schedule a 1:1 to discuss engagement and career goals; offer coaching or a targeted development plan. Monitor and follow up.
2005,Laci,Baird,Production Technician I,Production,WBL,Part-Time,Female,3.9,79.0,1,2,2,Fully Meets,3,0.3043095554203186,Medium Risk,Department = Production; low performance rating; Employee = Part-Time,Key drivers: Department = Production and low performance rating. Recommended: offer coaching or a targeted development plan. Monitor and follow up.
3649,Elisha,Ruiz,Production Technician II,Production,TNS,Contract,Female,3.95,58.0,2,1,2,Exceeds,4,0.304226304285416,Medium Risk,Department = Production; training investment; low performance rating,Key drivers: Department = Production and training investment. Recommended: offer coaching or a targeted development plan. Monitor and follow up.
1874,Saniyah,Schroeder,Production Technician II,Production,CCDR,Full-Time,Male,4.72,66.0,4,2,4,Fully Meets,3,0.30407100680968296,Medium Risk,Department = Production; low performance rating; desired salary at hire,Key drivers: Department = Production and low performance rating. Recommended: offer coaching or a targeted development plan; review compensation against market benchmarks. Monitor and follow up.
1549,Sage,Potter,Production Technician I,Production,PL,Part-Time,Female,4.22,34.0,3,2,1,Fully Meets,3,0.3039172185657305,Medium Risk,Department = Production; low performance rating; poor work-life balance,Key drivers: Department = Production and low performance rating. Recommended: review workload and flexible-work options; offer coaching or a targeted development plan. Monitor and follow up.
2420,Carleigh,Garrison,Production Manager,Production,MSC,Contract,Female,6.14,77.0,3,4,1,Fully Meets,5,0.30390878782112396,Medium Risk,Department = Production; low performance rating; JobFunctionDescription = Coordinator,Key drivers: Department = Production and low performance rating. Recommended: offer coaching or a targeted development plan. Monitor and follow up.
3116,Johnathan,Harmon,Production Technician II,Production,NEL,Part-Time,Female,5.39,45.0,1,2,4,Fully Meets,5,0.30381599192305603,Medium Risk,Department = Production; training investment; low performance rating,Key drivers: Department = Production and training investment. Recommended: offer coaching or a targeted development plan. Monitor and follow up.
1362,Raphael,Francis,Administrative Assistant,Admin Offices,SVG,Full-Time,Female,1.07,43.0,2,5,5,Exceeds,3,0.3037694799062676,Medium Risk,short tenure; low performance rating; age,Key drivers: short tenure and low performance rating. Recommended: provide onboarding/mentorship support given short tenure; offer coaching or a targeted development plan. Monitor and follow up.
2612,Amiya,Richardson,Area Sales Manager,Sales,WBL,Part-Time,Male,1.31,63.0,2,2,5,Fully Meets,4,0.30371823467957754,Medium Risk,short tenure; low performance rating; MaritalStatus = Married,Key drivers: short tenure and low performance rating. Recommended: provide onboarding/mentorship support given short tenure; offer coaching or a targeted development plan. Monitor and follow up.
2257,Ingrid,Lucero,IT Manager - Support,IT/IS,WBL,Contract,Male,1.11,38.0,3,4,5,Fully Meets,2,0.30366005851430894,Medium Risk,short tenure; MaritalStatus = Married; low performance score,Key drivers: short tenure and MaritalStatus = Married. Recommended: provide onboarding/mentorship support given short tenure; offer coaching or a targeted development plan. Monitor and follow up.
2496,Selina,Mullins,Director of Sales,IT/IS,PL,Part-Time,Male,2.49,65.0,3,2,3,Fully Meets,2,0.3035072709503106,Medium Risk,short tenure; Employee = Part-Time; PayZone = Zone B,Key drivers: short tenure and Employee = Part-Time. Recommended: provide onboarding/mentorship support given short tenure. Monitor and follow up.
1203,Mylie,Salazar,Production Technician I,Production,EW,Contract,Male,7.88,40.0,5,3,3,Fully Meets,3,0.3034837653575663,Medium Risk,Department = Production; low performance rating; training investment,Key drivers: Department = Production and low performance rating. Recommended: offer coaching or a targeted development plan. Monitor and follow up.
1486,Soren,Merritt,Production Technician I,Production,BPC,Part-Time,Female,7.39,27.0,5,5,2,Fully Meets,3,0.30324509440812863,Medium Risk,Department = Production; low performance rating; JobFunctionDescription = Engineer,Key drivers: Department = Production and low performance rating. Recommended: offer coaching or a targeted development plan. Monitor and follow up.
3184,Dakota,Oliver,Production Technician I,Production,MSC,Part-Time,Female,4.2,54.0,1,3,4,PIP,5,0.30323248346633797,Medium Risk,Department = Production; low performance rating; Gender = Female,Key drivers: Department = Production and low performance rating. Recommended: offer coaching or a targeted development plan. Monitor and follow up.
1958,Lin,Chan,Production Technician I,Production,PYZ,Contract,Female,7.06,36.0,2,4,5,Fully Meets,3,0.3031896198193371,Medium Risk,Department = Production; low performance rating; desired salary at hire,Key drivers: Department = Production and low performance rating. Recommended: offer coaching or a targeted development plan; review compensation against market benchmarks. Monitor and follow up.
2832,Lilyana,Huffman,Production Technician I,Production,BPC,Contract,Male,4.68,52.0,5,4,5,Fully Meets,5,0.30251965886701093,Medium Risk,Department = Production; low performance rating; BusinessUnit = BPC,Key drivers: Department = Production and low performance rating. Recommended: offer coaching or a targeted development plan. Monitor and follow up.
1278,Cason,Tyler,Production Technician II,Production,NEL,Full-Time,Female,5.75,71.0,4,2,5,Fully Meets,3,0.3022572836387701,Medium Risk,Department = Production; low performance rating; training investment,Key drivers: Department = Production and low performance rating. Recommended: offer coaching or a targeted development plan. Monitor and follow up.
1836,Karla,Hines,Production Technician II,Production,MSC,Part-Time,Male,7.1,56.0,4,1,3,Needs Improvement,3,0.30221981928248465,Medium Risk,Department = Production; low performance rating; low satisfaction score,Key drivers: Department = Production and low performance rating. Recommended: schedule a 1:1 to discuss engagement and career goals; offer coaching or a targeted development plan. Monitor and follow up.
1300,Nia,Nicholson,Production Technician II,Production,CCDR,Contract,Female,5.12,59.0,3,1,1,Fully Meets,3,0.3021165346030944,Medium Risk,Department = Production; low performance rating; MaritalStatus = Married,Key drivers: Department = Production and low performance rating. Recommended: offer coaching or a targeted development plan. Monitor and follow up.
3370,Jadiel,Dickson,Production Technician II,Production,EW,Contract,Female,4.1,68.0,5,3,3,Exceeds,3,0.30199463962217354,Medium Risk,Department = Production; low performance rating; training investment,Key drivers: Department = Production and low performance rating. Recommended: offer coaching or a targeted development plan. Monitor and follow up.
2829,Serenity,Carlson,Production Technician I,Production,WBL,Part-Time,Male,3.69,79.0,5,2,3,Fully Meets,2,0.30186828585791753,Medium Risk,Department = Production; Employee = Part-Time; Race = Other,Key drivers: Department = Production and Employee = Part-Time. Recommended: check in on overall engagement and role fit. Monitor and follow up.
3470,Esteban,Gilbert,Area Sales Manager,Sales,BPC,Contract,Female,0.95,29.0,2,1,3,Needs Improvement,3,0.3017916900292571,Medium Risk,short tenure; low performance rating; Gender = Female,Key drivers: short tenure and low performance rating. Recommended: provide onboarding/mentorship support given short tenure; offer coaching or a targeted development plan. Monitor and follow up.
3448,Angela,Molina,Area Sales Manager,Sales,SVG,Full-Time,Male,1.1,68.0,1,5,5,Fully Meets,3,0.3016546113726629,Medium Risk,short tenure; low performance rating; Employee = Full-Time,Key drivers: short tenure and low performance rating. Recommended: provide onboarding/mentorship support given short tenure; offer coaching or a targeted development plan. Monitor and follow up.
1699,Trevon,Briggs,Senior BI Developer,Admin Offices,PL,Contract,Male,0.79,33.0,4,2,3,Fully Meets,3,0.3016448555598715,Medium Risk,short tenure; low performance rating; low satisfaction score,Key drivers: short tenure and low performance rating. Recommended: schedule a 1:1 to discuss engagement and career goals; provide onboarding/mentorship support given short tenure; offer coaching or a targeted development plan. Monitor and follow up.
3439,Bartholemew,Khemmich,Area Sales Manager,Sales,EW,Full-Time,Male,0.51,45.0,2,1,5,Fully Meets,3,0.30152206458527203,Medium Risk,short tenure; low performance rating; low engagement,Key drivers: short tenure and low performance rating. Recommended: schedule a 1:1 to discuss engagement and career goals; provide onboarding/mentorship support given short tenure; offer coaching or a targeted development plan. Monitor and follow up.
1885,Jabari,Guerrero,Production Technician I,Production,PYZ,Contract,Male,4.55,42.0,2,1,4,Fully Meets,3,0.3013687406151993,Medium Risk,Department = Production; low performance rating; low engagement,Key drivers: Department = Production and low performance rating. Recommended: schedule a 1:1 to discuss engagement and career goals; offer coaching or a targeted development plan. Monitor and follow up.
3797,Maria,Grant,Production Technician I,Production,EW,Contract,Female,6.2,51.0,4,3,2,Fully Meets,3,0.3012551516852624,Medium Risk,Department = Production; training investment; low performance rating,Key drivers: Department = Production and training investment. Recommended: offer coaching or a targeted development plan. Monitor and follow up.
1870,Shelby,Frazier,Production Technician I,Production,WBL,Contract,Female,3.81,34.0,5,2,3,Fully Meets,3,0.3009976986017327,Medium Risk,Department = Production; low performance rating; low satisfaction score,Key drivers: Department = Production and low performance rating. Recommended: schedule a 1:1 to discuss engagement and career goals; offer coaching or a targeted development plan. Monitor and follow up.
2053,Kolten,Kim,Production Technician I,Production,EW,Part-Time,Female,4.83,37.0,3,5,1,Fully Meets,3,0.30081568509338097,Medium Risk,Department = Production; low performance rating; desired salary at hire,Key drivers: Department = Production and low performance rating. Recommended: offer coaching or a targeted development plan; review compensation against market benchmarks. Monitor and follow up.
3140,Evie,Beard,Production Technician I,Production,PL,Contract,Male,4.4,36.0,1,1,1,Fully Meets,5,0.30076872891130607,Medium Risk,Department = Production; low engagement; poor work-life balance,Key drivers: Department = Production and low engagement. Recommended: schedule a 1:1 to discuss engagement and career goals; review workload and flexible-work options. Monitor and follow up.
2055,Beau,Olsen,Production Technician I,Production,TNS,Contract,Female,5.66,37.0,4,5,2,Fully Meets,3,0.30071193200848795,Medium Risk,Department = Production; low performance rating; low satisfaction score,Key drivers: Department = Production and low performance rating. Recommended: schedule a 1:1 to discuss engagement and career goals; offer coaching or a targeted development plan. Monitor and follow up.
2856,Sage,Boyer,Production Technician I,Production,TNS,Full-Time,Female,4.3,74.0,5,4,2,Needs Improvement,5,0.30066534800934674,Medium Risk,Department = Production; Race = White; low performance rating,Key drivers: Department = Production and Race = White. Recommended: offer coaching or a targeted development plan. Monitor and follow up.
2617,Yadira,Barron,Administrative Assistant,Sales,SVG,Full-Time,Female,2.41,31.0,4,4,2,Fully Meets,4,0.3005125774338367,Medium Risk,short tenure; Gender = Female; low satisfaction score,Key drivers: short tenure and Gender = Female. Recommended: schedule a 1:1 to discuss engagement and career goals; provide onboarding/mentorship support given short tenure. Monitor and follow up.
1716,Tyrell,Fuentes,BI Director,IT/IS,NEL,Contract,Female,1.63,65.0,1,2,1,Fully Meets,3,0.3004261332287591,Medium Risk,short tenure; low performance rating; training investment,Key drivers: short tenure and low performance rating. Recommended: provide onboarding/mentorship support given short tenure; offer coaching or a targeted development plan. Monitor and follow up.
1686,Alexis,Harrell,BI Developer,IT/IS,SVG,Contract,Male,0.45,72.0,4,2,2,Fully Meets,3,0.30017987990391165,Medium Risk,short tenure; low performance rating; low satisfaction score,Key drivers: short tenure and low performance rating. Recommended: schedule a 1:1 to discuss engagement and career goals; provide onboarding/mentorship support given short tenure; offer coaching or a targeted development plan. Monitor and follow up.
2534,Iyana,Benjamin,IT Director,IT/IS,BPC,Part-Time,Male,2.11,66.0,2,2,5,Fully Meets,1,0.30014295797826035,Medium Risk,short tenure; BusinessUnit = BPC; PayZone = Zone B,Key drivers: short tenure and BusinessUnit = BPC. Recommended: provide onboarding/mentorship support given short tenure. Monitor and follow up.
1149,Precious,Caldwell,Production Technician II,Production,NEL,Part-Time,Female,4.36,85.0,2,3,5,Fully Meets,3,0.30006182363246015,Medium Risk,Department = Production; low performance rating; experience level,Key drivers: Department = Production and low performance rating. Recommended: offer coaching or a targeted development plan. Monitor and follow up.
1229,David,Velez,Production Technician I,Production,BPC,Part-Time,Female,6.49,74.0,2,4,5,Fully Meets,3,0.30002713991002067,Medium Risk,Department = Production; BusinessUnit = BPC; training investment,Key drivers: Department = Production and BusinessUnit = BPC. Recommended: check in on overall engagement and role fit. Monitor and follow up.
1493,Bradley,Barnes,Production Technician II,Production,SVG,Full-Time,Male,3.98,46.0,2,2,4,Fully Meets,3,0.30001282872762197,Medium Risk,Department = Production; low performance rating; MaritalStatus = Married,Key drivers: Department = Production and low performance rating. Recommended: offer coaching or a targeted development plan. Monitor and follow up.
2267,Antony,Brandt,IT Support,IT/IS,MSC,Full-Time,Female,3.31,55.0,3,1,3,Fully Meets,4,0.2999790589731536,Low Risk,low performance rating; low engagement; education level,Maintain current engagement practices; no immediate action needed.
2590,Stephanie,Wilkinson,Area Sales Manager,Sales,CCDR,Part-Time,Male,0.08,28.0,1,1,4,Fully Meets,5,0.2999318440272405,Low Risk,short tenure; low performance rating; MaritalStatus = Married,Maintain current engagement practices; no immediate action needed.
1053,Blaine,Keith,Shared Services Manager,Software Engineering,NEL,Contract,Female,2.07,79.0,1,2,4,Fully Meets,3,0.29992920615124163,Low Risk,short tenure; low performance rating; Department = Software Engineering,Maintain current engagement practices; no immediate action needed.
2667,Marisol,Alvarez,Administrative Assistant,Sales,BPC,Full-Time,Female,1.89,61.0,2,3,3,Fully Meets,2,0.29980887283564883,Low Risk,short tenure; Gender = Female; BusinessUnit = BPC,Maintain current engagement practices; no immediate action needed.
2189,Tyree,Mahoney,Production Technician II,Production,CCDR,Part-Time,Female,7.5,82.0,2,1,4,Needs Improvement,5,0.2997920379647714,Low Risk,Department = Production; JobFunctionDescription = Shop; desired salary at hire,Maintain current engagement practices; no immediate action needed.
3784,Ashton,Larsen,Production Technician I,Production,CCDR,Contract,Female,3.95,28.0,3,3,2,Fully Meets,3,0.2997136495955755,Low Risk,Department = Production; low performance rating; PayZone = Zone A,Maintain current engagement practices; no immediate action needed.
2178,Francis,Robbins,Production Technician I,Production,WBL,Contract,Female,3.73,36.0,1,4,5,PIP,4,0.299476879118046,Low Risk,Department = Production; education level; desired salary at hire,Maintain current engagement practices; no immediate action needed.
1442,Makena,Mcintosh,Production Technician I,Production,CCDR,Full-Time,Female,7.83,33.0,4,2,2,Needs Improvement,3,0.2994612213399554,Low Risk,Department = Production; low performance rating; desired salary at hire,Maintain current engagement practices; no immediate action needed.
3609,Kayleigh,Harmon,Production Technician I,Production,TNS,Contract,Female,5.15,33.0,2,2,4,Fully Meets,3,0.29915223492391363,Low Risk,Department = Production; low performance rating; desired salary at hire,Maintain current engagement practices; no immediate action needed.
2776,Karlee,Davies,Production Technician I,Production,TNS,Full-Time,Male,4.59,51.0,3,5,5,Fully Meets,4,0.2990709257004931,Low Risk,Department = Production; Race = White; BusinessUnit = TNS,Maintain current engagement practices; no immediate action needed.
2033,Nico,Villarreal,Production Technician I,Production,PL,Full-Time,Female,4.21,35.0,1,4,5,Fully Meets,3,0.2990600088731127,Low Risk,Department = Production; low performance rating; training investment,Maintain current engagement practices; no immediate action needed.
1515,Shaylee,Hall,Production Technician II,Production,SVG,Full-Time,Female,7.83,29.0,3,2,1,Fully Meets,3,0.29896789860898465,Low Risk,Department = Production; low performance rating; Race = Other,Maintain current engagement practices; no immediate action needed.
3617,Bailey,Collier,Production Technician I,Production,EW,Full-Time,Female,3.48,65.0,3,2,3,Fully Meets,1,0.29878760451368613,Low Risk,Department = Production; Gender = Female; education level,Maintain current engagement practices; no immediate action needed.
1690,Kyler,Morales,Senior BI Developer,Admin Offices,NEL,Contract,Male,0.41,85.0,1,3,5,Fully Meets,3,0.29855405425508885,Low Risk,short tenure; low performance rating; PayZone = Zone A,Maintain current engagement practices; no immediate action needed.
3427,Uriah,Bridges,Production Technician I,Production,CCDR,Contract,Female,6.85,57.0,2,1,3,Fully Meets,4,0.2984082246726285,Low Risk,Department = Production; Division = Finance & Accounting; low performance rating,Maintain current engagement practices; no immediate action needed.
2042,Luna,Arroyo,Production Technician II,Production,BPC,Part-Time,Female,6.67,34.0,2,5,1,Fully Meets,3,0.29823850196729706,Low Risk,Department = Production; low performance rating; Employee = Part-Time,Maintain current engagement practices; no immediate action needed.
1258,Jennifer,Salazar,Production Technician II,Production,CCDR,Full-Time,Female,4.07,49.0,5,3,4,Fully Meets,3,0.29823589638060627,Low Risk,Department = Production; low performance rating; age,Maintain current engagement practices; no immediate action needed.
2979,Lauren,Mahoney,Production Technician I,Production,PL,Full-Time,Female,4.41,25.0,5,4,4,Fully Meets,2,0.2980156847761023,Low Risk,Department = Production; Gender = Female; age,Maintain current engagement practices; no immediate action needed.
3210,Barbara M,Stanford,Production Technician I,Production,WBL,Full-Time,Female,6.2,33.0,5,3,1,Fully Meets,5,0.2979588740876181,Low Risk,Department = Production; low performance rating; Gender = Female,Maintain current engagement practices; no immediate action needed.
1909,Tyree,Parsons,Production Technician I,Production,TNS,Full-Time,Female,4.76,65.0,5,3,2,Fully Meets,3,0.2979502327916976,Low Risk,Department = Production; low performance rating; low satisfaction score,Maintain current engagement practices; no immediate action needed.
2692,Ralph,Stone,Area Sales Manager,Sales,SVG,Full-Time,Male,2.17,29.0,5,4,2,Fully Meets,4,0.29779095879454304,Low Risk,short tenure; low performance rating; low satisfaction score,Maintain current engagement practices; no immediate action needed.
1361,Elle,Berry,Sr. Accountant,Admin Offices,BPC,Full-Time,Female,0.06,77.0,3,1,2,Exceeds,3,0.29768653460630096,Low Risk,short tenure; low performance rating; BusinessUnit = BPC,Maintain current engagement practices; no immediate action needed.
2997,Jaqueline,Ford,Production Technician I,Production,EW,Contract,Female,4.44,41.0,2,1,5,Fully Meets,2,0.29743201443212863,Low Risk,Department = Production; Gender = Female; Race = Other,Maintain current engagement practices; no immediate action needed.
2144,Pierre,Craig,Production Technician II,Production,TNS,Full-Time,Female,3.92,28.0,5,2,4,Exceeds,2,0.29720323043144775,Low Risk,Department = Production; Gender = Female; Division = Field Operations,Maintain current engagement practices; no immediate action needed.
3791,Bentley,Rush,Production Technician I,Production,WBL,Full-Time,Female,6.33,48.0,1,4,1,Fully Meets,3,0.2970286152378611,Low Risk,Department = Production; Division = Finance & Accounting; low performance rating,Maintain current engagement practices; no immediate action needed.
3397,Rylan,Garrison,Production Technician I,Production,PYZ,Part-Time,Female,3.72,77.0,3,3,2,Fully Meets,3,0.2969263965939714,Low Risk,Department = Production; low performance rating; education level,Maintain current engagement practices; no immediate action needed.
2383,Danny,Thomas,Production Manager,Production,NEL,Full-Time,Male,6.48,53.0,3,5,5,Fully Meets,4,0.29682360913926475,Low Risk,Department = Production; low performance rating; experience level,Maintain current engagement practices; no immediate action needed.
2893,Terrance,Wiggins,Production Technician I,Production,NEL,Full-Time,Male,4.42,81.0,1,3,1,Fully Meets,2,0.29676202798128143,Low Risk,Department = Production; BusinessUnit = NEL; training investment,Maintain current engagement practices; no immediate action needed.
1514,Hadassah,Blackburn,Production Technician II,Production,PYZ,Contract,Male,4.03,43.0,3,1,2,Fully Meets,3,0.29675788945848147,Low Risk,Department = Production; low performance rating; training investment,Maintain current engagement practices; no immediate action needed.
2278,Kissy,Sullivan,Production Manager,Production,CCDR,Part-Time,Female,4.04,63.0,4,5,2,Fully Meets,4,0.2966427778322302,Low Risk,Department = Production; Race = White; Employee = Part-Time,Maintain current engagement practices; no immediate action needed.
3719,Cannon,Hester,Production Technician II,Production,TNS,Contract,Female,4.01,79.0,2,1,1,Fully Meets,3,0.2965842451733377,Low Risk,Department = Production; low performance rating; low engagement,Maintain current engagement practices; no immediate action needed.
3871,Kamari,Mcgrath,IT Support,IT/IS,BPC,Full-Time,Female,3.61,55.0,5,4,2,Fully Meets,3,0.2965619106840519,Low Risk,low performance rating; low satisfaction score; EmployeeClassification = Full-Time,Maintain current engagement practices; no immediate action needed.
1991,Lola,Hensley,Production Technician II,Production,CCDR,Contract,Female,4.05,78.0,1,2,3,Fully Meets,3,0.29644749912884877,Low Risk,Department = Production; low performance rating; Race = Other,Maintain current engagement practices; no immediate action needed.
1165,Isiah,Decker,Production Manager,Production,BPC,Full-Time,Female,5.46,28.0,3,3,1,Fully Meets,3,0.29644134754483065,Low Risk,Department = Production; low performance rating; poor work-life balance,Maintain current engagement practices; no immediate action needed.
1814,Darnell,Ritter,Production Technician I,Production,PL,Full-Time,Female,4.45,46.0,3,3,1,Fully Meets,3,0.2963861092211833,Low Risk,Department = Production; low performance rating; poor work-life balance,Maintain current engagement practices; no immediate action needed.
2454,Callum,Mccormick,Production Manager,Production,EW,Full-Time,Female,5.4,37.0,4,1,3,Fully Meets,5,0.29614606840560564,Low Risk,Department = Production; education level; BusinessUnit = EW,Maintain current engagement practices; no immediate action needed.
2863,Caitlin,Palmer,Production Technician II,Production,EW,Full-Time,Male,4.8,83.0,2,2,1,Needs Improvement,4,0.2959690752903744,Low Risk,Department = Production; Race = Other; desired salary at hire,Maintain current engagement practices; no immediate action needed.
1548,Brice,Christian,Production Technician I,Production,NEL,Part-Time,Male,7.12,62.0,4,1,4,Needs Improvement,3,0.2957286077289741,Low Risk,Department = Production; low performance rating; training investment,Maintain current engagement practices; no immediate action needed.
1579,Presley,Salazar,Production Technician II,Production,SVG,Part-Time,Male,5.05,32.0,3,1,1,Fully Meets,3,0.2954842025380954,Low Risk,Department = Production; low performance rating; training investment,Maintain current engagement practices; no immediate action needed.
3507,Ivan,Huff,Area Sales Manager,Sales,TNS,Full-Time,Male,2.11,53.0,5,2,2,Fully Meets,4,0.29548024152327207,Low Risk,short tenure; low performance rating; low satisfaction score,Maintain current engagement practices; no immediate action needed.
1904,Ezra,Zhang,Production Technician I,Production,BPC,Contract,Female,3.72,44.0,1,5,4,Fully Meets,3,0.2954507919996129,Low Risk,Department = Production; low performance rating; BusinessUnit = BPC,Maintain current engagement practices; no immediate action needed.
2322,Ariel,Cervantes,Production Manager,Production,NEL,Contract,Female,3.9,63.0,3,4,4,Fully Meets,5,0.2951918766505987,Low Risk,Department = Production; desired salary at hire; low performance rating,Maintain current engagement practices; no immediate action needed.
1900,Jonas,Braun,Production Technician I,Production,PYZ,Full-Time,Female,6.3,66.0,2,2,5,Fully Meets,3,0.2950396486432441,Low Risk,Department = Production; low performance rating; desired salary at hire,Maintain current engagement practices; no immediate action needed.
1299,Tia,Atkins,Production Technician II,Production,BPC,Contract,Female,6.34,73.0,2,1,2,Fully Meets,3,0.29498961704814763,Low Risk,Department = Production; BusinessUnit = BPC; low performance rating,Maintain current engagement practices; no immediate action needed.
2919,Ismael,Bowers,Production Technician I,Production,EW,Full-Time,Female,7.26,38.0,1,5,2,Needs Improvement,5,0.2948738745318469,Low Risk,Department = Production; desired salary at hire; training investment,Maintain current engagement practices; no immediate action needed.
3616,Ruben,Lewis,Production Technician I,Production,SVG,Contract,Female,4.45,45.0,1,1,1,Fully Meets,4,0.2943325071177674,Low Risk,Department = Production; desired salary at hire; low engagement,Maintain current engagement practices; no immediate action needed.
1928,Elvis,Daniels,Production Technician I,Production,MSC,Full-Time,Female,3.96,43.0,5,4,5,Fully Meets,3,0.2941677188101216,Low Risk,Department = Production; low performance rating; low satisfaction score,Maintain current engagement practices; no immediate action needed.
3200,Peter,Robertson,Production Technician II,Production,PL,Part-Time,Male,5.54,51.0,1,5,3,Fully Meets,4,0.2938612377690161,Low Risk,Department = Production; low performance rating; age,Maintain current engagement practices; no immediate action needed.
1263,Barrett,Jennings,Production Technician I,Production,NEL,Full-Time,Female,3.76,74.0,5,4,3,Fully Meets,3,0.2938451823197169,Low Risk,Department = Production; low performance rating; BusinessUnit = NEL,Maintain current engagement practices; no immediate action needed.
2794,Emely,Parks,Production Technician I,Production,PYZ,Contract,Male,4.58,50.0,4,5,4,Fully Meets,5,0.2938160705192507,Low Risk,Department = Production; desired salary at hire; low satisfaction score,Maintain current engagement practices; no immediate action needed.
1228,Jaquan,Rowland,Production Technician I,Production,WBL,Contract,Female,4.9,32.0,5,2,3,Fully Meets,3,0.2937108307810039,Low Risk,Department = Production; low performance rating; low satisfaction score,Maintain current engagement practices; no immediate action needed.
2098,Phillip,Fuentes,Production Technician II,Production,BPC,Part-Time,Female,6.03,76.0,4,2,1,PIP,5,0.29362944073364866,Low Risk,Department = Production; training investment; BusinessUnit = BPC,Maintain current engagement practices; no immediate action needed.
2092,Hadley,Benson,Production Technician II,Production,NEL,Part-Time,Female,6.7,39.0,2,1,3,Fully Meets,3,0.29357664504881714,Low Risk,Department = Production; low performance rating; training investment,Maintain current engagement practices; no immediate action needed.
1400,Yen,Johnston,Production Technician II,Production,NEL,Full-Time,Female,4.45,71.0,3,2,3,Exceeds,3,0.2934670523413316,Low Risk,Department = Production; low performance rating; low engagement,Maintain current engagement practices; no immediate action needed.
3262,Kasey,Preston,Production Technician II,Production,MSC,Full-Time,Female,4.34,42.0,3,4,3,PIP,4,0.29307875347468426,Low Risk,Department = Production; low performance rating; Division = Catv,Maintain current engagement practices; no immediate action needed.
1121,Isabela,Collins,Production Manager,Production,EW,Part-Time,Female,5.36,45.0,1,1,4,Fully Meets,3,0.29304738135548664,Low Risk,Department = Production; low performance rating; experience level,Maintain current engagement practices; no immediate action needed.
3846,Eugene,Potts,IT Support,IT/IS,NEL,Contract,Male,3.03,51.0,5,4,1,Fully Meets,3,0.29293620251559094,Low Risk,low performance rating; low satisfaction score; BusinessUnit = NEL,Maintain current engagement practices; no immediate action needed.
1974,Jene'ya,Darson,Production Technician I,Production,NEL,Part-Time,Female,5.28,58.0,1,4,3,Fully Meets,3,0.2929269662145914,Low Risk,Department = Production; low performance rating; BusinessUnit = NEL,Maintain current engagement practices; no immediate action needed.
3414,Hunter,Silva,Production Technician I,Production,MSC,Contract,Female,4.15,28.0,2,5,4,Exceeds,3,0.2927192051715643,Low Risk,Department = Production; desired salary at hire; low performance rating,Maintain current engagement practices; no immediate action needed.
2630,Kiley,Wagner,Area Sales Manager,Sales,EW,Part-Time,Male,0.68,32.0,5,1,4,Fully Meets,5,0.2926535091555677,Low Risk,short tenure; low performance rating; low satisfaction score,Maintain current engagement practices; no immediate action needed.
1435,Isai,Mcfarland,Production Technician I,Production,MSC,Contract,Female,4.99,28.0,2,4,3,Exceeds,3,0.29259068655562176,Low Risk,Department = Production; low performance rating; education level,Maintain current engagement practices; no immediate action needed.
3417,Brayden,Singh,Production Technician I,Production,CCDR,Part-Time,Female,4.46,26.0,5,2,5,Fully Meets,1,0.2925120883594167,Low Risk,Department = Production; Race = Other; JobFunctionDescription = Splicer,Maintain current engagement practices; no immediate action needed.
1104,Sean,Bernstein,Production Technician I,Production,PYZ,Part-Time,Male,7.11,31.0,4,1,2,Fully Meets,3,0.29236474559679826,Low Risk,Department = Production; low performance rating; desired salary at hire,Maintain current engagement practices; no immediate action needed.
1101,Evelyn,Girifalco,Production Technician I,Production,TNS,Full-Time,Female,5.38,82.0,1,1,3,Fully Meets,3,0.29226921880118306,Low Risk,Department = Production; JobFunctionDescription = Engineer; low performance rating,Maintain current engagement practices; no immediate action needed.
2802,Lucy,Harrington,Production Technician I,Production,NEL,Contract,Female,5.69,49.0,3,2,5,Fully Meets,4,0.2922657442773734,Low Risk,Department = Production; training investment; low performance rating,Maintain current engagement practices; no immediate action needed.
1145,Autumn,Barrera,Production Technician II,Production,TNS,Contract,Male,5.83,78.0,3,3,4,Fully Meets,3,0.2920666197278585,Low Risk,Department = Production; JobFunctionDescription = Shop; desired salary at hire,Maintain current engagement practices; no immediate action needed.
1965,Julissa,Hunts,Production Technician II,Production,CCDR,Full-Time,Female,4.42,77.0,1,3,1,Fully Meets,3,0.2918706742958443,Low Risk,Department = Production; low performance rating; JobFunctionDescription = Specialist,Maintain current engagement practices; no immediate action needed.
1586,Eugene,Reyes,Production Technician I,Production,CCDR,Full-Time,Female,4.53,54.0,3,3,4,Fully Meets,3,0.29185474981628373,Low Risk,Department = Production; low performance rating; experience level,Maintain current engagement practices; no immediate action needed.
3715,Jake,White,Production Technician I,Production,BPC,Contract,Male,4.87,50.0,1,1,4,Fully Meets,4,0.2917580226610886,Low Risk,Department = Production; low performance rating; JobFunctionDescription = Coordinator,Maintain current engagement practices; no immediate action needed.
3672,Rhett,Valenzuela,Production Technician II,Production,MSC,Part-Time,Female,7.53,35.0,2,3,4,Fully Meets,3,0.29147756509323297,Low Risk,Department = Production; desired salary at hire; low performance rating,Maintain current engagement practices; no immediate action needed.
2464,Marquise,Pacheco,Production Manager,Production,BPC,Full-Time,Male,3.96,71.0,3,2,2,Fully Meets,2,0.2914567311904959,Low Risk,Department = Production; BusinessUnit = BPC; Race = White,Maintain current engagement practices; no immediate action needed.
1206,Bethany,Terry,Production Technician I,Production,PYZ,Part-Time,Female,4.38,70.0,4,3,2,Fully Meets,3,0.29142923467256193,Low Risk,Department = Production; low performance rating; Race = White,Maintain current engagement practices; no immediate action needed.
3565,Kramer,Keatts,Production Technician I,Production,WBL,Part-Time,Male,4.87,58.0,5,5,5,Fully Meets,4,0.2912983828663629,Low Risk,Department = Production; low performance rating; low satisfaction score,Maintain current engagement practices; no immediate action needed.
3418,Karma,Palmer,Production Technician I,Production,EW,Part-Time,Female,3.78,30.0,3,5,4,Fully Meets,4,0.2912434602262936,Low Risk,Department = Production; Employee = Part-Time; JobFunctionDescription = Coordinator,Maintain current engagement practices; no immediate action needed.
2873,Jordyn,Snyder,Production Technician I,Production,BPC,Part-Time,Male,4.33,28.0,2,4,3,Fully Meets,4,0.2909846855165316,Low Risk,Department = Production; low performance rating; BusinessUnit = BPC,Maintain current engagement practices; no immediate action needed.
1092,Sophia,Theamstern,Production Technician I,Production,PYZ,Part-Time,Female,4.04,56.0,4,1,1,Fully Meets,3,0.29085833302016306,Low Risk,Department = Production; low performance rating; low engagement,Maintain current engagement practices; no immediate action needed.
2874,Alex,Collins,Production Technician I,Production,CCDR,Part-Time,Male,4.44,73.0,5,3,1,Fully Meets,1,0.29081643116813,Low Risk,Department = Production; Employee = Part-Time; PayZone = Zone A,Maintain current engagement practices; no immediate action needed.
1120,Darian,Potts,Production Technician I,Production,CCDR,Part-Time,Female,5.94,58.0,3,3,4,Fully Meets,3,0.29079252652087495,Low Risk,Department = Production; low performance rating; JobFunctionDescription = Administration,Maintain current engagement practices; no immediate action needed.
2132,Scarlett,Brooks,Production Technician I,Production,BPC,Full-Time,Female,4.25,62.0,3,2,3,Needs Improvement,2,0.29070745398245357,Low Risk,Department = Production; Gender = Female; PayZone = Zone A,Maintain current engagement practices; no immediate action needed.
3756,Junior,Bridges,Production Technician I,Production,BPC,Full-Time,Female,5.17,82.0,5,1,3,Fully Meets,3,0.29065049630661177,Low Risk,Department = Production; low performance rating; BusinessUnit = BPC,Maintain current engagement practices; no immediate action needed.
2569,Emerson,Grimes,IT Manager - DB,IT/IS,MSC,Full-Time,Male,0.23,31.0,4,3,3,Fully Meets,2,0.2905469574963268,Low Risk,short tenure; low satisfaction score; desired salary at hire,Maintain current engagement practices; no immediate action needed.
3056,Lyric,Butler,Production Technician I,Production,MSC,Part-Time,Female,4.1,83.0,5,5,2,Fully Meets,5,0.2905177673018915,Low Risk,Department = Production; Race = Other; low performance rating,Maintain current engagement practices; no immediate action needed.
1593,Natalia,Hamilton,Production Technician I,Production,NEL,Part-Time,Male,5.64,42.0,4,1,1,Exceeds,3,0.29030745648477707,Low Risk,Department = Production; low performance rating; training investment,Maintain current engagement practices; no immediate action needed.
2889,Matias,Barton,Production Technician II,Production,WBL,Part-Time,Female,3.75,38.0,2,2,1,Fully Meets,1,0.2902134758965787,Low Risk,Department = Production; education level; Gender = Female,Maintain current engagement practices; no immediate action needed.
3067,Annabel,Lewis,Production Technician I,Production,TNS,Part-Time,Male,6.72,44.0,1,3,2,Fully Meets,4,0.29005008643320856,Low Risk,Department = Production; low performance rating; education level,Maintain current engagement practices; no immediate action needed.
3304,Destiney,Kirby,Production Technician II,Production,TNS,Part-Time,Female,7.32,42.0,4,2,2,Fully Meets,4,0.28998001506729565,Low Risk,Department = Production; low performance rating; desired salary at hire,Maintain current engagement practices; no immediate action needed.
1177,Teresa,Farrell,Production Technician I,Production,NEL,Contract,Female,6.02,58.0,2,2,5,Fully Meets,3,0.2897939650770241,Low Risk,Department = Production; low performance rating; Gender = Female,Maintain current engagement practices; no immediate action needed.
2327,Parker,Cunningham,Network Engineer,Production,EW,Full-Time,Male,5.99,55.0,1,4,2,Fully Meets,4,0.28977306391072216,Low Risk,Department = Production; MaritalStatus = Married; low performance rating,Maintain current engagement practices; no immediate action needed.
3006,Efrain,Underwood,Production Technician II,Production,NEL,Part-Time,Female,3.81,58.0,5,3,2,Fully Meets,1,0.2896900236280357,Low Risk,Department = Production; desired salary at hire; poor work-life balance,Maintain current engagement practices; no immediate action needed.
3744,Skyler,Blankenship,Production Technician I,Production,NEL,Part-Time,Female,5.87,62.0,3,4,2,Fully Meets,5,0.2896750930239081,Low Risk,Department = Production; low performance rating; experience level,Maintain current engagement practices; no immediate action needed.
2081,Vicente,Hansen,Production Technician I,Production,BPC,Part-Time,Female,6.21,38.0,1,1,4,Fully Meets,3,0.28965664192292506,Low Risk,Department = Production; BusinessUnit = BPC; low engagement,Maintain current engagement practices; no immediate action needed.
1627,Maggie,Rachael,BI Developer,IT/IS,BPC,Full-Time,Female,3.2,61.0,4,4,1,Exceeds,3,0.28962934416682423,Low Risk,low performance rating; training investment; BusinessUnit = BPC,Maintain current engagement practices; no immediate action needed.
2554,Shania,Caldwell,IT Manager - DB,IT/IS,PL,Part-Time,Male,0.81,35.0,1,5,4,Fully Meets,1,0.2895942631221237,Low Risk,short tenure; training investment; PayZone = Zone A,Maintain current engagement practices; no immediate action needed.
2770,Neveah,Bird,Production Technician I,Production,PL,Part-Time,Male,5.06,81.0,2,1,3,Fully Meets,5,0.289594018138354,Low Risk,Department = Production; low engagement; low performance rating,Maintain current engagement practices; no immediate action needed.
2277,Amy,Dunn,Production Manager,Production,CCDR,Contract,Female,4.28,63.0,4,3,4,Fully Meets,5,0.28949622703758904,Low Risk,Department = Production; low performance rating; low satisfaction score,Maintain current engagement practices; no immediate action needed.
3088,Heaven,Nelson,Production Technician I,Production,SVG,Part-Time,Female,3.83,82.0,3,5,5,Fully Meets,5,0.2894426912276973,Low Risk,Department = Production; Race = Other; PayZone = Zone B,Maintain current engagement practices; no immediate action needed.
2342,Eli,Owens,Production Manager,Production,WBL,Part-Time,Female,6.54,59.0,4,1,3,Fully Meets,5,0.289353835149466,Low Risk,Department = Production; low performance rating; Employee = Part-Time,Maintain current engagement practices; no immediate action needed.
2354,Charlee,Navarro,Data Analyst,IT/IS,PYZ,Part-Time,Female,0.47,55.0,1,5,1,Fully Meets,2,0.2892676012046183,Low Risk,short tenure; Gender = Female; training investment,Maintain current engagement practices; no immediate action needed.
2194,Isis,Vega,Production Technician I,Production,PL,Full-Time,Female,7.0,34.0,4,1,1,Needs Improvement,2,0.28910042008428194,Low Risk,Department = Production; low satisfaction score; desired salary at hire,Maintain current engagement practices; no immediate action needed.
1492,Zoey,Spence,Production Technician II,Production,CCDR,Full-Time,Male,6.22,71.0,5,4,2,Exceeds,3,0.28908180491395186,Low Risk,Department = Production; low performance rating; training investment,Maintain current engagement practices; no immediate action needed.
1421,Bennett,Bowen,Production Technician I,Production,SVG,Contract,Female,3.76,78.0,5,3,5,Exceeds,3,0.28907035553490906,Low Risk,Department = Production; JobFunctionDescription = Administration; low performance rating,Maintain current engagement practices; no immediate action needed.
1389,Juan,Gonzalez,Production Technician II,Production,NEL,Part-Time,Male,6.74,64.0,4,4,3,Exceeds,3,0.2890042473317351,Low Risk,Department = Production; low performance rating; low satisfaction score,Maintain current engagement practices; no immediate action needed.
2478,Braden,Nicholson,Director of Operations,Production,PYZ,Full-Time,Female,6.15,32.0,4,4,1,Fully Meets,5,0.2889435987674155,Low Risk,Department = Production; low satisfaction score; low performance rating,Maintain current engagement practices; no immediate action needed.
1150,Yahir,Serrano,Production Technician I,Production,MSC,Part-Time,Female,5.97,45.0,4,3,4,Fully Meets,3,0.2889179904928751,Low Risk,Department = Production; low performance rating; Race = White,Maintain current engagement practices; no immediate action needed.
3751,Arthur,Mitchell,Production Technician I,Production,TNS,Contract,Male,4.78,54.0,1,1,4,Fully Meets,3,0.28888944264397415,Low Risk,Department = Production; JobFunctionDescription = Model Assistant; low performance rating,Maintain current engagement practices; no immediate action needed.
3749,Kayden,Soto,Production Technician I,Production,EW,Full-Time,Female,5.44,41.0,3,1,3,Fully Meets,4,0.2887405962805797,Low Risk,Department = Production; low engagement; Gender = Female,Maintain current engagement practices; no immediate action needed.
2329,Aubree,Anderson,Network Engineer,Executive Office,TNS,Full-Time,Male,3.11,64.0,3,2,1,Fully Meets,2,0.2885778405582492,Low Risk,desired salary at hire; BusinessUnit = TNS; training investment,Maintain current engagement practices; no immediate action needed.
3681,Taniya,Lane,Production Technician I,Production,TNS,Part-Time,Female,4.67,50.0,2,5,5,Fully Meets,3,0.2885570679518449,Low Risk,Department = Production; age; low performance rating,Maintain current engagement practices; no immediate action needed.
1906,Bryce,Mills,Production Technician I,Production,SVG,Part-Time,Male,5.42,79.0,4,1,5,Fully Meets,3,0.2885136516773647,Low Risk,Department = Production; low performance rating; training investment,Maintain current engagement practices; no immediate action needed.
2948,Harley,Soto,Production Technician II,Production,SVG,Contract,Male,3.69,27.0,4,2,5,Needs Improvement,2,0.28850383633555554,Low Risk,Department = Production; low satisfaction score; PayZone = Zone B,Maintain current engagement practices; no immediate action needed.
1269,Elyse,Pratt,Production Technician I,Production,MSC,Contract,Female,3.92,61.0,2,1,4,Fully Meets,3,0.2884207085023734,Low Risk,Department = Production; low performance rating; low engagement,Maintain current engagement practices; no immediate action needed.
1892,Saniya,Buck,Production Technician II,Production,TNS,Contract,Female,7.97,40.0,3,3,3,Fully Meets,3,0.28832063190696355,Low Risk,Department = Production; training investment; low performance rating,Maintain current engagement practices; no immediate action needed.
3728,Aydan,Robbins,Production Technician I,Production,TNS,Contract,Male,4.59,59.0,1,5,2,Fully Meets,5,0.2882241075725314,Low Risk,Department = Production; experience level; PayZone = Zone A,Maintain current engagement practices; no immediate action needed.
2079,Emilio,Daniel,Production Technician I,Production,TNS,Part-Time,Female,4.1,70.0,2,4,3,Fully Meets,3,0.28818999723441446,Low Risk,Department = Production; Employee = Part-Time; low performance rating,Maintain current engagement practices; no immediate action needed.
3111,Jaquan,Hancock,Production Technician I,Production,EW,Part-Time,Female,7.62,68.0,5,2,2,Fully Meets,1,0.28769575730880537,Low Risk,Department = Production; training investment; desired salary at hire,Maintain current engagement practices; no immediate action needed.
2801,Devon,Shannon,Production Technician I,Production,MSC,Full-Time,Male,4.54,31.0,3,1,4,Fully Meets,5,0.28761361926485746,Low Risk,Department = Production; Race = White; low performance rating,Maintain current engagement practices; no immediate action needed.
3769,Ivan,Wright,Production Technician I,Production,PYZ,Full-Time,Male,5.62,74.0,5,3,3,Fully Meets,3,0.2875263428306792,Low Risk,Department = Production; low performance rating; low satisfaction score,Maintain current engagement practices; no immediate action needed.
2542,Koen,Flores,Software Engineer,Software Engineering,MSC,Part-Time,Male,3.39,67.0,1,2,3,Fully Meets,4,0.2875141601029676,Low Risk,training investment; experience level; low performance rating,Maintain current engagement practices; no immediate action needed.
1106,Michael J,Fitzpatrick,Production Technician II,Production,BPC,Full-Time,Male,4.94,32.0,3,2,3,Fully Meets,3,0.28738259905496344,Low Risk,Department = Production; low performance rating; PayZone = Zone B,Maintain current engagement practices; no immediate action needed.
1412,Rory,Stone,Production Technician I,Production,MSC,Part-Time,Female,7.1,44.0,3,4,5,Exceeds,3,0.28737009950943776,Low Risk,Department = Production; low performance rating; desired salary at hire,Maintain current engagement practices; no immediate action needed.
3777,Kaitlin,Barker,Production Technician I,Production,TNS,Contract,Male,4.71,60.0,3,4,2,Fully Meets,3,0.28728878798990704,Low Risk,Department = Production; desired salary at hire; low performance rating,Maintain current engagement practices; no immediate action needed.
2743,Stephanie,Hampton,Area Sales Manager,Sales,WBL,Full-Time,Male,0.68,44.0,2,3,5,Fully Meets,4,0.28723029727163063,Low Risk,short tenure; low performance rating; age,Maintain current engagement practices; no immediate action needed.
2953,Cannon,Morgan,Production Technician I,Production,TNS,Full-Time,Male,6.72,69.0,3,2,4,Fully Meets,5,0.28722427799167133,Low Risk,Department = Production; low performance rating; Employee = Full-Time,Maintain current engagement practices; no immediate action needed.
2928,Jayden,Bolton,Production Technician II,Production,MSC,Full-Time,Female,5.54,54.0,4,5,1,Fully Meets,5,0.28717612891401206,Low Risk,Department = Production; desired salary at hire; training investment,Maintain current engagement practices; no immediate action needed.
1558,Bella,Norris,Production Technician II,Production,TNS,Part-Time,Male,5.92,45.0,5,3,2,Fully Meets,3,0.28695693804292516,Low Risk,Department = Production; low performance rating; MaritalStatus = Married,Maintain current engagement practices; no immediate action needed.
1728,James,Cockel,Production Technician I,Production,WBL,Full-Time,Male,6.37,55.0,4,1,2,Fully Meets,3,0.28687263233643867,Low Risk,Department = Production; training investment; low performance rating,Maintain current engagement practices; no immediate action needed.
1292,Larissa,Warner,Production Technician I,Production,BPC,Full-Time,Female,7.75,83.0,4,1,3,Fully Meets,3,0.2868503992920112,Low Risk,Department = Production; BusinessUnit = BPC; low performance rating,Maintain current engagement practices; no immediate action needed.
3925,Anna,Jordan,Sr. Network Engineer,IT/IS,PL,Contract,Male,2.53,66.0,3,1,3,Fully Meets,3,0.28675781565791086,Low Risk,short tenure; low performance rating; low performance score,Maintain current engagement practices; no immediate action needed.
1832,April,Bentley,Production Technician I,Production,NEL,Contract,Female,6.73,70.0,2,1,4,Needs Improvement,3,0.28657889685995924,Low Risk,Department = Production; desired salary at hire; low performance rating,Maintain current engagement practices; no immediate action needed.
1607,Diana,Cameron,Production Technician I,Production,BPC,Contract,Female,5.38,39.0,5,3,5,Needs Improvement,3,0.2864059368687662,Low Risk,Department = Production; JobFunctionDescription = Shop; low performance rating,Maintain current engagement practices; no immediate action needed.
1526,Ashtyn,Huynh,Production Technician I,Production,CCDR,Contract,Female,5.26,39.0,3,2,3,Fully Meets,3,0.28624890164960914,Low Risk,Department = Production; low performance rating; training investment,Maintain current engagement practices; no immediate action needed.
3413,Jovanny,Matthews,Production Technician II,Production,EW,Contract,Female,6.67,64.0,2,1,5,Fully Meets,5,0.28615592593578143,Low Risk,Department = Production; low performance rating; Race = White,Maintain current engagement practices; no immediate action needed.
2070,Branson,Schneider,Production Technician II,Production,SVG,Contract,Female,4.07,57.0,4,3,5,Fully Meets,3,0.2860372683236587,Low Risk,Department = Production; low performance rating; low satisfaction score,Maintain current engagement practices; no immediate action needed.
2750,Patrick,Moran,Production Technician II,Production,TNS,Full-Time,Male,4.14,77.0,4,3,4,Fully Meets,4,0.28584881726295097,Low Risk,Department = Production; low performance rating; PayZone = Zone B,Maintain current engagement practices; no immediate action needed.
1169,Lucia,Cummings,Production Technician II,Production,BPC,Contract,Female,5.99,66.0,3,1,2,Fully Meets,3,0.2857213199405028,Low Risk,Department = Production; BusinessUnit = BPC; low performance rating,Maintain current engagement practices; no immediate action needed.
2463,Ava,Chan,Production Manager,Production,PL,Part-Time,Female,7.64,40.0,5,3,5,Fully Meets,4,0.2856468362221453,Low Risk,Department = Production; low satisfaction score; experience level,Maintain current engagement practices; no immediate action needed.
3188,Meghan,Ray,Production Technician I,Production,SVG,Part-Time,Male,3.72,48.0,2,5,4,Fully Meets,4,0.28524131611359804,Low Risk,Department = Production; low performance rating; experience level,Maintain current engagement practices; no immediate action needed.
2061,King,Garrison,Production Technician I,Production,CCDR,Full-Time,Female,7.62,80.0,4,2,3,Fully Meets,3,0.2851887428324889,Low Risk,Department = Production; low performance rating; MaritalStatus = Married,Maintain current engagement practices; no immediate action needed.
3039,Marquis,Johns,Production Technician I,Production,BPC,Contract,Female,6.59,60.0,2,4,1,Fully Meets,5,0.28512424047460594,Low Risk,Department = Production; BusinessUnit = BPC; low performance rating,Maintain current engagement practices; no immediate action needed.
1577,Sullivan,Whitehead,Production Technician II,Production,PL,Full-Time,Female,5.61,63.0,2,5,1,Fully Meets,3,0.2850620253863073,Low Risk,Department = Production; Division = Finance & Accounting; low performance rating,Maintain current engagement practices; no immediate action needed.
1956,Courtney,Beatrice,Production Technician I,Production,PL,Part-Time,Female,5.2,68.0,5,1,4,Fully Meets,3,0.2850426830389848,Low Risk,Department = Production; low performance rating; desired salary at hire,Maintain current engagement practices; no immediate action needed.
1491,Tristian,Wilcox,Production Technician I,Production,TNS,Part-Time,Female,6.38,44.0,3,1,3,Exceeds,3,0.28497655166496594,Low Risk,Department = Production; low performance rating; desired salary at hire,Maintain current engagement practices; no immediate action needed.
1907,Wade,Wiggins,Production Technician I,Production,EW,Full-Time,Male,4.19,38.0,4,2,5,Fully Meets,3,0.28497427371234657,Low Risk,Department = Production; low performance rating; training investment,Maintain current engagement practices; no immediate action needed.
1966,Kristie,Nowlan,Production Technician II,Production,TNS,Full-Time,Female,7.15,55.0,3,4,2,Fully Meets,3,0.2849680367779129,Low Risk,Department = Production; low performance rating; experience level,Maintain current engagement practices; no immediate action needed.
2456,Odin,Sampson,Production Manager,Production,NEL,Full-Time,Male,4.65,56.0,5,4,3,Fully Meets,5,0.28488691464334936,Low Risk,Department = Production; low performance rating; low satisfaction score,Maintain current engagement practices; no immediate action needed.
1038,Courtney,Cowan,Software Engineer,Software Engineering,SVG,Contract,Male,3.52,55.0,1,5,2,Fully Meets,3,0.28483651764090656,Low Risk,low performance rating; Department = Software Engineering; education level,Maintain current engagement practices; no immediate action needed.
2468,Kailyn,Torres,Production Manager,Production,MSC,Part-Time,Male,7.22,69.0,4,5,3,Fully Meets,5,0.2847040822148209,Low Risk,Department = Production; low performance rating; low satisfaction score,Maintain current engagement practices; no immediate action needed.
1976,Jon,Lynn,Production Technician I,Production,EW,Full-Time,Female,5.54,81.0,5,1,1,Fully Meets,3,0.28468874121966614,Low Risk,Department = Production; Division = Finance & Accounting; low performance rating,Maintain current engagement practices; no immediate action needed.
1198,Audrey,Stevens,Production Technician I,Production,NEL,Contract,Female,7.51,74.0,2,3,2,Fully Meets,3,0.28457989053752086,Low Risk,Department = Production; low performance rating; desired salary at hire,Maintain current engagement practices; no immediate action needed.
3515,Kinsley,Flowers,Area Sales Manager,Sales,CCDR,Part-Time,Male,0.76,29.0,5,3,5,Fully Meets,4,0.2845070930144585,Low Risk,short tenure; low performance rating; PayZone = Zone A,Maintain current engagement practices; no immediate action needed.
1754,Felix,Fritz,Production Technician I,Production,CCDR,Part-Time,Male,3.87,35.0,5,5,1,Fully Meets,3,0.2844852083240545,Low Risk,Department = Production; low performance rating; Employee = Part-Time,Maintain current engagement practices; no immediate action needed.
3680,Harrison,Hudson,Production Technician I,Production,MSC,Part-Time,Female,6.33,41.0,2,3,3,Fully Meets,3,0.28429070682657814,Low Risk,Department = Production; low performance rating; Employee = Part-Time,Maintain current engagement practices; no immediate action needed.
1890,Anthony,Terrell,Production Technician I,Production,WBL,Contract,Female,4.33,58.0,3,1,2,Fully Meets,3,0.2842758872034218,Low Risk,Department = Production; low performance rating; low engagement,Maintain current engagement practices; no immediate action needed.
1214,Jaliyah,Gamble,Production Technician II,Production,NEL,Full-Time,Female,4.45,59.0,5,1,3,Fully Meets,3,0.2842162688455964,Low Risk,Department = Production; low performance rating; low engagement,Maintain current engagement practices; no immediate action needed.
2987,Geoff,Dickinson,Production Technician I,Production,TNS,Contract,Male,5.83,60.0,3,4,3,Fully Meets,4,0.2841935803907961,Low Risk,Department = Production; low performance rating; JobFunctionDescription = Welder,Maintain current engagement practices; no immediate action needed.
2809,Kendra,Foley,Production Technician I,Production,WBL,Full-Time,Male,3.49,62.0,1,1,5,Fully Meets,2,0.2839675277674175,Low Risk,Department = Production; desired salary at hire; low engagement,Maintain current engagement practices; no immediate action needed.
2960,Miya,Cruz,Production Technician I,Production,CCDR,Full-Time,Female,4.18,50.0,4,2,3,Fully Meets,2,0.28389194100973736,Low Risk,Department = Production; Race = White; low satisfaction score,Maintain current engagement practices; no immediate action needed.
3783,Aaliyah,Watts,Production Technician I,Production,EW,Contract,Male,6.21,64.0,4,3,3,Fully Meets,3,0.2837618351182315,Low Risk,Department = Production; low performance rating; low satisfaction score,Maintain current engagement practices; no immediate action needed.
2544,Wade,Hernandez,IT Manager - DB,IT/IS,SVG,Full-Time,Male,0.14,80.0,3,2,2,Fully Meets,1,0.28370995220762024,Low Risk,short tenure; Employee = Full-Time; experience level,Maintain current engagement practices; no immediate action needed.
2027,Liam,Figueroa,Production Technician I,Production,EW,Part-Time,Female,7.18,52.0,1,3,3,Fully Meets,3,0.28370553710343316,Low Risk,Department = Production; low performance rating; desired salary at hire,Maintain current engagement practices; no immediate action needed.
2421,Brycen,York,Production Manager,Production,NEL,Full-Time,Female,4.68,40.0,3,1,5,Fully Meets,2,0.28370420256768847,Low Risk,Department = Production; Gender = Female; age,Maintain current engagement practices; no immediate action needed.
2236,Princess,Long,IT Support,IT/IS,BPC,Full-Time,Female,2.8,78.0,1,2,2,Fully Meets,1,0.28368386481642893,Low Risk,short tenure; BusinessUnit = BPC; Gender = Female,Maintain current engagement practices; no immediate action needed.
1223,Brooklynn,Mack,Production Technician I,Production,NEL,Full-Time,Female,5.49,31.0,1,4,4,Fully Meets,3,0.28362619446429255,Low Risk,Department = Production; desired salary at hire; low performance rating,Maintain current engagement practices; no immediate action needed.
2552,Jalen,Jennings,Software Engineer,Software Engineering,PL,Full-Time,Male,3.51,72.0,2,3,3,Fully Meets,5,0.2835157624537244,Low Risk,low performance rating; Race = White; Department = Software Engineering,Maintain current engagement practices; no immediate action needed.
1829,Camille,Fritz,Production Technician I,Production,TNS,Part-Time,Male,6.4,39.0,1,2,2,Exceeds,3,0.28346827162400495,Low Risk,Department = Production; low performance rating; training investment,Maintain current engagement practices; no immediate action needed.
1594,Kierra,Boone,Production Technician I,Production,PL,Part-Time,Female,4.03,58.0,1,1,4,Exceeds,3,0.2834133175309431,Low Risk,Department = Production; low performance rating; PayZone = Zone B,Maintain current engagement practices; no immediate action needed.
2180,Zariah,Castaneda,Production Technician I,Production,PL,Full-Time,Female,4.5,46.0,4,4,4,PIP,5,0.28335334486929536,Low Risk,Department = Production; low performance rating; desired salary at hire,Maintain current engagement practices; no immediate action needed.
1199,Jason,Munoz,Production Technician I,Production,PL,Full-Time,Female,5.62,76.0,3,3,3,Fully Meets,3,0.2832882383274486,Low Risk,Department = Production; low performance rating; desired salary at hire,Maintain current engagement practices; no immediate action needed.
3760,Ryan,Tate,Production Technician I,Production,MSC,Full-Time,Male,4.92,66.0,3,4,1,Fully Meets,3,0.2831252032657779,Low Risk,Department = Production; low performance rating; Race = Other,Maintain current engagement practices; no immediate action needed.
2275,Michael,Albert,Production Manager,Production,EW,Part-Time,Male,4.5,76.0,4,5,3,Fully Meets,2,0.28311064138985786,Low Risk,Department = Production; Employee = Part-Time; MaritalStatus = Married,Maintain current engagement practices; no immediate action needed.
3106,Bruno,Jimenez,Production Technician I,Production,NEL,Part-Time,Male,6.35,26.0,1,5,2,Fully Meets,4,0.28309907775994364,Low Risk,Department = Production; low performance rating; experience level,Maintain current engagement practices; no immediate action needed.
1756,Annabelle,Graham,Production Technician I,Production,EW,Part-Time,Male,4.14,65.0,4,2,4,Fully Meets,3,0.2830921872252507,Low Risk,Department = Production; low performance rating; desired salary at hire,Maintain current engagement practices; no immediate action needed.
2613,Raquel,Sosa,Area Sales Manager,Sales,NEL,Part-Time,Male,0.23,82.0,1,2,2,Fully Meets,5,0.2830123496651863,Low Risk,short tenure; training investment; low performance rating,Maintain current engagement practices; no immediate action needed.
2019,Emery,Peck,Production Technician II,Production,SVG,Full-Time,Female,4.33,50.0,1,2,4,Fully Meets,3,0.28295471671363964,Low Risk,Department = Production; low performance rating; Race = White,Maintain current engagement practices; no immediate action needed.
1587,Shamar,Guzman,Production Technician I,Production,SVG,Part-Time,Male,4.18,42.0,5,4,3,Fully Meets,3,0.2828125474251469,Low Risk,Department = Production; low performance rating; Employee = Part-Time,Maintain current engagement practices; no immediate action needed.
2004,Adyson,Esparza,Production Technician I,Production,PYZ,Contract,Female,5.25,25.0,3,3,4,Fully Meets,3,0.2827380610907706,Low Risk,Department = Production; low performance rating; PayZone = Zone B,Maintain current engagement practices; no immediate action needed.
1516,Richard,Nelson,Production Technician II,Production,TNS,Contract,Male,3.78,83.0,5,1,3,Fully Meets,3,0.282736212904364,Low Risk,Department = Production; low performance rating; desired salary at hire,Maintain current engagement practices; no immediate action needed.
3002,Reginald,Dougherty,Production Technician II,Production,BPC,Full-Time,Female,5.74,35.0,3,3,3,Fully Meets,2,0.28267645850769824,Low Risk,Department = Production; Gender = Female; Employee = Full-Time,Maintain current engagement practices; no immediate action needed.
1849,Cindy,York,Production Technician I,Production,PYZ,Part-Time,Female,4.49,66.0,4,2,4,PIP,3,0.28244379199920716,Low Risk,Department = Production; low performance rating; low satisfaction score,Maintain current engagement practices; no immediate action needed.
2824,Talan,Garrett,Production Technician II,Production,EW,Part-Time,Male,5.4,64.0,4,1,1,Fully Meets,5,0.28229441775355696,Low Risk,Department = Production; training investment; low performance rating,Maintain current engagement practices; no immediate action needed.
2571,Hayley,Keller,BI Director,IT/IS,SVG,Part-Time,Female,1.48,37.0,3,3,5,Fully Meets,2,0.28201100061102535,Low Risk,short tenure; Gender = Female; education level,Maintain current engagement practices; no immediate action needed.
1893,Kristopher,Owen,Production Technician II,Production,BPC,Contract,Male,6.45,50.0,3,2,4,Fully Meets,3,0.28191733742239244,Low Risk,Department = Production; low performance rating; BusinessUnit = BPC,Maintain current engagement practices; no immediate action needed.
2176,Tyree,Weaver,Production Technician I,Production,TNS,Full-Time,Female,4.8,38.0,1,2,1,Exceeds,2,0.2818003401777365,Low Risk,Department = Production; Gender = Female; training investment,Maintain current engagement practices; no immediate action needed.
2084,Dustin,Snow,Production Technician I,Production,MSC,Contract,Female,5.32,55.0,2,3,2,Fully Meets,3,0.2817354963610389,Low Risk,Department = Production; desired salary at hire; low performance rating,Maintain current engagement practices; no immediate action needed.
2234,Ariel,Barnes,IT Support,IT/IS,EW,Part-Time,Female,0.88,51.0,1,1,4,Fully Meets,2,0.2817259367114082,Low Risk,short tenure; Gender = Female; MaritalStatus = Married,Maintain current engagement practices; no immediate action needed.
3785,Joshua,Gibson,Production Technician II,Production,PL,Contract,Female,4.52,49.0,2,3,2,Fully Meets,3,0.2817163100456785,Low Risk,Department = Production; training investment; low performance rating,Maintain current engagement practices; no immediate action needed.
2279,Walter,Immediato,Production Manager,Production,EW,Contract,Male,4.08,49.0,5,2,1,Fully Meets,1,0.2816599119580091,Low Risk,Department = Production; poor work-life balance; Race = Other,Maintain current engagement practices; no immediate action needed.
2855,Kale,Potter,Production Technician I,Production,SVG,Part-Time,Female,4.51,47.0,5,3,5,Needs Improvement,4,0.28140337402946125,Low Risk,Department = Production; Gender = Female; Employee = Part-Time,Maintain current engagement practices; no immediate action needed.
3260,Roland,Orozco,Production Technician II,Production,SVG,Contract,Male,4.8,34.0,2,5,1,Fully Meets,3,0.28136321637424055,Low Risk,Department = Production; low performance rating; JobFunctionDescription = Splicer,Maintain current engagement practices; no immediate action needed.
3608,Ally,Zhang,Production Technician I,Production,MSC,Full-Time,Male,7.45,47.0,3,1,1,Fully Meets,3,0.28128420233426593,Low Risk,Department = Production; low performance rating; Division = Field Operations,Maintain current engagement practices; no immediate action needed.
3288,Eden,Silva,Production Technician I,Production,PYZ,Full-Time,Female,6.84,59.0,5,1,2,Fully Meets,2,0.2811936287802484,Low Risk,Department = Production; desired salary at hire; Division = Field Operations,Maintain current engagement practices; no immediate action needed.
2455,Jakob,Luna,Production Manager,Production,MSC,Full-Time,Female,6.4,35.0,3,3,1,Fully Meets,2,0.28114210256691186,Low Risk,Department = Production; training investment; desired salary at hire,Maintain current engagement practices; no immediate action needed.
1256,Noemi,Randall,Production Technician II,Production,PL,Contract,Female,6.55,35.0,4,4,2,Fully Meets,3,0.2811193925597699,Low Risk,Department = Production; low performance rating; low satisfaction score,Maintain current engagement practices; no immediate action needed.
1394,Elijian,Clukey,Production Technician I,Production,NEL,Full-Time,Male,7.52,83.0,2,1,2,Exceeds,3,0.28108288306708146,Low Risk,Department = Production; low performance rating; BusinessUnit = NEL,Maintain current engagement practices; no immediate action needed.
1755,Amira,Mcmillan,Production Technician I,Production,SVG,Part-Time,Male,7.56,32.0,1,4,1,Fully Meets,3,0.2810161467683591,Low Risk,Department = Production; low performance rating; Race = Other,Maintain current engagement practices; no immediate action needed.
2841,Darien,Doyle,Production Technician I,Production,PL,Contract,Male,7.3,65.0,2,2,2,Fully Meets,5,0.2809479325023641,Low Risk,Department = Production; low performance rating; low engagement,Maintain current engagement practices; no immediate action needed.
3737,Arielle,Escobar,Production Technician I,Production,TNS,Part-Time,Male,7.68,80.0,5,2,1,Fully Meets,5,0.2809116633133228,Low Risk,Department = Production; low performance rating; poor work-life balance,Maintain current engagement practices; no immediate action needed.
2786,Virginia,Nunez,Production Technician II,Production,PYZ,Contract,Female,7.57,26.0,3,4,1,Fully Meets,1,0.2808564722111631,Low Risk,Department = Production; experience level; Gender = Female,Maintain current engagement practices; no immediate action needed.
1609,Ramon,Watson,Production Technician I,Production,SVG,Contract,Male,4.45,73.0,5,5,4,PIP,3,0.28073586976004333,Low Risk,Department = Production; low performance rating; JobFunctionDescription = Engineer,Maintain current engagement practices; no immediate action needed.
1423,Azaria,Young,Production Technician I,Production,WBL,Full-Time,Female,4.08,34.0,5,2,5,Needs Improvement,3,0.28057806774829414,Low Risk,Department = Production; low performance rating; low satisfaction score,Maintain current engagement practices; no immediate action needed.
2269,Jacoby,Lyons,IT Manager - Support,IT/IS,PYZ,Full-Time,Male,2.59,53.0,5,5,1,Fully Meets,1,0.28055225726913086,Low Risk,short tenure; Employee = Full-Time; EmployeeClassification = Full-Time,Maintain current engagement practices; no immediate action needed.
3037,Catalina,Eaton,Production Technician I,Production,NEL,Full-Time,Male,6.4,37.0,4,3,2,Fully Meets,4,0.2804811915787548,Low Risk,Department = Production; desired salary at hire; age,Maintain current engagement practices; no immediate action needed.
1931,Yurem,Donovan,Production Technician I,Production,WBL,Full-Time,Female,3.71,27.0,3,2,4,Fully Meets,3,0.280355832411101,Low Risk,Department = Production; low performance rating; Race = White,Maintain current engagement practices; no immediate action needed.
2065,Bria,Spence,Production Technician II,Production,EW,Contract,Female,6.21,54.0,4,5,4,Fully Meets,3,0.28025052316295024,Low Risk,Department = Production; low performance rating; training investment,Maintain current engagement practices; no immediate action needed.
1830,Deangelo,Murillo,Production Technician I,Production,PYZ,Full-Time,Female,7.63,66.0,4,1,1,Needs Improvement,3,0.28021825447433446,Low Risk,Department = Production; low performance rating; Division = Finance & Accounting,Maintain current engagement practices; no immediate action needed.
3003,Paul,Greer,Production Technician II,Production,CCDR,Full-Time,Female,4.82,36.0,3,4,5,Fully Meets,5,0.280210516909697,Low Risk,Department = Production; low performance rating; Gender = Female,Maintain current engagement practices; no immediate action needed.
1113,Nathalia,Hendrix,Production Technician I,Production,NEL,Contract,Female,4.25,50.0,3,3,5,Fully Meets,3,0.28015123834172934,Low Risk,Department = Production; low performance rating; BusinessUnit = NEL,Maintain current engagement practices; no immediate action needed.
2043,Lorelai,Hale,Production Technician II,Production,CCDR,Contract,Female,6.35,59.0,3,1,3,Fully Meets,3,0.2801249205589272,Low Risk,Department = Production; low performance rating; Race = White,Maintain current engagement practices; no immediate action needed.
2626,Jordyn,Mcguire,Area Sales Manager,Sales,MSC,Full-Time,Male,2.23,50.0,4,1,2,Fully Meets,4,0.280033067720763,Low Risk,short tenure; low performance rating; age,Maintain current engagement practices; no immediate action needed.
3689,Rashad,Wells,Production Technician I,Production,EW,Contract,Male,5.03,66.0,4,4,3,Exceeds,3,0.28001630014865947,Low Risk,Department = Production; low performance rating; Division = Field Operations,Maintain current engagement practices; no immediate action needed.
1357,Angeline,Perez,Accountant I,Admin Offices,MSC,Full-Time,Male,2.86,54.0,4,1,3,Fully Meets,3,0.2799528268722536,Low Risk,short tenure; low performance rating; training investment,Maintain current engagement practices; no immediate action needed.
2148,Joel,Koch,Production Technician I,Production,PL,Full-Time,Female,4.99,77.0,1,1,2,Exceeds,5,0.27994735659243297,Low Risk,Department = Production; desired salary at hire; low performance rating,Maintain current engagement practices; no immediate action needed.
1788,Jakayla,Hall,Production Technician I,Production,CCDR,Contract,Male,6.04,50.0,5,2,1,Fully Meets,3,0.2799435193045827,Low Risk,Department = Production; low performance rating; desired salary at hire,Maintain current engagement practices; no immediate action needed.
1468,Coleman,Bridges,Production Technician I,Production,TNS,Contract,Female,7.58,61.0,1,3,3,Exceeds,3,0.2798333449514515,Low Risk,Department = Production; low performance rating; experience level,Maintain current engagement practices; no immediate action needed.
3501,Garrett,Zimmerman,Area Sales Manager,Sales,PL,Part-Time,Male,2.0,67.0,3,2,4,Fully Meets,4,0.27970392883063144,Low Risk,short tenure; low performance rating; low engagement,Maintain current engagement practices; no immediate action needed.
2769,Paris,Blake,Production Technician I,Production,NEL,Contract,Male,7.71,76.0,1,3,3,Fully Meets,4,0.2796966647930894,Low Risk,Department = Production; low performance rating; Race = Other,Maintain current engagement practices; no immediate action needed.
3469,Ryland,Shepherd,Area Sales Manager,Sales,PL,Contract,Female,2.44,81.0,5,5,1,Needs Improvement,3,0.2794671875896369,Low Risk,short tenure; low performance rating; Gender = Female,Maintain current engagement practices; no immediate action needed.
3730,Bobby,Chung,Production Technician I,Production,CCDR,Contract,Male,4.52,61.0,5,4,5,Fully Meets,4,0.2792293350561838,Low Risk,Department = Production; low performance rating; low performance score,Maintain current engagement practices; no immediate action needed.
1285,Briley,Hanson,Production Technician I,Production,MSC,Part-Time,Male,4.83,32.0,2,3,2,Fully Meets,3,0.2791020260292142,Low Risk,Department = Production; low performance rating; Employee = Part-Time,Maintain current engagement practices; no immediate action needed.
2039,Carson,Pennington,Production Technician I,Production,TNS,Full-Time,Female,4.26,69.0,2,5,2,Fully Meets,3,0.27906173357826614,Low Risk,Department = Production; Race = White; low performance rating,Maintain current engagement practices; no immediate action needed.
2756,Earnest,Hankard,Production Technician II,Production,TNS,Part-Time,Male,5.22,40.0,3,1,1,Fully Meets,2,0.27902944367371885,Low Risk,Department = Production; low engagement; age,Maintain current engagement practices; no immediate action needed.
1604,Ansley,Duke,Production Technician II,Production,TNS,Full-Time,Male,6.38,50.0,5,1,1,Exceeds,3,0.2790128074547426,Low Risk,Department = Production; low performance rating; low satisfaction score,Maintain current engagement practices; no immediate action needed.
1245,Henry,Pratt,Production Technician I,Production,CCDR,Full-Time,Male,7.19,65.0,5,3,5,Fully Meets,3,0.27885031163753193,Low Risk,Department = Production; low performance rating; low satisfaction score,Maintain current engagement practices; no immediate action needed.
3134,Heidi,Joyce,Production Technician II,Production,TNS,Part-Time,Female,3.99,79.0,2,3,1,Exceeds,5,0.27881982370463143,Low Risk,Department = Production; Employee = Part-Time; desired salary at hire,Maintain current engagement practices; no immediate action needed.
1218,Livia,Salazar,Production Technician I,Production,WBL,Full-Time,Female,7.57,52.0,3,2,1,Fully Meets,3,0.2785809827015319,Low Risk,Department = Production; low performance rating; MaritalStatus = Married,Maintain current engagement practices; no immediate action needed.
1819,Alison,Fuller,Production Technician I,Production,WBL,Full-Time,Female,4.07,78.0,1,3,1,Fully Meets,3,0.27849798201758685,Low Risk,Department = Production; low performance rating; education level,Maintain current engagement practices; no immediate action needed.
3991,Talan,Rodgers,Sr. Accountant,IT/IS,BPC,Contract,Male,3.29,52.0,3,2,2,Fully Meets,3,0.27847297009301825,Low Risk,low performance rating; experience level; poor work-life balance,Maintain current engagement practices; no immediate action needed.
1783,Destiney,Pearson,Production Technician I,Production,PYZ,Part-Time,Female,5.13,45.0,2,5,4,Fully Meets,3,0.27840964366205323,Low Risk,Department = Production; low performance rating; experience level,Maintain current engagement practices; no immediate action needed.
3226,Drake,Ashley,Production Technician I,Production,MSC,Contract,Female,7.51,38.0,2,1,3,Fully Meets,4,0.27838833857119416,Low Risk,Department = Production; desired salary at hire; low engagement,Maintain current engagement practices; no immediate action needed.
3678,Ramon,Fleming,Production Technician I,Production,SVG,Full-Time,Male,5.01,27.0,4,3,4,Fully Meets,3,0.27829940110047063,Low Risk,Department = Production; desired salary at hire; low performance rating,Maintain current engagement practices; no immediate action needed.
2816,Ricardo,Mcdonald,Production Technician I,Production,MSC,Full-Time,Female,4.0,34.0,2,4,4,Fully Meets,5,0.278281673438314,Low Risk,Department = Production; training investment; MaritalStatus = Married,Maintain current engagement practices; no immediate action needed.
2438,Humberto,Rocha,Production Manager,Production,PL,Contract,Female,4.37,62.0,1,4,4,Fully Meets,5,0.27826900865083576,Low Risk,Department = Production; desired salary at hire; low performance rating,Maintain current engagement practices; no immediate action needed.
3851,Vance,Marquez,Sr. Network Engineer,IT/IS,NEL,Contract,Male,1.2,32.0,2,5,1,PIP,3,0.27808555880428365,Low Risk,short tenure; low performance rating; BusinessUnit = NEL,Maintain current engagement practices; no immediate action needed.
1251,Callie,Murray,Production Technician I,Production,CCDR,Part-Time,Female,7.83,78.0,5,5,3,Fully Meets,3,0.27806602672844466,Low Risk,Department = Production; low performance rating; training investment,Maintain current engagement practices; no immediate action needed.
3495,Tia,Ellis,Area Sales Manager,Sales,TNS,Part-Time,Male,0.08,33.0,3,4,5,Fully Meets,4,0.27802252345547546,Low Risk,short tenure; low performance rating; MaritalStatus = Married,Maintain current engagement practices; no immediate action needed.
1588,Mohammed,Mcintyre,Production Technician I,Production,EW,Full-Time,Male,5.03,80.0,5,1,5,Fully Meets,3,0.27793965291554673,Low Risk,Department = Production; low performance rating; training investment,Maintain current engagement practices; no immediate action needed.
1185,Milagros,Foley,Production Manager,Production,EW,Part-Time,Female,7.62,53.0,2,1,4,Fully Meets,3,0.27760429361143435,Low Risk,Department = Production; low performance rating; low engagement,Maintain current engagement practices; no immediate action needed.
2074,Tamia,Byrd,Production Technician II,Production,WBL,Part-Time,Female,6.93,59.0,2,3,4,Fully Meets,3,0.2774621110985481,Low Risk,Department = Production; low performance rating; education level,Maintain current engagement practices; no immediate action needed.
2161,Rodolfo,Franklin,Production Technician I,Production,TNS,Contract,Female,5.19,75.0,4,1,3,Exceeds,3,0.27735430237764463,Low Risk,Department = Production; JobFunctionDescription = Engineer; low performance rating,Maintain current engagement practices; no immediate action needed.
1522,Amara,Castillo,Production Technician I,Production,EW,Full-Time,Male,5.44,83.0,4,3,5,Fully Meets,3,0.2772579781165049,Low Risk,Department = Production; low performance rating; desired salary at hire,Maintain current engagement practices; no immediate action needed.
1757,Leia,Mccann,Production Technician I,Production,MSC,Full-Time,Female,6.54,41.0,4,5,5,Fully Meets,3,0.2770970680182202,Low Risk,Department = Production; low performance rating; training investment,Maintain current engagement practices; no immediate action needed.
1765,Haiden,Coffey,Production Technician II,Production,BPC,Contract,Female,6.77,35.0,5,5,2,Fully Meets,3,0.27689157318330754,Low Risk,Department = Production; low performance rating; desired salary at hire,Maintain current engagement practices; no immediate action needed.
2177,Landen,Figueroa,Production Technician I,Production,PYZ,Full-Time,Male,5.59,75.0,2,4,1,PIP,4,0.2768883852316222,Low Risk,Department = Production; experience level; low performance rating,Maintain current engagement practices; no immediate action needed.
2347,Karley,Novak,President & CEO,Production,SVG,Full-Time,Female,6.75,49.0,3,2,2,Fully Meets,1,0.2767915639295551,Low Risk,Department = Production; Race = White; Employee = Full-Time,Maintain current engagement practices; no immediate action needed.
2174,Adelaide,Herman,Production Technician I,Production,EW,Full-Time,Female,4.46,56.0,1,1,5,Exceeds,3,0.2765954695480923,Low Risk,Department = Production; low performance rating; Gender = Female,Maintain current engagement practices; no immediate action needed.
1444,Eugene,Bird,Production Technician I,Production,EW,Contract,Female,6.81,54.0,5,5,3,Needs Improvement,3,0.2764983118849053,Low Risk,Department = Production; low performance rating; BusinessUnit = EW,Maintain current engagement practices; no immediate action needed.
3353,Haven,Donaldson,Production Technician I,Production,MSC,Contract,Female,6.32,48.0,3,2,2,Fully Meets,3,0.27642703861236617,Low Risk,Department = Production; low performance rating; education level,Maintain current engagement practices; no immediate action needed.
1295,Emery,Schmidt,Production Technician II,Production,PYZ,Full-Time,Female,5.12,56.0,3,3,3,Fully Meets,3,0.2763916762046863,Low Risk,Department = Production; desired salary at hire; low performance rating,Maintain current engagement practices; no immediate action needed.
1196,Trevin,Summers,Production Technician I,Production,PYZ,Part-Time,Female,7.38,48.0,5,4,4,Fully Meets,3,0.276309763910066,Low Risk,Department = Production; low performance rating; desired salary at hire,Maintain current engagement practices; no immediate action needed.
1960,Thomas,Rhoads,Production Technician I,Production,PYZ,Full-Time,Male,7.73,78.0,4,3,1,Fully Meets,3,0.2762963867502653,Low Risk,Department = Production; low performance rating; low satisfaction score,Maintain current engagement practices; no immediate action needed.
1171,Jayson,Bright,Production Technician I,Production,SVG,Part-Time,Female,4.11,73.0,1,4,4,Fully Meets,3,0.2762467900344176,Low Risk,Department = Production; low performance rating; training investment,Maintain current engagement practices; no immediate action needed.
1033,Blaine,Brooks,Shared Services Manager,Software Engineering,WBL,Contract,Male,3.33,29.0,1,3,3,Fully Meets,3,0.27617685378946755,Low Risk,low performance rating; Department = Software Engineering; Race = Other,Maintain current engagement practices; no immediate action needed.
3207,Lynn,O'hare,Production Technician I,Production,PYZ,Full-Time,Female,4.33,45.0,4,4,5,Fully Meets,5,0.27609132431010486,Low Risk,Department = Production; low performance rating; Race = White,Maintain current engagement practices; no immediate action needed.
1166,Giada,Boone,Production Technician II,Production,WBL,Full-Time,Male,4.14,62.0,1,2,4,Fully Meets,3,0.27595443264683966,Low Risk,Department = Production; low performance rating; low engagement,Maintain current engagement practices; no immediate action needed.
3024,Haiden,Scott,Production Technician II,Production,BPC,Contract,Female,4.58,64.0,5,4,5,Fully Meets,2,0.27594412907985766,Low Risk,Department = Production; BusinessUnit = BPC; PayZone = Zone A,Maintain current engagement practices; no immediate action needed.
3160,Baylee,Warner,Production Technician II,Production,NEL,Full-Time,Female,7.39,75.0,5,5,3,Exceeds,4,0.27589818200465493,Low Risk,Department = Production; desired salary at hire; low satisfaction score,Maintain current engagement practices; no immediate action needed.
3523,Rohan,Chapman,Area Sales Manager,Sales,CCDR,Full-Time,Female,1.17,48.0,2,3,3,Fully Meets,2,0.275882020191795,Low Risk,short tenure; Gender = Female; age,Maintain current engagement practices; no immediate action needed.
3540,Maya,Mccann,Area Sales Manager,Sales,CCDR,Full-Time,Male,2.58,43.0,2,2,3,Exceeds,4,0.27564693536414087,Low Risk,short tenure; low performance rating; age,Maintain current engagement practices; no immediate action needed.
2046,Serena,Lutz,Production Technician II,Production,MSC,Part-Time,Female,6.18,78.0,2,2,4,Fully Meets,3,0.27555559701188115,Low Risk,Department = Production; low performance rating; desired salary at hire,Maintain current engagement practices; no immediate action needed.
3440,Xana,Potts,Area Sales Manager,Sales,CCDR,Contract,Female,3.2,75.0,4,1,5,Fully Meets,3,0.27548611997376204,Low Risk,low performance rating; Gender = Female; low satisfaction score,Maintain current engagement practices; no immediate action needed.
3516,Deborah,Love,Area Sales Manager,Sales,SVG,Contract,Male,0.79,38.0,3,2,5,Fully Meets,5,0.275406626383015,Low Risk,short tenure; low performance rating; PayZone = Zone B,Maintain current engagement practices; no immediate action needed.
1235,Aliana,Pena,Production Technician II,Production,PL,Full-Time,Female,6.28,28.0,5,5,3,Fully Meets,3,0.2748810024924815,Low Risk,Department = Production; low performance rating; low satisfaction score,Maintain current engagement practices; no immediate action needed.
2416,Leland,Chang,Production Manager,Production,WBL,Contract,Male,4.14,32.0,5,4,1,Fully Meets,2,0.2746344391826202,Low Risk,Department = Production; training investment; poor work-life balance,Maintain current engagement practices; no immediate action needed.
3676,Leah,Robinson,Production Technician I,Production,BPC,Contract,Male,7.91,33.0,4,3,1,Fully Meets,3,0.2744940799835908,Low Risk,Department = Production; low performance rating; desired salary at hire,Maintain current engagement practices; no immediate action needed.
2920,Caden,Silva,Production Technician I,Production,MSC,Full-Time,Male,6.31,67.0,4,2,4,Exceeds,5,0.27443886403142675,Low Risk,Department = Production; low performance rating; low engagement,Maintain current engagement practices; no immediate action needed.
1968,Theresa,Wallace,Production Technician I,Production,NEL,Full-Time,Female,6.9,71.0,4,1,2,Fully Meets,3,0.27437384172869633,Low Risk,Department = Production; low performance rating; low satisfaction score,Maintain current engagement practices; no immediate action needed.
1336,Kellen,Smith,Accountant I,Admin Offices,TNS,Full-Time,Female,3.09,79.0,1,5,4,Fully Meets,3,0.2742152201943575,Low Risk,low performance rating; Employee = Full-Time; MaritalStatus = Married,Maintain current engagement practices; no immediate action needed.
3626,Raphael,Sandoval,Production Technician II,Production,PYZ,Full-Time,Female,5.2,33.0,5,2,1,Fully Meets,2,0.27412333925967064,Low Risk,Department = Production; Division = Field Operations; low satisfaction score,Maintain current engagement practices; no immediate action needed.
3081,Colt,Kemp,Production Technician I,Production,TNS,Part-Time,Male,5.76,46.0,3,3,1,Fully Meets,2,0.2741169035776357,Low Risk,Department = Production; Division = Finance & Accounting; training investment,Maintain current engagement practices; no immediate action needed.
3129,Jayda,Chapman,Production Technician I,Production,BPC,Full-Time,Female,7.1,41.0,2,4,4,Fully Meets,5,0.274018516504457,Low Risk,Department = Production; BusinessUnit = BPC; training investment,Maintain current engagement practices; no immediate action needed.
1484,Lorena,Mahoney,Production Technician I,Production,NEL,Full-Time,Female,6.22,35.0,2,5,1,Exceeds,3,0.27389068225855423,Low Risk,Department = Production; experience level; low performance rating,Maintain current engagement practices; no immediate action needed.
2127,Makena,Benitez,Production Technician I,Production,TNS,Contract,Female,7.02,73.0,2,2,3,Needs Improvement,4,0.2738202800374598,Low Risk,Department = Production; low performance rating; desired salary at hire,Maintain current engagement practices; no immediate action needed.
1741,Denisa S,Dobrin,Production Technician I,Production,MSC,Contract,Female,3.86,46.0,4,3,2,Fully Meets,3,0.2736995125850213,Low Risk,Department = Production; low performance rating; PayZone = Zone A,Maintain current engagement practices; no immediate action needed.
1107,Cybil,Trzeciak,Production Technician II,Production,BPC,Contract,Female,6.36,34.0,5,4,1,Fully Meets,3,0.27363074002198673,Low Risk,Department = Production; low performance rating; training investment,Maintain current engagement practices; no immediate action needed.
1617,Terrell,Crosby,Production Technician I,Production,BPC,Full-Time,Female,4.43,35.0,1,5,2,Needs Improvement,3,0.2736122917858808,Low Risk,Department = Production; low performance rating; Gender = Female,Maintain current engagement practices; no immediate action needed.
3651,Jeremy,Meyer,Production Technician II,Production,WBL,Full-Time,Female,6.78,36.0,4,1,1,Fully Meets,3,0.2733106247362147,Low Risk,Department = Production; low performance rating; education level,Maintain current engagement practices; no immediate action needed.
1838,Jayleen,Tran,Production Technician I,Production,TNS,Part-Time,Female,7.05,68.0,1,2,1,Exceeds,3,0.2732666197617279,Low Risk,Department = Production; low performance rating; BusinessUnit = TNS,Maintain current engagement practices; no immediate action needed.
1363,Hadley,Barrett,Accountant I,Admin Offices,EW,Full-Time,Female,3.0,44.0,2,5,2,PIP,3,0.2732614379721402,Low Risk,low performance rating; age; training investment,Maintain current engagement practices; no immediate action needed.
1573,Ryann,Tapia,Production Technician I,Production,CCDR,Contract,Female,5.36,42.0,1,1,3,Fully Meets,3,0.27320683613428204,Low Risk,Department = Production; low performance rating; low engagement,Maintain current engagement practices; no immediate action needed.
1688,Elsa,Mckenzie,Area Sales Manager,IT/IS,MSC,Full-Time,Male,3.31,70.0,4,1,5,Fully Meets,3,0.27318591179716895,Low Risk,low performance rating; low satisfaction score; BusinessUnit = MSC,Maintain current engagement practices; no immediate action needed.
1655,Chloe,Gould,Area Sales Manager,IT/IS,TNS,Part-Time,Male,3.02,84.0,1,3,2,Fully Meets,3,0.27316170874301365,Low Risk,low performance rating; training investment; PayZone = Zone A,Maintain current engagement practices; no immediate action needed.
2910,Ronan,Burke,Production Technician II,Production,BPC,Part-Time,Female,4.24,81.0,1,5,3,Exceeds,1,0.2731296709710767,Low Risk,Department = Production; BusinessUnit = BPC; Employee = Part-Time,Maintain current engagement practices; no immediate action needed.
2200,Bianca,Cardenas,Production Technician I,Production,TNS,Contract,Female,4.02,72.0,1,3,5,Exceeds,4,0.273113237108664,Low Risk,Department = Production; low performance rating; education level,Maintain current engagement practices; no immediate action needed.
3283,Iris,Reynolds,Production Technician II,Production,MSC,Contract,Female,6.01,38.0,3,1,3,Fully Meets,3,0.2729597381232107,Low Risk,Department = Production; low performance rating; desired salary at hire,Maintain current engagement practices; no immediate action needed.
2381,Heath,Romero,Production Manager,Production,PYZ,Part-Time,Female,6.91,38.0,3,2,3,Fully Meets,2,0.2729292853141479,Low Risk,Department = Production; PayZone = Zone B; Gender = Female,Maintain current engagement practices; no immediate action needed.
2851,Rihanna,Briggs,Production Technician I,Production,MSC,Full-Time,Male,5.84,59.0,3,4,3,Fully Meets,4,0.2726488850132095,Low Risk,Department = Production; desired salary at hire; PayZone = Zone B,Maintain current engagement practices; no immediate action needed.
2471,Brianna,Hurley,Production Manager,Production,CCDR,Part-Time,Male,4.55,67.0,5,5,3,Fully Meets,2,0.2725691209580937,Low Risk,Department = Production; desired salary at hire; Employee = Part-Time,Maintain current engagement practices; no immediate action needed.
1737,Colleen,Zima,Production Technician I,Production,TNS,Contract,Female,7.75,43.0,5,4,2,Fully Meets,3,0.27251549301695305,Low Risk,Department = Production; low performance rating; desired salary at hire,Maintain current engagement practices; no immediate action needed.
1908,Selina,Gonzalez,Production Technician I,Production,MSC,Contract,Female,6.52,84.0,2,4,5,Fully Meets,3,0.27247836451804847,Low Risk,Department = Production; low performance rating; Gender = Female,Maintain current engagement practices; no immediate action needed.
3378,Enzo,Carney,Production Technician I,Production,CCDR,Contract,Female,5.17,33.0,1,5,4,Exceeds,3,0.27246859170594395,Low Risk,Department = Production; low performance rating; desired salary at hire,Maintain current engagement practices; no immediate action needed.
3560,Joanne,Handschiegl,Production Technician I,Production,MSC,Contract,Female,4.15,72.0,4,2,5,Exceeds,4,0.2724448194575162,Low Risk,Department = Production; low performance rating; low engagement,Maintain current engagement practices; no immediate action needed.
1231,Colt,Archer,Production Manager,Production,EW,Contract,Female,6.38,32.0,2,2,1,Fully Meets,3,0.27211454037065347,Low Risk,Department = Production; low performance rating; MaritalStatus = Married,Maintain current engagement practices; no immediate action needed.
3511,Karli,Barker,Area Sales Manager,Sales,WBL,Part-Time,Female,0.37,29.0,4,5,5,Fully Meets,4,0.2720140965422658,Low Risk,short tenure; low performance rating; Gender = Female,Maintain current engagement practices; no immediate action needed.
2088,Lia,Orr,Production Technician I,Production,SVG,Contract,Female,7.02,66.0,1,2,2,Fully Meets,3,0.2720063431278424,Low Risk,Department = Production; low performance rating; Race = White,Maintain current engagement practices; no immediate action needed.
3193,Dayanara,Murray,Production Technician I,Production,EW,Full-Time,Female,4.91,81.0,1,1,5,PIP,3,0.2719828189666387,Low Risk,Department = Production; low performance rating; training investment,Maintain current engagement practices; no immediate action needed.
3299,Devyn,Pace,Production Technician II,Production,MSC,Part-Time,Male,3.71,51.0,1,4,2,Fully Meets,4,0.2719408658230182,Low Risk,Department = Production; low performance rating; Employee = Part-Time,Maintain current engagement practices; no immediate action needed.
1290,Annika,Malone,Production Technician I,Production,TNS,Full-Time,Female,5.28,30.0,4,5,2,Fully Meets,3,0.2719232068580396,Low Risk,Department = Production; Race = White; low performance rating,Maintain current engagement practices; no immediate action needed.
2075,Oliver,Richardson,Production Technician I,Production,NEL,Contract,Female,7.74,50.0,5,4,2,Fully Meets,3,0.27189532292344293,Low Risk,Department = Production; low performance rating; low satisfaction score,Maintain current engagement practices; no immediate action needed.
3314,German,Hobbs,Production Technician I,Production,PYZ,Part-Time,Male,7.56,71.0,4,1,1,Fully Meets,4,0.271877041867553,Low Risk,Department = Production; low performance rating; desired salary at hire,Maintain current engagement practices; no immediate action needed.
1260,Caitlin,Robertson,Production Technician I,Production,TNS,Full-Time,Female,7.94,69.0,2,5,5,Fully Meets,3,0.27185650635110403,Low Risk,Department = Production; low performance rating; experience level,Maintain current engagement practices; no immediate action needed.
3802,Amiyah,Ramirez,Production Technician I,Production,NEL,Full-Time,Male,5.39,79.0,3,3,5,Fully Meets,3,0.2718460101364691,Low Risk,Department = Production; desired salary at hire; low performance rating,Maintain current engagement practices; no immediate action needed.
2636,Gwendolyn,Hogan,Area Sales Manager,Sales,PYZ,Full-Time,Male,2.14,56.0,3,5,3,Fully Meets,5,0.2717680220514831,Low Risk,short tenure; low performance rating; Division = General - Eng,Maintain current engagement practices; no immediate action needed.
1810,Zaria,Benton,Production Technician I,Production,TNS,Full-Time,Male,4.94,32.0,1,5,4,Fully Meets,3,0.27158378276633593,Low Risk,Department = Production; low performance rating; education level,Maintain current engagement practices; no immediate action needed.
2183,Bria,Bush,Production Technician I,Production,SVG,Contract,Female,7.62,77.0,4,4,2,Exceeds,5,0.2714163907342632,Low Risk,Department = Production; Division = Finance & Accounting; training investment,Maintain current engagement practices; no immediate action needed.
3040,Areli,Torres,Production Technician I,Production,CCDR,Full-Time,Female,5.61,42.0,1,5,4,Fully Meets,5,0.2712506583950748,Low Risk,Department = Production; low performance rating; training investment,Maintain current engagement practices; no immediate action needed.
1401,Hong,Pham,Production Technician I,Production,PL,Contract,Male,7.56,59.0,5,2,3,Exceeds,3,0.271084324333702,Low Risk,Department = Production; low performance rating; desired salary at hire,Maintain current engagement practices; no immediate action needed.
3637,Abdullah,Pruitt,Production Technician I,Production,PL,Full-Time,Male,4.26,31.0,1,2,3,Fully Meets,3,0.2710166907952255,Low Risk,Department = Production; low performance rating; education level,Maintain current engagement practices; no immediate action needed.
2045,Itzel,Nunez,Production Technician II,Production,EW,Part-Time,Female,4.84,50.0,1,3,4,Fully Meets,3,0.2709583275708399,Low Risk,Department = Production; low performance rating; age,Maintain current engagement practices; no immediate action needed.
1197,Hailie,Bell,Production Technician I,Production,WBL,Full-Time,Female,6.12,68.0,5,3,4,Fully Meets,3,0.27094751258885535,Low Risk,Department = Production; low performance rating; low satisfaction score,Maintain current engagement practices; no immediate action needed.
2103,Nola,Sellers,Production Technician I,Production,MSC,Contract,Female,5.81,40.0,4,1,5,Exceeds,5,0.2709122292165944,Low Risk,Department = Production; Gender = Female; low performance rating,Maintain current engagement practices; no immediate action needed.
1745,Lindsey,Langford,Production Technician II,Production,EW,Contract,Female,4.47,37.0,4,4,3,Fully Meets,3,0.27080699420788773,Low Risk,Department = Production; low performance rating; Gender = Female,Maintain current engagement practices; no immediate action needed.
3172,Justice,Clark,Production Technician I,Production,NEL,Contract,Female,7.26,43.0,3,2,1,Fully Meets,4,0.2707883794450397,Low Risk,Department = Production; training investment; experience level,Maintain current engagement practices; no immediate action needed.
1388,Gabriella,Benitez,Accountant I,Admin Offices,TNS,Part-Time,Female,1.0,56.0,2,5,4,Exceeds,3,0.27068257943650426,Low Risk,short tenure; low performance rating; experience level,Maintain current engagement practices; no immediate action needed.
2121,Jenna,Cochran,Production Technician II,Production,TNS,Part-Time,Female,5.93,28.0,1,4,3,Exceeds,5,0.2706475430519542,Low Risk,Department = Production; BusinessUnit = TNS; low performance rating,Maintain current engagement practices; no immediate action needed.
3229,Ruby,Bean,Production Technician I,Production,WBL,Contract,Male,3.6,81.0,3,4,4,Fully Meets,1,0.2700937477153999,Low Risk,Department = Production; desired salary at hire; education level,Maintain current engagement practices; no immediate action needed.
3746,Bridget,Wu,Production Technician I,Production,BPC,Part-Time,Male,6.03,57.0,1,2,5,Fully Meets,3,0.2700767098826539,Low Risk,Department = Production; BusinessUnit = BPC; low performance rating,Maintain current engagement practices; no immediate action needed.
1537,Rayne,Simpson,Production Technician II,Production,MSC,Contract,Male,5.94,77.0,2,5,4,Fully Meets,3,0.2700135243523549,Low Risk,Department = Production; low performance rating; PayZone = Zone B,Maintain current engagement practices; no immediate action needed.
2517,Alina,Benson,BI Developer,IT/IS,CCDR,Full-Time,Male,3.15,63.0,5,5,1,Fully Meets,2,0.26993791745528983,Low Risk,training investment; experience level; low satisfaction score,Maintain current engagement practices; no immediate action needed.
1472,Karina,Mccarthy,Production Technician II,Production,SVG,Contract,Male,4.9,54.0,4,2,1,Exceeds,3,0.2698364613310733,Low Risk,Department = Production; low performance rating; poor work-life balance,Maintain current engagement practices; no immediate action needed.
3442,Kaylah,Moon,Area Sales Manager,IT/IS,PYZ,Full-Time,Male,2.94,74.0,5,2,3,Exceeds,2,0.2697748333426253,Low Risk,short tenure; desired salary at hire; EmployeeClassification = Full-Time,Maintain current engagement practices; no immediate action needed.
2229,Antonio,Gray,IT Support,IT/IS,TNS,Part-Time,Female,3.58,49.0,1,3,1,PIP,4,0.26967436817057655,Low Risk,low performance rating; JobFunctionDescription = Laborer; BusinessUnit = TNS,Maintain current engagement practices; no immediate action needed.
3151,Khalil,Guzman,Production Technician I,Production,BPC,Part-Time,Female,4.41,61.0,3,3,1,Exceeds,4,0.269645956848537,Low Risk,Department = Production; low performance rating; BusinessUnit = BPC,Maintain current engagement practices; no immediate action needed.
1112,Celeste,Johnson,Production Technician I,Production,MSC,Full-Time,Female,4.04,51.0,1,4,1,Fully Meets,3,0.2696296811017967,Low Risk,Department = Production; low performance rating; Race = White,Maintain current engagement practices; no immediate action needed.
1448,Shiloh,Baird,Production Technician I,Production,WBL,Part-Time,Female,5.86,50.0,1,1,3,Needs Improvement,3,0.2695952989066518,Low Risk,Department = Production; low performance rating; desired salary at hire,Maintain current engagement practices; no immediate action needed.
3098,Rayne,Chambers,Production Technician II,Production,CCDR,Full-Time,Male,4.94,82.0,5,3,4,Fully Meets,4,0.2695361905447609,Low Risk,Department = Production; low satisfaction score; Employee = Full-Time,Maintain current engagement practices; no immediate action needed.
1802,Gael,Jacobs,Production Technician I,Production,WBL,Part-Time,Female,6.32,44.0,2,4,5,Fully Meets,3,0.26948589608238566,Low Risk,Department = Production; low performance rating; Employee = Part-Time,Maintain current engagement practices; no immediate action needed.
3083,Nick,Palmer,Production Technician I,Production,WBL,Contract,Male,3.53,59.0,4,4,3,Fully Meets,2,0.2691801069268246,Low Risk,Department = Production; experience level; low satisfaction score,Maintain current engagement practices; no immediate action needed.
1233,Anastasia,Escobar,Production Technician II,Production,WBL,Full-Time,Male,4.01,34.0,5,5,3,Fully Meets,3,0.2691647051719225,Low Risk,Department = Production; low performance rating; low satisfaction score,Maintain current engagement practices; no immediate action needed.
2114,Abagail,Moran,Production Technician II,Production,NEL,Contract,Female,6.92,34.0,4,5,1,Exceeds,4,0.269075643357186,Low Risk,Department = Production; training investment; low satisfaction score,Maintain current engagement practices; no immediate action needed.
2067,Denzel,Clark,Production Technician II,Production,NEL,Full-Time,Female,4.26,77.0,2,5,1,Fully Meets,3,0.2690400509945757,Low Risk,Department = Production; desired salary at hire; training investment,Maintain current engagement practices; no immediate action needed.
1815,Kierra,Lozano,Production Technician I,Production,BPC,Contract,Female,6.09,65.0,4,1,5,Fully Meets,3,0.2690324307841197,Low Risk,Department = Production; low performance rating; BusinessUnit = BPC,Maintain current engagement practices; no immediate action needed.
3697,Sonia,Skinner,Production Technician II,Production,PYZ,Full-Time,Female,6.08,34.0,4,3,1,PIP,4,0.2690152660789692,Low Risk,Department = Production; Employee = Full-Time; low performance rating,Maintain current engagement practices; no immediate action needed.
2886,Michelle,Pearson,Production Technician II,Production,MSC,Contract,Male,5.97,43.0,5,5,1,Fully Meets,2,0.2689646048624602,Low Risk,Department = Production; training investment; low satisfaction score,Maintain current engagement practices; no immediate action needed.
2141,Casey,Dixon,Production Technician II,Production,PL,Contract,Female,4.64,80.0,3,2,3,Exceeds,2,0.26889183185319937,Low Risk,Department = Production; Gender = Female; desired salary at hire,Maintain current engagement practices; no immediate action needed.
3584,Orlando,Armstrong,Production Technician I,Production,BPC,Contract,Female,5.95,39.0,2,2,5,Fully Meets,4,0.26881115113504755,Low Risk,Department = Production; training investment; low performance rating,Maintain current engagement practices; no immediate action needed.
2982,Tanya,Foreman,Production Technician II,Production,WBL,Full-Time,Female,7.78,75.0,4,5,3,Fully Meets,2,0.26880920573195594,Low Risk,Department = Production; low satisfaction score; Gender = Female,Maintain current engagement practices; no immediate action needed.
1408,Libby,Fidelia,Production Technician I,Production,PL,Contract,Female,5.36,46.0,3,3,3,Exceeds,3,0.2687722070589095,Low Risk,Department = Production; low performance rating; PayZone = Zone B,Maintain current engagement practices; no immediate action needed.
1881,Alena,Bonilla,Production Technician I,Production,EW,Full-Time,Male,7.24,26.0,5,3,3,Fully Meets,3,0.26873275331781643,Low Risk,Department = Production; low performance rating; low satisfaction score,Maintain current engagement practices; no immediate action needed.
3312,Saniya,Mosley,Production Technician I,Production,MSC,Part-Time,Male,7.65,80.0,1,3,4,Fully Meets,4,0.2687182386870545,Low Risk,Department = Production; desired salary at hire; low performance rating,Maintain current engagement practices; no immediate action needed.
2806,Stephany,Jenkins,Production Technician II,Production,WBL,Full-Time,Female,6.65,64.0,3,1,1,Fully Meets,2,0.2686890679887785,Low Risk,Department = Production; training investment; experience level,Maintain current engagement practices; no immediate action needed.
3047,Francesca,Lowe,Production Technician II,Production,PYZ,Full-Time,Female,7.87,61.0,2,4,1,Exceeds,5,0.26857644021663585,Low Risk,Department = Production; low performance rating; desired salary at hire,Maintain current engagement practices; no immediate action needed.
1646,Cora,Perez,Sales Manager,Admin Offices,SVG,Contract,Male,2.09,39.0,2,2,1,Fully Meets,3,0.26849742707475666,Low Risk,short tenure; low performance rating; training investment,Maintain current engagement practices; no immediate action needed.
1495,Yasmin,Warren,Production Technician II,Production,MSC,Part-Time,Male,5.06,56.0,3,3,4,Fully Meets,3,0.26830603357273813,Low Risk,Department = Production; low performance rating; PayZone = Zone A,Maintain current engagement practices; no immediate action needed.
2867,Gillian,Hawkins,Production Technician II,Production,CCDR,Part-Time,Female,7.41,32.0,1,3,3,Fully Meets,2,0.2682812474320832,Low Risk,Department = Production; training investment; desired salary at hire,Maintain current engagement practices; no immediate action needed.
2232,Jovan,Giles,IT Manager - DB,IT/IS,NEL,Part-Time,Male,3.61,84.0,5,4,2,Fully Meets,5,0.26825002791297736,Low Risk,low performance rating; Employee = Part-Time; desired salary at hire,Maintain current engagement practices; no immediate action needed.
1853,Jaime,Morrow,Production Technician II,Production,PYZ,Contract,Female,4.32,69.0,3,4,5,PIP,3,0.26824718179217705,Low Risk,Department = Production; training investment; low performance rating,Maintain current engagement practices; no immediate action needed.
3059,Izaiah,Gallagher,Production Technician I,Production,WBL,Part-Time,Female,5.33,54.0,1,2,3,Fully Meets,1,0.2681434659834701,Low Risk,Department = Production; training investment; Gender = Female,Maintain current engagement practices; no immediate action needed.
2411,Nathaly,Stuart,Production Manager,Production,NEL,Part-Time,Female,3.79,32.0,3,2,3,Fully Meets,2,0.26804344132183594,Low Risk,Department = Production; BusinessUnit = NEL; Gender = Female,Maintain current engagement practices; no immediate action needed.
2153,Alfred,Caldwell,Production Technician I,Production,BPC,Contract,Female,7.11,82.0,5,3,3,Exceeds,4,0.2680397531085892,Low Risk,Department = Production; JobFunctionDescription = Model Assistant; low performance rating,Maintain current engagement practices; no immediate action needed.
3437,Myriam,Givens,Area Sales Manager,Sales,SVG,Contract,Female,2.98,62.0,2,3,5,Fully Meets,5,0.26795981409502195,Low Risk,Gender = Female; low performance rating; PayZone = Zone B,Maintain current engagement practices; no immediate action needed.
3636,Marc,Chandler,Production Technician I,Production,NEL,Contract,Male,6.49,44.0,5,3,3,Fully Meets,3,0.26795311269917055,Low Risk,Department = Production; low performance rating; BusinessUnit = NEL,Maintain current engagement practices; no immediate action needed.
3163,Geovanni,Crawford,Production Technician I,Production,PL,Contract,Male,6.83,47.0,4,2,5,Fully Meets,4,0.2679306804581667,Low Risk,Department = Production; low performance rating; MaritalStatus = Married,Maintain current engagement practices; no immediate action needed.
3290,Jaiden,Middleton,Production Technician I,Production,TNS,Part-Time,Male,7.97,31.0,1,1,2,Fully Meets,3,0.2679053305753327,Low Risk,Department = Production; low performance rating; low engagement,Maintain current engagement practices; no immediate action needed.
1897,Danna,Rollins,Production Technician II,Production,NEL,Full-Time,Male,4.7,78.0,4,2,5,Fully Meets,3,0.26789091377265783,Low Risk,Department = Production; low performance rating; low satisfaction score,Maintain current engagement practices; no immediate action needed.
3518,Roberto,Michael,Area Sales Manager,Sales,MSC,Contract,Female,1.23,57.0,2,4,5,Fully Meets,2,0.26779909778258365,Low Risk,short tenure; Gender = Female; MaritalStatus = Married,Maintain current engagement practices; no immediate action needed.
3382,Romeo,Gordon,Production Technician I,Production,TNS,Part-Time,Male,7.71,56.0,5,3,5,Exceeds,5,0.26777251804186275,Low Risk,Department = Production; low performance rating; low satisfaction score,Maintain current engagement practices; no immediate action needed.
2343,Emelia,Mcintyre,Production Manager,Production,NEL,Full-Time,Female,6.85,28.0,3,1,4,Fully Meets,4,0.2676194037730363,Low Risk,Department = Production; low performance rating; desired salary at hire,Maintain current engagement practices; no immediate action needed.
3248,Micah,Douglas,Production Technician I,Production,MSC,Contract,Female,4.95,59.0,3,4,3,Fully Meets,5,0.2673220585160987,Low Risk,Department = Production; low performance rating; training investment,Maintain current engagement practices; no immediate action needed.
1528,Braedon,Chandler,Production Technician I,Production,MSC,Part-Time,Female,3.68,73.0,5,5,2,Fully Meets,3,0.26729295537202824,Low Risk,Department = Production; low performance rating; PayZone = Zone A,Maintain current engagement practices; no immediate action needed.
3732,Orion,Ochoa,Production Technician I,Production,MSC,Part-Time,Male,6.15,72.0,4,3,4,Fully Meets,5,0.26720248427509463,Low Risk,Department = Production; training investment; low satisfaction score,Maintain current engagement practices; no immediate action needed.
2182,Nathalie,Hays,Production Technician I,Production,CCDR,Full-Time,Female,5.37,35.0,1,1,2,Exceeds,4,0.2671813263120508,Low Risk,Department = Production; poor work-life balance; desired salary at hire,Maintain current engagement practices; no immediate action needed.
1811,Miley,Ortega,Production Technician I,Production,PYZ,Contract,Female,4.12,49.0,5,2,1,Fully Meets,3,0.2671322345935186,Low Risk,Department = Production; low performance rating; age,Maintain current engagement practices; no immediate action needed.
2310,Jade,Sloan,Data Analyst,Production,BPC,Part-Time,Male,4.26,43.0,1,4,3,Fully Meets,5,0.2669035486773957,Low Risk,Department = Production; BusinessUnit = BPC; education level,Maintain current engagement practices; no immediate action needed.
3677,Dayami,Bailey,Production Technician I,Production,CCDR,Full-Time,Male,3.82,66.0,5,3,5,Fully Meets,3,0.2668912615568592,Low Risk,Department = Production; low performance rating; low satisfaction score,Maintain current engagement practices; no immediate action needed.
1306,Dane,Barton,Production Technician I,Production,PL,Part-Time,Male,5.28,29.0,3,1,5,Fully Meets,3,0.2668529941449682,Low Risk,Department = Production; low performance rating; desired salary at hire,Maintain current engagement practices; no immediate action needed.
1750,Alissa,Frey,Production Technician I,Production,WBL,Full-Time,Female,7.63,49.0,2,1,5,Fully Meets,3,0.26681710329613795,Low Risk,Department = Production; low performance rating; Gender = Female,Maintain current engagement practices; no immediate action needed.
1482,Esmeralda,Galvan,Production Technician I,Production,PYZ,Contract,Female,6.7,74.0,1,1,1,Exceeds,3,0.26669831783721903,Low Risk,Department = Production; Division = Finance & Accounting; low performance rating,Maintain current engagement practices; no immediate action needed.
1989,Alec,Stephens,Production Technician II,Production,PL,Full-Time,Female,6.41,26.0,2,4,5,Fully Meets,3,0.26669449607008655,Low Risk,Department = Production; low performance rating; MaritalStatus = Married,Maintain current engagement practices; no immediate action needed.
3479,Sarai,Stone,Area Sales Manager,Sales,NEL,Contract,Female,0.67,64.0,4,4,4,Fully Meets,2,0.2666872641867715,Low Risk,short tenure; Gender = Female; low satisfaction score,Maintain current engagement practices; no immediate action needed.
1926,Grayson,Preston,Production Technician I,Production,SVG,Contract,Male,6.66,27.0,4,3,2,Fully Meets,3,0.2666417033413766,Low Risk,Department = Production; low performance rating; desired salary at hire,Maintain current engagement practices; no immediate action needed.
1215,Xander,Savage,Production Technician II,Production,PL,Contract,Female,6.45,43.0,1,2,5,Fully Meets,3,0.26653003861475566,Low Risk,Department = Production; low performance rating; age,Maintain current engagement practices; no immediate action needed.
3804,Brendon,Wilson,Production Technician I,Production,BPC,Full-Time,Female,7.2,48.0,2,3,2,Fully Meets,3,0.2664620560423301,Low Risk,Department = Production; low performance rating; BusinessUnit = BPC,Maintain current engagement practices; no immediate action needed.
2419,Kaylyn,Joyce,Production Manager,Production,EW,Part-Time,Female,6.32,26.0,2,2,1,Fully Meets,2,0.2664179678531852,Low Risk,Department = Production; Gender = Female; JobFunctionDescription = Driver,Maintain current engagement practices; no immediate action needed.
2125,Leslie,Zamora,Production Technician I,Production,EW,Full-Time,Female,6.96,25.0,5,4,3,Exceeds,4,0.2662630405501559,Low Risk,Department = Production; low satisfaction score; Gender = Female,Maintain current engagement practices; no immediate action needed.
2414,Julianne,Shaw,Production Manager,Production,SVG,Part-Time,Female,4.17,74.0,1,1,5,Fully Meets,2,0.26625266538814835,Low Risk,Department = Production; PayZone = Zone B; Gender = Female,Maintain current engagement practices; no immediate action needed.
3956,Aliana,Shaw,Database Administrator,IT/IS,EW,Contract,Female,3.58,30.0,5,4,2,Fully Meets,3,0.2662294465129797,Low Risk,low performance rating; Gender = Female; experience level,Maintain current engagement practices; no immediate action needed.
1254,Alyvia,Sellers,Production Technician II,Production,WBL,Contract,Female,6.09,76.0,1,3,5,Fully Meets,3,0.2661685001684445,Low Risk,Department = Production; training investment; low performance rating,Maintain current engagement practices; no immediate action needed.
1108,Barry,Wilber,Production Technician I,Production,TNS,Full-Time,Male,7.5,57.0,5,4,3,Fully Meets,3,0.26614883372816767,Low Risk,Department = Production; low performance rating; Race = White,Maintain current engagement practices; no immediate action needed.
3643,Issac,Whitehead,Production Technician I,Production,TNS,Full-Time,Male,6.28,65.0,5,1,3,Fully Meets,3,0.266064603731064,Low Risk,Department = Production; low performance rating; low engagement,Maintain current engagement practices; no immediate action needed.
2759,Rick,Stoica,Production Technician I,Production,PYZ,Full-Time,Male,7.92,37.0,1,3,3,Fully Meets,2,0.2660274843311106,Low Risk,Department = Production; desired salary at hire; Employee = Full-Time,Maintain current engagement practices; no immediate action needed.
2140,Harley,Jones,Production Technician II,Production,NEL,Contract,Female,5.63,57.0,5,4,4,Exceeds,2,0.2659532355095032,Low Risk,Department = Production; Gender = Female; BusinessUnit = NEL,Maintain current engagement practices; no immediate action needed.
3342,London,Nunez,Production Technician II,Production,NEL,Full-Time,Male,4.99,26.0,4,3,1,Fully Meets,2,0.2658548381730871,Low Risk,Department = Production; Race = Other; desired salary at hire,Maintain current engagement practices; no immediate action needed.
1922,Tyrese,Sloan,Production Technician I,Production,NEL,Full-Time,Male,5.99,68.0,1,1,3,Fully Meets,3,0.2657859547464927,Low Risk,Department = Production; low performance rating; BusinessUnit = NEL,Maintain current engagement practices; no immediate action needed.
2300,Wesley,Nguyen,Production Manager,Production,SVG,Full-Time,Female,5.83,79.0,1,5,2,Fully Meets,5,0.2657664964354588,Low Risk,Department = Production; Employee = Full-Time; experience level,Maintain current engagement practices; no immediate action needed.
1205,Ulises,Shea,Production Technician I,Production,TNS,Full-Time,Female,6.01,70.0,1,2,2,Fully Meets,3,0.2657407881815434,Low Risk,Department = Production; JobFunctionDescription = Shop; low performance rating,Maintain current engagement practices; no immediate action needed.
3281,Gloria,Rose,Production Technician II,Production,SVG,Contract,Male,6.94,72.0,4,4,4,Fully Meets,5,0.26572873878137915,Low Risk,Department = Production; low performance rating; PayZone = Zone B,Maintain current engagement practices; no immediate action needed.
3356,Cade,Heath,Production Technician I,Production,PYZ,Full-Time,Female,7.71,35.0,5,2,1,Needs Improvement,3,0.2655719772830414,Low Risk,Department = Production; low satisfaction score; low performance rating,Maintain current engagement practices; no immediate action needed.
3955,Draven,Giles,Database Administrator,IT/IS,SVG,Contract,Female,3.08,28.0,1,2,1,Fully Meets,3,0.26552706609600374,Low Risk,low performance rating; Gender = Female; poor work-life balance,Maintain current engagement practices; no immediate action needed.
3679,Pedro,Harrison,Production Technician I,Production,EW,Full-Time,Male,6.61,37.0,2,4,5,Fully Meets,3,0.2655093694697619,Low Risk,Department = Production; low performance rating; experience level,Maintain current engagement practices; no immediate action needed.
1555,Hazel,Ponce,Production Technician II,Production,PL,Part-Time,Female,7.33,60.0,1,5,2,Fully Meets,3,0.26535486674043035,Low Risk,Department = Production; low performance rating; desired salary at hire,Maintain current engagement practices; no immediate action needed.
2041,Sanai,Rose,Production Technician II,Production,PL,Part-Time,Female,3.87,29.0,1,1,5,Fully Meets,3,0.26528524760132,Low Risk,Department = Production; low performance rating; low engagement,Maintain current engagement practices; no immediate action needed.
3313,Aimee,Davila,Production Technician I,Production,TNS,Full-Time,Male,5.21,50.0,2,1,2,Fully Meets,3,0.26514949902118967,Low Risk,Department = Production; low performance rating; BusinessUnit = TNS,Maintain current engagement practices; no immediate action needed.
1432,Madeline,Bernard,Production Technician II,Production,PYZ,Contract,Male,7.02,35.0,3,4,4,Exceeds,3,0.2650608141601799,Low Risk,Department = Production; low performance rating; Race = White,Maintain current engagement practices; no immediate action needed.
2117,Terrell,Hanna,Production Technician II,Production,CCDR,Full-Time,Female,6.09,33.0,3,2,2,Exceeds,2,0.2649943779272795,Low Risk,Department = Production; PayZone = Zone B; Division = Field Operations,Maintain current engagement practices; no immediate action needed.
3234,Parker,Harrison,Production Technician I,Production,SVG,Part-Time,Male,4.92,67.0,3,1,4,Fully Meets,3,0.2649673506907328,Low Risk,Department = Production; low performance rating; training investment,Maintain current engagement practices; no immediate action needed.
3289,Kinley,Serrano,Production Technician I,Production,SVG,Contract,Female,6.19,46.0,5,3,1,Fully Meets,4,0.2649614012049049,Low Risk,Department = Production; low performance rating; low satisfaction score,Maintain current engagement practices; no immediate action needed.
1187,Rigoberto,Townsend,Production Manager,Production,NEL,Part-Time,Female,5.06,29.0,1,4,1,Fully Meets,3,0.26493614218566863,Low Risk,Department = Production; BusinessUnit = NEL; Gender = Female,Maintain current engagement practices; no immediate action needed.
2118,Dale,Mendoza,Production Technician II,Production,SVG,Part-Time,Female,6.49,26.0,2,3,4,Exceeds,5,0.26480402732172786,Low Risk,Department = Production; JobFunctionDescription = Coordinator; low performance rating,Maintain current engagement practices; no immediate action needed.
1431,Kaley,Ali,Production Technician II,Production,TNS,Full-Time,Female,7.36,75.0,1,2,1,Exceeds,3,0.2647586051415669,Low Risk,Department = Production; low performance rating; PayZone = Zone B,Maintain current engagement practices; no immediate action needed.
1157,Trent,Christian,Production Technician I,Production,PYZ,Part-Time,Male,7.46,30.0,4,1,2,Fully Meets,3,0.2647550034848101,Low Risk,Department = Production; low performance rating; training investment,Maintain current engagement practices; no immediate action needed.
2905,Gillian,Williams,Production Technician II,Production,PL,Full-Time,Male,3.78,53.0,5,2,1,Fully Meets,1,0.264739188672543,Low Risk,Department = Production; JobFunctionDescription = Warehouse; training investment,Maintain current engagement practices; no immediate action needed.
1693,Gianna,Pope,Sales Manager,IT/IS,SVG,Contract,Female,3.59,41.0,5,3,1,Fully Meets,3,0.26465085370001357,Low Risk,low performance rating; training investment; low satisfaction score,Maintain current engagement practices; no immediate action needed.
3752,Deven,Morse,Production Technician I,Production,PYZ,Full-Time,Male,4.05,72.0,1,3,5,Fully Meets,2,0.26450873107233946,Low Risk,Department = Production; desired salary at hire; PayZone = Zone A,Maintain current engagement practices; no immediate action needed.
3319,Madelynn,Murillo,Production Technician II,Production,NEL,Full-Time,Female,6.8,63.0,3,5,4,Fully Meets,3,0.26449071685984277,Low Risk,Department = Production; low performance rating; MaritalStatus = Married,Maintain current engagement practices; no immediate action needed.
2166,Dillon,Sullivan,Production Technician II,Production,CCDR,Contract,Female,7.35,29.0,2,2,1,Exceeds,3,0.2644372382567598,Low Risk,Department = Production; low performance rating; poor work-life balance,Maintain current engagement practices; no immediate action needed.
1232,Abbigail,Cameron,Production Manager,Production,MSC,Full-Time,Female,6.35,79.0,1,2,5,Fully Meets,3,0.2643512001836923,Low Risk,Department = Production; low performance rating; PayZone = Zone B,Maintain current engagement practices; no immediate action needed.
3612,Edward,Mann,Production Technician I,Production,NEL,Contract,Male,4.5,42.0,3,5,3,PIP,4,0.2639853218567003,Low Risk,Department = Production; BusinessUnit = NEL; low performance rating,Maintain current engagement practices; no immediate action needed.
3241,Lana,Vega,Production Technician II,Production,WBL,Part-Time,Female,4.2,79.0,5,1,3,Fully Meets,1,0.2636651438766118,Low Risk,Department = Production; JobFunctionDescription = Administrator; Race = White,Maintain current engagement practices; no immediate action needed.
2768,Jean,Engdahl,Production Technician I,Production,WBL,Part-Time,Male,4.12,45.0,1,2,5,Fully Meets,2,0.2636165158451644,Low Risk,Department = Production; Employee = Part-Time; desired salary at hire,Maintain current engagement practices; no immediate action needed.
1869,Salma,Blackwell,Production Technician I,Production,PYZ,Part-Time,Female,6.7,44.0,2,1,3,Exceeds,3,0.2635562725117621,Low Risk,Department = Production; low performance rating; training investment,Maintain current engagement practices; no immediate action needed.
1309,Yamilet,Cohen,Production Technician I,Production,SVG,Part-Time,Female,5.94,46.0,1,1,3,Fully Meets,3,0.26344536727277573,Low Risk,Department = Production; low performance rating; low engagement,Maintain current engagement practices; no immediate action needed.
1889,Kaleb,Cole,Production Technician I,Production,PYZ,Contract,Female,5.67,69.0,4,5,4,Fully Meets,3,0.2634223852346681,Low Risk,Department = Production; low performance rating; low satisfaction score,Maintain current engagement practices; no immediate action needed.
1425,Antoine,Schaefer,Production Technician I,Production,CCDR,Part-Time,Female,6.98,84.0,3,2,1,Needs Improvement,3,0.2634022640903881,Low Risk,Department = Production; low performance rating; PayZone = Zone B,Maintain current engagement practices; no immediate action needed.
3766,Elisa,Henry,Production Technician II,Production,PYZ,Part-Time,Female,4.0,83.0,4,4,5,Fully Meets,3,0.2632534496005617,Low Risk,Department = Production; low performance rating; low satisfaction score,Maintain current engagement practices; no immediate action needed.
1513,Holly,Taylor,Production Technician II,Production,PL,Contract,Male,6.6,33.0,3,5,5,Fully Meets,3,0.26320801359249435,Low Risk,Department = Production; low performance rating; JobFunctionDescription = Engineer,Maintain current engagement practices; no immediate action needed.
2386,Uriel,Brennan,Production Manager,Production,CCDR,Part-Time,Female,7.61,51.0,4,1,3,Fully Meets,1,0.26318343961221313,Low Risk,Department = Production; Division = Finance & Accounting; Gender = Female,Maintain current engagement practices; no immediate action needed.
3141,Aliya,Morton,Production Technician I,Production,BPC,Full-Time,Male,5.36,56.0,1,3,4,Exceeds,2,0.2631370124753161,Low Risk,Department = Production; BusinessUnit = BPC; training investment,Maintain current engagement practices; no immediate action needed.
1887,Esther,Spears,Production Technician I,Production,TNS,Full-Time,Male,4.34,29.0,3,2,3,Fully Meets,3,0.2630819990066313,Low Risk,Department = Production; Race = White; low performance rating,Maintain current engagement practices; no immediate action needed.
3360,Fatima,Kemp,Production Technician I,Production,BPC,Part-Time,Female,5.34,52.0,4,4,1,Exceeds,2,0.2630675836566309,Low Risk,Department = Production; Gender = Female; BusinessUnit = BPC,Maintain current engagement practices; no immediate action needed.
2990,Alfredo,Perry,Production Technician I,Production,PYZ,Full-Time,Female,7.26,27.0,2,2,3,Fully Meets,2,0.2630471003326972,Low Risk,Department = Production; desired salary at hire; age,Maintain current engagement practices; no immediate action needed.
3580,Davion,Sanchez,Production Technician I,Production,PYZ,Full-Time,Male,6.61,84.0,4,2,3,Fully Meets,4,0.2630187850837399,Low Risk,Department = Production; low performance rating; Division = Field Operations,Maintain current engagement practices; no immediate action needed.
2325,Keenan,Jensen,Production Manager,Production,CCDR,Part-Time,Female,5.57,27.0,4,4,1,Fully Meets,1,0.2629009198639454,Low Risk,Department = Production; low satisfaction score; desired salary at hire,Maintain current engagement practices; no immediate action needed.
2737,Darian,Hansen,Area Sales Manager,Sales,CCDR,Full-Time,Male,0.14,54.0,5,5,3,Fully Meets,4,0.26280775379576393,Low Risk,short tenure; low performance rating; training investment,Maintain current engagement practices; no immediate action needed.
3150,Neil,Patton,Production Technician I,Production,PL,Full-Time,Female,4.45,71.0,2,3,2,Fully Meets,2,0.26279034113252714,Low Risk,Department = Production; poor work-life balance; Gender = Female,Maintain current engagement practices; no immediate action needed.
1856,Matteo,Oneal,Production Technician II,Production,PL,Full-Time,Female,4.98,54.0,3,2,3,Exceeds,3,0.26277274129543593,Low Risk,Department = Production; low performance rating; low engagement,Maintain current engagement practices; no immediate action needed.
2016,Angela,Kaufman,Production Technician II,Production,NEL,Contract,Female,5.3,68.0,3,1,5,Fully Meets,3,0.26265584877801934,Low Risk,Department = Production; low performance rating; desired salary at hire,Maintain current engagement practices; no immediate action needed.
1343,Shaniya,Hamilton,Accountant I,Admin Offices,MSC,Contract,Female,3.52,68.0,2,1,3,Fully Meets,3,0.2626413716816305,Low Risk,low performance rating; low engagement; Race = White,Maintain current engagement practices; no immediate action needed.
3624,Cesar,Higgins,Production Technician II,Production,MSC,Part-Time,Female,6.54,30.0,2,2,2,Fully Meets,4,0.26259573157612587,Low Risk,Department = Production; education level; JobFunctionDescription = Engineer,Maintain current engagement practices; no immediate action needed.
3660,Aron,Hester,Production Technician I,Production,EW,Full-Time,Male,7.17,52.0,2,3,4,Exceeds,3,0.26253514832879543,Low Risk,Department = Production; low performance rating; experience level,Maintain current engagement practices; no immediate action needed.
2291,Elisa,Bramante,Director of Operations,Production,NEL,Contract,Female,6.05,41.0,4,3,1,Fully Meets,4,0.26251113092764305,Low Risk,Department = Production; BusinessUnit = NEL; age,Maintain current engagement practices; no immediate action needed.
1403,Lily,DiNocco,Production Technician I,Production,SVG,Full-Time,Female,5.05,82.0,3,1,2,Exceeds,3,0.2624826475471986,Low Risk,Department = Production; low performance rating; PayZone = Zone B,Maintain current engagement practices; no immediate action needed.
3727,Katherine,Russo,Production Technician I,Production,MSC,Part-Time,Female,4.91,82.0,2,1,5,Fully Meets,3,0.262415032520652,Low Risk,Department = Production; low engagement; low performance rating,Maintain current engagement practices; no immediate action needed.
1247,Ashanti,Scott,Production Technician I,Production,EW,Part-Time,Female,7.39,54.0,4,2,5,Fully Meets,3,0.26236912602590917,Low Risk,Department = Production; low performance rating; training investment,Maintain current engagement practices; no immediate action needed.
1180,Allan,Butler,Production Technician I,Production,SVG,Full-Time,Male,6.07,82.0,3,4,1,Fully Meets,3,0.2623308208382439,Low Risk,Department = Production; low performance rating; desired salary at hire,Maintain current engagement practices; no immediate action needed.
2104,Andre,Fields,Production Technician I,Production,TNS,Contract,Female,5.86,77.0,4,1,3,Exceeds,2,0.26231417035971494,Low Risk,Department = Production; training investment; desired salary at hire,Maintain current engagement practices; no immediate action needed.
1161,Abram,Fisher,Production Technician I,Production,PYZ,Contract,Female,6.11,72.0,4,3,4,Fully Meets,3,0.2622158365173599,Low Risk,Department = Production; low performance rating; low satisfaction score,Maintain current engagement practices; no immediate action needed.
1243,Camila,Nichols,Production Technician I,Production,PL,Contract,Female,6.14,47.0,2,5,3,Fully Meets,3,0.2621862720245489,Low Risk,Department = Production; low performance rating; age,Maintain current engagement practices; no immediate action needed.
3222,Gloria,Small,Production Technician I,Production,BPC,Contract,Female,5.54,36.0,5,2,1,Fully Meets,2,0.2621084370949635,Low Risk,Department = Production; Gender = Female; desired salary at hire,Maintain current engagement practices; no immediate action needed.
2763,Paula,Gross,Production Technician I,Production,NEL,Part-Time,Female,6.77,35.0,2,4,4,Fully Meets,2,0.2620269208044094,Low Risk,Department = Production; Gender = Female; BusinessUnit = NEL,Maintain current engagement practices; no immediate action needed.
2226,Zechariah,Strong,IT Support,IT/IS,SVG,Contract,Female,2.24,66.0,4,4,5,Exceeds,1,0.2620014395103365,Low Risk,short tenure; Gender = Female; low satisfaction score,Maintain current engagement practices; no immediate action needed.
3110,Luis,Frazier,Production Technician I,Production,SVG,Contract,Female,4.36,70.0,2,1,1,Fully Meets,2,0.2619340759413716,Low Risk,Department = Production; training investment; Gender = Female,Maintain current engagement practices; no immediate action needed.
2364,Milagros,Jimenez,Production Manager,Production,EW,Full-Time,Male,6.97,66.0,2,4,4,Fully Meets,5,0.26191161404751545,Low Risk,Department = Production; low performance rating; Employee = Full-Time,Maintain current engagement practices; no immediate action needed.
2206,Audrina,Williams,Production Technician I,Production,CCDR,Contract,Female,3.75,85.0,4,2,3,Needs Improvement,5,0.26159234818683264,Low Risk,Department = Production; Race = Other; PayZone = Zone A,Maintain current engagement practices; no immediate action needed.
1186,Rachael,Buck,Production Manager,Production,MSC,Full-Time,Female,5.4,43.0,3,3,5,Fully Meets,3,0.26150265689216795,Low Risk,Department = Production; low performance rating; desired salary at hire,Maintain current engagement practices; no immediate action needed.
2663,Eli,Grant,Area Sales Manager,Sales,PYZ,Part-Time,Male,0.3,55.0,4,3,1,Fully Meets,5,0.26150156427426635,Low Risk,short tenure; low performance rating; low satisfaction score,Maintain current engagement practices; no immediate action needed.
3447,Mariela,Schultz,Area Sales Manager,Sales,CCDR,Part-Time,Female,3.06,62.0,1,5,4,Fully Meets,3,0.2614762123778431,Low Risk,low performance rating; Gender = Female; Employee = Part-Time,Maintain current engagement practices; no immediate action needed.
3411,Brenda,Boone,Production Technician II,Production,CCDR,Full-Time,Female,3.8,77.0,3,2,2,Fully Meets,2,0.2611439837543962,Low Risk,Department = Production; training investment; desired salary at hire,Maintain current engagement practices; no immediate action needed.
3579,Constance,Sloan,Production Technician II,Production,BPC,Full-Time,Female,5.18,80.0,3,5,3,Needs Improvement,4,0.26107920438785004,Low Risk,Department = Production; low performance rating; training investment,Maintain current engagement practices; no immediate action needed.
1312,Irene,Melton,Production Technician I,Production,TNS,Full-Time,Female,5.29,29.0,5,2,2,Fully Meets,3,0.26102976879954043,Low Risk,Department = Production; low performance rating; low satisfaction score,Maintain current engagement practices; no immediate action needed.
3794,Ayden,Chambers,Production Technician I,Production,BPC,Contract,Male,7.88,31.0,1,1,3,Fully Meets,5,0.26099676663636473,Low Risk,Department = Production; low performance rating; low engagement,Maintain current engagement practices; no immediate action needed.
3610,Kayley,Myers,Production Technician I,Production,PYZ,Part-Time,Female,7.79,53.0,5,4,5,Fully Meets,3,0.26087023331329984,Low Risk,Department = Production; low performance rating; training investment,Maintain current engagement practices; no immediate action needed.
2644,Miranda,Keith,Area Sales Manager,Sales,MSC,Full-Time,Male,0.73,28.0,1,4,2,Fully Meets,5,0.2608531259147772,Low Risk,short tenure; low performance rating; Employee = Full-Time,Maintain current engagement practices; no immediate action needed.
3321,Tatum,Terrell,Production Technician II,Production,BPC,Contract,Male,7.44,41.0,1,4,3,Fully Meets,2,0.26079107401856877,Low Risk,Department = Production; desired salary at hire; BusinessUnit = BPC,Maintain current engagement practices; no immediate action needed.
2316,Antwan,Gay,Production Manager,Production,SVG,Full-Time,Male,5.01,53.0,2,4,5,Fully Meets,2,0.26070799185963256,Low Risk,Department = Production; PayZone = Zone B; Employee = Full-Time,Maintain current engagement practices; no immediate action needed.
1509,Marlee,Mathis,Production Technician I,Production,CCDR,Full-Time,Female,4.19,67.0,1,5,3,Fully Meets,3,0.26062797074661087,Low Risk,Department = Production; low performance rating; training investment,Maintain current engagement practices; no immediate action needed.
2845,Jett,York,Production Technician II,Production,WBL,Full-Time,Female,5.89,47.0,4,3,2,Fully Meets,4,0.26053692029874237,Low Risk,Department = Production; low satisfaction score; low performance rating,Maintain current engagement practices; no immediate action needed.
1102,Ermine,Pelletier,Production Technician II,Production,EW,Part-Time,Female,6.98,73.0,1,5,4,Fully Meets,3,0.2604134975262577,Low Risk,Department = Production; low performance rating; desired salary at hire,Maintain current engagement practices; no immediate action needed.
3000,Reyna,Hicks,Production Technician I,Production,PYZ,Contract,Male,4.05,53.0,2,2,5,Fully Meets,1,0.2603638294582832,Low Risk,Department = Production; Race = Other; PayZone = Zone B,Maintain current engagement practices; no immediate action needed.
3734,Lindsey,Rocha,Production Technician I,Production,PL,Full-Time,Male,7.39,62.0,5,4,2,Fully Meets,3,0.26029868740475165,Low Risk,Department = Production; low performance rating; JobFunctionDescription = Engineer,Maintain current engagement practices; no immediate action needed.
2964,Alyssa,Proctor,Production Technician I,Production,TNS,Part-Time,Female,5.2,68.0,1,4,3,Fully Meets,2,0.2602283998634739,Low Risk,Department = Production; PayZone = Zone B; BusinessUnit = TNS,Maintain current engagement practices; no immediate action needed.
2906,Anabel,Hanna,Production Technician II,Production,PYZ,Contract,Male,7.81,47.0,5,2,4,Needs Improvement,5,0.2601739060900185,Low Risk,Department = Production; low performance rating; PayZone = Zone B,Maintain current engagement practices; no immediate action needed.
1500,Brenden,Marks,Production Technician I,Production,SVG,Part-Time,Female,7.2,41.0,4,1,4,Fully Meets,3,0.2601530369489628,Low Risk,Department = Production; low performance rating; low satisfaction score,Maintain current engagement practices; no immediate action needed.
2884,Riley,Leon,Production Technician II,Production,SVG,Part-Time,Male,4.41,47.0,2,3,4,Fully Meets,2,0.26015058115869816,Low Risk,Department = Production; Race = Other; PayZone = Zone A,Maintain current engagement practices; no immediate action needed.
3016,Moshe,Hunter,Production Technician I,Production,NEL,Part-Time,Male,4.55,26.0,1,3,2,PIP,4,0.26004937732483446,Low Risk,Department = Production; low performance rating; BusinessUnit = NEL,Maintain current engagement practices; no immediate action needed.
1848,Harold,Reid,Production Technician I,Production,TNS,Contract,Male,4.59,26.0,4,2,5,PIP,3,0.2600455316929449,Low Risk,Department = Production; low performance rating; low performance score,Maintain current engagement practices; no immediate action needed.
3034,Macie,Hayes,Production Technician I,Production,TNS,Full-Time,Female,4.77,59.0,4,1,2,Fully Meets,2,0.2599985059638927,Low Risk,Department = Production; Race = White; Division = Field Operations,Maintain current engagement practices; no immediate action needed.
1264,Darius,Koch,Production Technician I,Production,PL,Full-Time,Female,7.44,28.0,5,3,4,Fully Meets,3,0.2599838758812913,Low Risk,Department = Production; low performance rating; MaritalStatus = Married,Maintain current engagement practices; no immediate action needed.
1813,Valentin,Lam,Production Technician I,Production,NEL,Contract,Female,5.97,47.0,5,3,3,Fully Meets,3,0.2599384096890077,Low Risk,Department = Production; low performance rating; BusinessUnit = NEL,Maintain current engagement practices; no immediate action needed.
2187,Amaris,Kirk,Production Technician II,Production,PL,Part-Time,Female,6.41,28.0,1,2,5,Exceeds,5,0.2599282335635313,Low Risk,Department = Production; PayZone = Zone B; Gender = Female,Maintain current engagement practices; no immediate action needed.
3486,Brendon,Mcconnell,Area Sales Manager,Sales,TNS,Part-Time,Male,0.6,36.0,1,3,1,Fully Meets,4,0.25985098655467265,Low Risk,short tenure; low performance rating; training investment,Maintain current engagement practices; no immediate action needed.
3600,Marely,Dixon,Production Technician II,Production,WBL,Contract,Female,3.73,77.0,1,2,4,Fully Meets,2,0.25984106275029584,Low Risk,Department = Production; training investment; Gender = Female,Maintain current engagement practices; no immediate action needed.
1383,Athena,Moore,Sr. Accountant,Admin Offices,BPC,Contract,Female,0.63,32.0,1,4,5,Exceeds,3,0.2597696021755377,Low Risk,short tenure; low performance rating; Gender = Female,Maintain current engagement practices; no immediate action needed.
1479,Blaine,Rose,Production Technician I,Production,EW,Part-Time,Female,5.55,75.0,4,3,2,Exceeds,3,0.2597372368810791,Low Risk,Department = Production; low performance rating; low satisfaction score,Maintain current engagement practices; no immediate action needed.
3219,Luisa,Monterro,Production Technician II,Production,PL,Full-Time,Female,6.85,26.0,3,3,4,Fully Meets,3,0.2596764120592824,Low Risk,Department = Production; low performance rating; Gender = Female,Maintain current engagement practices; no immediate action needed.
2069,Simon,Rivers,Production Technician II,Production,PYZ,Full-Time,Female,4.07,35.0,1,3,5,Fully Meets,3,0.2596708739588843,Low Risk,Department = Production; low performance rating; desired salary at hire,Maintain current engagement practices; no immediate action needed.
1758,Henry,Gray,Production Technician I,Production,TNS,Part-Time,Male,7.56,68.0,3,5,5,Fully Meets,3,0.2595643618953424,Low Risk,Department = Production; low performance rating; JobFunctionDescription = Administrator,Maintain current engagement practices; no immediate action needed.
2968,Lowan M,Biden,Production Technician I,Production,CCDR,Part-Time,Female,7.59,45.0,5,1,4,Fully Meets,4,0.2595479326131213,Low Risk,Department = Production; low performance rating; low satisfaction score,Maintain current engagement practices; no immediate action needed.
3566,Maliki,Moumanil,Production Technician II,Production,PL,Part-Time,Male,4.83,63.0,2,1,3,Fully Meets,2,0.25939247928388587,Low Risk,Department = Production; low engagement; PayZone = Zone A,Maintain current engagement practices; no immediate action needed.
1277,Jonas,Hernandez,Production Technician II,Production,MSC,Full-Time,Female,7.29,42.0,3,4,3,Fully Meets,3,0.25929006076740574,Low Risk,Department = Production; low performance rating; Gender = Female,Maintain current engagement practices; no immediate action needed.
2022,Jocelyn,Valentine,Production Technician II,Production,BPC,Contract,Female,7.17,85.0,3,5,5,Fully Meets,3,0.25919418647812414,Low Risk,Department = Production; BusinessUnit = BPC; Race = White,Maintain current engagement practices; no immediate action needed.
1744,Mei,Trang,Production Technician I,Production,PL,Full-Time,Female,4.01,79.0,1,2,4,Fully Meets,3,0.25911010164287224,Low Risk,Department = Production; low performance rating; low engagement,Maintain current engagement practices; no immediate action needed.
3589,Giovani,Roy,Production Technician I,Production,PL,Contract,Male,7.25,75.0,3,2,2,Fully Meets,1,0.2590696640782147,Low Risk,Department = Production; desired salary at hire; PayZone = Zone B,Maintain current engagement practices; no immediate action needed.
3216,Janine,Purinton,Production Technician I,Production,MSC,Part-Time,Female,4.94,54.0,4,1,3,Fully Meets,5,0.25901046303785374,Low Risk,Department = Production; low engagement; low satisfaction score,Maintain current engagement practices; no immediate action needed.
2082,Jordan,Kemp,Production Technician I,Production,CCDR,Contract,Male,5.43,66.0,2,4,4,Fully Meets,3,0.2587760870868837,Low Risk,Department = Production; training investment; low performance rating,Maintain current engagement practices; no immediate action needed.
2068,Sidney,Lewis,Production Technician II,Production,PL,Contract,Female,5.14,64.0,3,4,5,Fully Meets,3,0.2586548856226883,Low Risk,Department = Production; low performance rating; experience level,Maintain current engagement practices; no immediate action needed.
1436,Brent,Dominguez,Production Technician I,Production,TNS,Full-Time,Male,3.74,37.0,2,1,2,Needs Improvement,3,0.25864238104487886,Low Risk,Department = Production; low performance rating; MaritalStatus = Married,Maintain current engagement practices; no immediate action needed.
3209,Daniel,Davis,Production Technician II,Production,PL,Contract,Male,5.25,43.0,3,3,1,Fully Meets,5,0.25856756606132253,Low Risk,Department = Production; training investment; poor work-life balance,Maintain current engagement practices; no immediate action needed.
2699,Cannon,Gray,Area Sales Manager,Sales,PL,Contract,Female,2.97,41.0,1,1,5,Fully Meets,5,0.2584835815616197,Low Risk,Gender = Female; age; low performance rating,Maintain current engagement practices; no immediate action needed.
2952,Bridger,Alvarado,Production Technician II,Production,PYZ,Contract,Female,7.06,74.0,3,5,2,Fully Meets,4,0.2584800192127996,Low Risk,Department = Production; training investment; low performance rating,Maintain current engagement practices; no immediate action needed.
1458,Brennan,Jefferson,Production Technician I,Production,TNS,Full-Time,Female,5.52,32.0,2,2,4,Exceeds,3,0.258464454006736,Low Risk,Department = Production; desired salary at hire; Gender = Female,Maintain current engagement practices; no immediate action needed.
3793,Roselyn,Roberts,Production Technician I,Production,PL,Full-Time,Male,7.27,75.0,3,2,3,Fully Meets,3,0.2582305862281764,Low Risk,Department = Production; low performance rating; PayZone = Zone B,Maintain current engagement practices; no immediate action needed.
3050,Harmony,Pruitt,Production Technician II,Production,PL,Contract,Female,6.46,56.0,3,1,4,Fully Meets,4,0.2582004162907269,Low Risk,Department = Production; low performance rating; Race = White,Maintain current engagement practices; no immediate action needed.
3231,Carley,Irwin,Production Technician I,Production,PL,Full-Time,Female,5.17,29.0,3,5,3,Exceeds,2,0.25817796320742414,Low Risk,Department = Production; JobFunctionDescription = Shop; Gender = Female,Maintain current engagement practices; no immediate action needed.
1490,Joanna,Arias,Production Technician I,Production,MSC,Contract,Female,6.95,56.0,3,2,4,Needs Improvement,3,0.2579183506041855,Low Risk,Department = Production; low performance rating; Race = White,Maintain current engagement practices; no immediate action needed.
3577,Miguel,Estremera,Production Technician I,Production,BPC,Part-Time,Male,6.86,69.0,4,5,5,Fully Meets,4,0.25780772107165084,Low Risk,Department = Production; BusinessUnit = BPC; low performance rating,Maintain current engagement practices; no immediate action needed.
1276,Lucas,Good,Production Technician II,Production,EW,Full-Time,Female,6.58,48.0,4,1,5,Fully Meets,3,0.257749099213209,Low Risk,Department = Production; Gender = Female; low performance rating,Maintain current engagement practices; no immediate action needed.
1687,Mylee,Snow,Area Sales Manager,IT/IS,EW,Part-Time,Male,3.67,59.0,4,3,5,Fully Meets,3,0.25767999436507905,Low Risk,low performance rating; low satisfaction score; Employee = Part-Time,Maintain current engagement practices; no immediate action needed.
2109,Zain,Tanner,Production Technician I,Production,BPC,Part-Time,Female,5.42,38.0,3,3,5,Exceeds,5,0.2575618032297467,Low Risk,Department = Production; low performance rating; Division = Field Operations,Maintain current engagement practices; no immediate action needed.
3143,Morgan,Elliott,Production Technician I,Production,SVG,Full-Time,Female,7.82,79.0,4,1,1,Fully Meets,2,0.2575479123260318,Low Risk,Department = Production; training investment; Gender = Female,Maintain current engagement practices; no immediate action needed.
3337,Jorge,Pineda,Production Technician I,Production,WBL,Full-Time,Female,3.92,53.0,5,5,2,Fully Meets,3,0.2574909410102614,Low Risk,Department = Production; low performance rating; education level,Maintain current engagement practices; no immediate action needed.
2991,Skyler,Drake,Production Technician I,Production,WBL,Contract,Female,6.37,27.0,5,5,3,Exceeds,2,0.2574348488269765,Low Risk,Department = Production; Gender = Female; low satisfaction score,Maintain current engagement practices; no immediate action needed.
3339,Alyson,Hickman,Production Technician I,Production,PL,Part-Time,Male,4.93,75.0,1,1,3,Fully Meets,5,0.2574234637872419,Low Risk,Department = Production; low performance rating; low engagement,Maintain current engagement practices; no immediate action needed.
1840,Jenna,Casey,Production Technician I,Production,WBL,Full-Time,Female,5.54,57.0,1,5,4,Exceeds,3,0.25708975373536497,Low Risk,Department = Production; low performance rating; education level,Maintain current engagement practices; no immediate action needed.
2822,Barrett,Sosa,Production Technician I,Production,BPC,Part-Time,Female,6.9,67.0,3,2,3,Fully Meets,4,0.2570856341457767,Low Risk,Department = Production; BusinessUnit = BPC; Race = White,Maintain current engagement practices; no immediate action needed.
1181,Nevaeh,Davila,Production Technician I,Production,TNS,Full-Time,Male,5.12,33.0,5,5,4,Fully Meets,3,0.25708334358893675,Low Risk,Department = Production; low performance rating; low satisfaction score,Maintain current engagement practices; no immediate action needed.
1975,Hunter,Cannon,Production Technician I,Production,SVG,Contract,Female,7.28,85.0,4,4,3,Fully Meets,3,0.256976694895679,Low Risk,Department = Production; desired salary at hire; low performance rating,Maintain current engagement practices; no immediate action needed.
1130,Erik,Padilla,Production Technician I,Production,SVG,Contract,Female,5.59,29.0,5,1,4,Fully Meets,3,0.2569695831295648,Low Risk,Department = Production; low performance rating; desired salary at hire,Maintain current engagement practices; no immediate action needed.
1541,Johan,Sosa,Production Technician I,Production,CCDR,Part-Time,Female,5.52,54.0,4,1,1,Fully Meets,3,0.2569020788189254,Low Risk,Department = Production; low performance rating; Gender = Female,Maintain current engagement practices; no immediate action needed.
1984,Laura,Gutierrez,Production Technician I,Production,CCDR,Full-Time,Female,6.09,78.0,2,5,2,Fully Meets,3,0.25688304305503773,Low Risk,Department = Production; low performance rating; desired salary at hire,Maintain current engagement practices; no immediate action needed.
2006,Samson,Meza,Production Technician I,Production,NEL,Contract,Male,4.85,53.0,5,5,2,Fully Meets,3,0.25683386690611393,Low Risk,Department = Production; low performance rating; BusinessUnit = NEL,Maintain current engagement practices; no immediate action needed.
3338,Aspen,Underwood,Production Technician I,Production,NEL,Contract,Female,6.69,76.0,2,3,4,Fully Meets,3,0.2567668183624998,Low Risk,Department = Production; low performance rating; desired salary at hire,Maintain current engagement practices; no immediate action needed.
1871,Lindsay,Becker,Production Technician I,Production,NEL,Contract,Female,4.92,30.0,4,1,3,Fully Meets,3,0.25657354404790883,Low Risk,Department = Production; low performance rating; low satisfaction score,Maintain current engagement practices; no immediate action needed.
2767,Colleen,Volk,Production Technician I,Production,BPC,Full-Time,Female,4.23,78.0,3,3,4,Fully Meets,2,0.2564343532597477,Low Risk,Department = Production; BusinessUnit = BPC; PayZone = Zone A,Maintain current engagement practices; no immediate action needed.
1891,William,Douglas,Production Technician I,Production,NEL,Full-Time,Female,6.34,80.0,5,2,2,Fully Meets,3,0.2561412523494992,Low Risk,Department = Production; low performance rating; BusinessUnit = NEL,Maintain current engagement practices; no immediate action needed.
3309,Lillie,Potter,Production Technician I,Production,CCDR,Part-Time,Female,5.77,26.0,3,2,5,Fully Meets,1,0.2560818058477899,Low Risk,Department = Production; Gender = Female; Division = Finance & Accounting,Maintain current engagement practices; no immediate action needed.
2974,Kayla,Peterson,Production Technician I,Production,SVG,Full-Time,Female,3.72,81.0,5,4,4,Fully Meets,5,0.2560321306827576,Low Risk,Department = Production; desired salary at hire; training investment,Maintain current engagement practices; no immediate action needed.
2328,Kadyn,Herring,Network Engineer,Production,MSC,Full-Time,Male,7.36,46.0,4,1,3,Fully Meets,4,0.25597696354214344,Low Risk,Department = Production; low performance rating; experience level,Maintain current engagement practices; no immediate action needed.
2902,Siena,Meadows,Production Technician I,Production,WBL,Part-Time,Female,5.55,65.0,4,5,3,Fully Meets,1,0.2558658917337222,Low Risk,Department = Production; low satisfaction score; Gender = Female,Maintain current engagement practices; no immediate action needed.
3041,Rey,Morton,Production Technician I,Production,SVG,Contract,Female,6.1,26.0,5,5,4,Fully Meets,2,0.2557834274222993,Low Risk,Department = Production; Gender = Female; Race = White,Maintain current engagement practices; no immediate action needed.
3142,Ingrid,Wilkins,Production Technician I,Production,CCDR,Full-Time,Female,5.45,77.0,5,4,1,Fully Meets,4,0.2557690828324957,Low Risk,Department = Production; low performance rating; low satisfaction score,Maintain current engagement practices; no immediate action needed.
2643,Katelyn,Brown,Area Sales Manager,Sales,EW,Full-Time,Male,0.49,60.0,3,4,5,Fully Meets,5,0.2556444327283291,Low Risk,short tenure; low performance rating; PayZone = Zone A,Maintain current engagement practices; no immediate action needed.
1319,Tyrone,Steans,Accountant I,Admin Offices,EW,Part-Time,Male,3.31,62.0,2,4,5,Fully Meets,3,0.25557553032603847,Low Risk,low performance rating; experience level; desired salary at hire,Maintain current engagement practices; no immediate action needed.
2782,Paola,Macdonald,Production Technician I,Production,CCDR,Full-Time,Female,7.32,39.0,5,3,3,Fully Meets,2,0.25556658800946586,Low Risk,Department = Production; Employee = Full-Time; Gender = Female,Maintain current engagement practices; no immediate action needed.
2294,Ariana,Strickland,Production Manager,Production,PYZ,Contract,Male,5.79,51.0,4,4,4,Fully Meets,4,0.2555600631769167,Low Risk,Department = Production; training investment; low performance rating,Maintain current engagement practices; no immediate action needed.
1443,Armani,Crawford,Production Technician I,Production,SVG,Contract,Female,6.98,66.0,2,5,3,Needs Improvement,3,0.25548754980198435,Low Risk,Department = Production; low performance rating; Race = White,Maintain current engagement practices; no immediate action needed.
2199,Lilly,Haynes,Production Technician I,Production,MSC,Full-Time,Female,6.15,49.0,3,4,4,Exceeds,4,0.2554823023548085,Low Risk,Department = Production; low performance rating; Employee = Full-Time,Maintain current engagement practices; no immediate action needed.
1141,Cade,Cox,Production Technician I,Production,WBL,Contract,Female,4.97,85.0,5,5,2,Fully Meets,3,0.2554769083362661,Low Risk,Department = Production; low performance rating; low satisfaction score,Maintain current engagement practices; no immediate action needed.
1535,Amari,Christian,Production Technician II,Production,SVG,Contract,Female,5.22,26.0,2,4,1,Fully Meets,3,0.25547324694127,Low Risk,Department = Production; low performance rating; Gender = Female,Maintain current engagement practices; no immediate action needed.
2336,Walter,Dominguez,Production Manager,Production,CCDR,Contract,Female,6.8,42.0,1,5,5,Fully Meets,4,0.2554323393551239,Low Risk,Department = Production; training investment; low performance rating,Maintain current engagement practices; no immediate action needed.
2883,Slade,Lynn,Production Technician II,Production,CCDR,Part-Time,Male,7.4,66.0,3,4,4,Fully Meets,4,0.2554141765688684,Low Risk,Department = Production; low performance rating; Employee = Part-Time,Maintain current engagement practices; no immediate action needed.
2017,Shaniya,Wolfe,Production Technician II,Production,PL,Full-Time,Female,6.65,55.0,5,2,4,Fully Meets,3,0.25538554369437,Low Risk,Department = Production; low performance rating; desired salary at hire,Maintain current engagement practices; no immediate action needed.
1910,Adrian,Murray,Production Technician I,Production,PYZ,Full-Time,Female,7.55,84.0,4,1,1,Fully Meets,3,0.25530216790971555,Low Risk,Department = Production; low performance rating; desired salary at hire,Maintain current engagement practices; no immediate action needed.
3665,Dalton,Bowen,Production Technician I,Production,SVG,Full-Time,Male,6.67,41.0,2,5,1,Fully Meets,3,0.255300429668163,Low Risk,Department = Production; low performance rating; MaritalStatus = Married,Maintain current engagement practices; no immediate action needed.
1127,Axel,Hart,Production Technician II,Production,PL,Full-Time,Male,7.41,25.0,1,5,3,Fully Meets,3,0.25510093119099697,Low Risk,Department = Production; low performance rating; Race = White,Maintain current engagement practices; no immediate action needed.
1341,Amiyah,Sims,Software Engineering Manager,Software Engineering,CCDR,Part-Time,Female,4.73,47.0,3,1,4,Fully Meets,3,0.25508526525725306,Low Risk,low performance rating; JobFunctionDescription = Engineer; age,Maintain current engagement practices; no immediate action needed.
1345,Seth,Alvarez,Sr. Network Engineer,Admin Offices,PYZ,Full-Time,Male,3.49,48.0,4,2,4,Fully Meets,3,0.2550671785451774,Low Risk,low performance rating; age; low satisfaction score,Maintain current engagement practices; no immediate action needed.
3498,Joel,Mcmillan,Area Sales Manager,Sales,PYZ,Full-Time,Female,0.16,28.0,3,3,4,Fully Meets,2,0.2549317504516867,Low Risk,short tenure; Gender = Female; PayZone = Zone A,Maintain current engagement practices; no immediate action needed.
3623,Jocelyn,Kline,Production Technician II,Production,EW,Part-Time,Female,7.45,68.0,2,2,5,Fully Meets,3,0.25492262108491176,Low Risk,Department = Production; low performance rating; Employee = Part-Time,Maintain current engagement practices; no immediate action needed.
3423,Adyson,Strickland,Production Technician I,Production,SVG,Part-Time,Male,5.57,25.0,5,4,3,Fully Meets,3,0.2548935636674326,Low Risk,Department = Production; low performance rating; low satisfaction score,Maintain current engagement practices; no immediate action needed.
1164,Justice,Pineda,Production Manager,Production,PL,Part-Time,Female,7.35,76.0,5,5,5,Fully Meets,3,0.2547831332484325,Low Risk,Department = Production; low performance rating; desired salary at hire,Maintain current engagement practices; no immediate action needed.
3709,Jacey,Reyes,Production Technician I,Production,PYZ,Full-Time,Male,4.2,57.0,5,3,3,Exceeds,5,0.2547760445608276,Low Risk,Department = Production; low performance rating; training investment,Maintain current engagement practices; no immediate action needed.
2452,Fabian,Mullins,Production Manager,Production,BPC,Full-Time,Male,3.78,54.0,3,3,1,Fully Meets,2,0.2546967855213986,Low Risk,Department = Production; training investment; poor work-life balance,Maintain current engagement practices; no immediate action needed.
2309,Alexa,Mercer,Data Analyst,Production,CCDR,Part-Time,Male,7.14,35.0,5,2,5,Fully Meets,2,0.25467964671356214,Low Risk,Department = Production; training investment; education level,Maintain current engagement practices; no immediate action needed.
2604,Saniyah,Cantu,Area Sales Manager,Sales,PL,Contract,Male,1.44,39.0,1,1,2,Fully Meets,5,0.25467840613747134,Low Risk,short tenure; training investment; low engagement,Maintain current engagement practices; no immediate action needed.
2083,Edith,Richard,Production Technician I,Production,EW,Contract,Female,6.29,45.0,2,2,4,Fully Meets,3,0.2546693502616532,Low Risk,Department = Production; low performance rating; Gender = Female,Maintain current engagement practices; no immediate action needed.
3269,Caiden,Hogan,Production Technician I,Production,MSC,Full-Time,Male,5.1,26.0,5,1,2,Fully Meets,1,0.25440191734908246,Low Risk,Department = Production; training investment; desired salary at hire,Maintain current engagement practices; no immediate action needed.
3025,Kyan,Miranda,Production Technician II,Production,CCDR,Contract,Female,4.18,27.0,4,3,5,Fully Meets,1,0.254269954264195,Low Risk,Department = Production; Gender = Female; training investment,Maintain current engagement practices; no immediate action needed.
1505,Moises,Brock,Production Technician I,Production,WBL,Full-Time,Female,6.49,84.0,5,2,4,Exceeds,3,0.2540555015274187,Low Risk,Department = Production; training investment; low performance rating,Maintain current engagement practices; no immediate action needed.
2470,Cesar,Hunter,Production Manager,Production,BPC,Full-Time,Male,5.46,38.0,5,5,2,Fully Meets,5,0.25380093772710266,Low Risk,Department = Production; low performance rating; Employee = Full-Time,Maintain current engagement practices; no immediate action needed.
3410,Laci,Klein,Production Technician II,Production,BPC,Contract,Male,7.6,46.0,3,4,4,Fully Meets,3,0.2537923661365932,Low Risk,Department = Production; BusinessUnit = BPC; low performance rating,Maintain current engagement practices; no immediate action needed.
1115,Marcus,Bender,Production Technician I,Production,PYZ,Contract,Male,7.34,29.0,1,4,3,Fully Meets,3,0.25362017938750175,Low Risk,Department = Production; low performance rating; education level,Maintain current engagement practices; no immediate action needed.
3357,Sidney,Hooper,Production Technician I,Production,SVG,Full-Time,Male,3.9,84.0,3,3,1,Exceeds,1,0.2535615472756371,Low Risk,Department = Production; PayZone = Zone B; Employee = Full-Time,Maintain current engagement practices; no immediate action needed.
3513,Damaris,Cisneros,Area Sales Manager,Sales,PL,Contract,Male,0.72,67.0,1,4,3,Fully Meets,5,0.25328374089799743,Low Risk,short tenure; low performance rating; MaritalStatus = Married,Maintain current engagement practices; no immediate action needed.
2337,Hallie,Macias,Production Manager,Production,SVG,Full-Time,Male,5.28,37.0,4,1,3,Fully Meets,4,0.2532706489463888,Low Risk,Department = Production; JobFunctionDescription = Engineer; low performance rating,Maintain current engagement practices; no immediate action needed.
1303,Estrella,Benitez,Production Technician I,Production,PYZ,Contract,Female,6.2,69.0,3,5,5,Fully Meets,3,0.25313729731672346,Low Risk,Department = Production; Division = Finance & Accounting; low performance rating,Maintain current engagement practices; no immediate action needed.
3692,Zayne,Hunter,Production Technician I,Production,PYZ,Full-Time,Male,6.7,47.0,5,4,3,Needs Improvement,3,0.25296071355326893,Low Risk,Department = Production; low performance rating; Employee = Full-Time,Maintain current engagement practices; no immediate action needed.
3416,Aron,Waters,Production Technician I,Production,BPC,Full-Time,Male,5.81,34.0,2,1,1,Fully Meets,2,0.2528674414889418,Low Risk,Department = Production; training investment; desired salary at hire,Maintain current engagement practices; no immediate action needed.
1584,Myles,Jensen,Production Technician I,Production,PL,Contract,Female,6.29,83.0,1,4,4,Fully Meets,3,0.25280884147352084,Low Risk,Department = Production; low performance rating; Gender = Female,Maintain current engagement practices; no immediate action needed.
1917,Megan,Huang,Production Technician I,Production,EW,Contract,Female,7.16,66.0,2,5,3,Fully Meets,3,0.2527843704052196,Low Risk,Department = Production; low performance rating; JobFunctionDescription = Engineer,Maintain current engagement practices; no immediate action needed.
2029,Marilyn,Moss,Production Technician I,Production,TNS,Contract,Female,6.88,83.0,5,2,1,Fully Meets,3,0.25273871226197786,Low Risk,Department = Production; low performance rating; training investment,Maintain current engagement practices; no immediate action needed.
1114,Justus,Bowen,Production Technician I,Production,PL,Full-Time,Female,6.32,66.0,3,1,3,Fully Meets,3,0.2527347815349856,Low Risk,Department = Production; low performance rating; desired salary at hire,Maintain current engagement practices; no immediate action needed.
3656,Francesca,Mcmahon,Production Technician I,Production,TNS,Part-Time,Male,6.61,25.0,3,5,2,Exceeds,5,0.25255393433311424,Low Risk,Department = Production; low performance rating; experience level,Maintain current engagement practices; no immediate action needed.
3194,Alessandro,Sawyer,Production Technician I,Production,MSC,Contract,Female,5.34,31.0,5,2,5,Fully Meets,1,0.2525352279521419,Low Risk,Department = Production; desired salary at hire; PayZone = Zone B,Maintain current engagement practices; no immediate action needed.
1936,Ronald,Gross,Production Technician II,Sales,BPC,Full-Time,Female,3.48,35.0,3,3,5,Fully Meets,3,0.25247241100716256,Low Risk,low performance rating; Gender = Female; training investment,Maintain current engagement practices; no immediate action needed.
3549,Ryan,Lynch,Area Sales Manager,Sales,TNS,Full-Time,Female,2.01,71.0,4,1,1,Fully Meets,2,0.2523257447777087,Low Risk,short tenure; Gender = Female; low satisfaction score,Maintain current engagement practices; no immediate action needed.
1230,Joslyn,Patel,Production Technician I,Production,CCDR,Contract,Female,4.39,52.0,4,5,4,Fully Meets,3,0.2521504764944904,Low Risk,Department = Production; low performance rating; Gender = Female,Maintain current engagement practices; no immediate action needed.
2977,Benjamin,Burkett,Production Technician II,Production,NEL,Part-Time,Male,5.91,39.0,4,2,3,Fully Meets,2,0.25205147186390725,Low Risk,Department = Production; BusinessUnit = NEL; low engagement,Maintain current engagement practices; no immediate action needed.
1749,Kaeden,Gonzales,Production Technician I,Production,PYZ,Contract,Female,5.66,62.0,4,1,5,Fully Meets,3,0.25202893965917145,Low Risk,Department = Production; low performance rating; low satisfaction score,Maintain current engagement practices; no immediate action needed.
1469,Juliet,Bautista,Production Technician I,Production,WBL,Full-Time,Female,4.85,50.0,2,4,4,Exceeds,3,0.251951896587102,Low Risk,Department = Production; low performance rating; Division = Field Operations,Maintain current engagement practices; no immediate action needed.
1807,Jeramiah,Schwartz,Production Technician I,Production,SVG,Contract,Female,6.89,47.0,4,1,4,Fully Meets,3,0.25192815470526275,Low Risk,Department = Production; low performance rating; Race = White,Maintain current engagement practices; no immediate action needed.
1391,Taylor,Sparks,Production Technician I,Production,MSC,Contract,Female,6.31,85.0,1,4,1,Needs Improvement,3,0.25187409976544417,Low Risk,Department = Production; low performance rating; desired salary at hire,Maintain current engagement practices; no immediate action needed.
1793,Linda,Barajas,Production Technician I,Production,BPC,Full-Time,Female,4.11,81.0,1,1,2,Fully Meets,3,0.25178824602904837,Low Risk,Department = Production; low performance rating; BusinessUnit = BPC,Maintain current engagement practices; no immediate action needed.
1332,Marshall,Sellers,Sr. Network Engineer,Admin Offices,PYZ,Contract,Male,2.98,80.0,2,1,5,Fully Meets,3,0.25176525169135355,Low Risk,low performance rating; training investment; low engagement,Maintain current engagement practices; no immediate action needed.
3154,Donavan,Kennedy,Production Technician I,Production,EW,Full-Time,Female,7.42,77.0,3,1,5,Fully Meets,2,0.2517194635706409,Low Risk,Department = Production; JobFunctionDescription = Engineer; PayZone = Zone B,Maintain current engagement practices; no immediate action needed.
3388,Zoie,Logan,Production Technician II,Production,PL,Part-Time,Male,7.27,36.0,1,3,3,Fully Meets,1,0.25170751219423043,Low Risk,Department = Production; training investment; desired salary at hire,Maintain current engagement practices; no immediate action needed.
2739,Gabriel,Swanson,Area Sales Manager,Sales,EW,Contract,Male,0.77,82.0,2,1,5,Fully Meets,4,0.2516407864096929,Low Risk,short tenure; low performance rating; low engagement,Maintain current engagement practices; no immediate action needed.
1100,Horia,Ndzi,Production Technician I,Production,EW,Full-Time,Male,6.3,62.0,4,1,5,Fully Meets,3,0.2515747180214335,Low Risk,Department = Production; low performance rating; Race = White,Maintain current engagement practices; no immediate action needed.
3628,Peyton,Barber,Production Technician II,Production,NEL,Contract,Female,5.85,80.0,3,4,1,Fully Meets,3,0.251479604430135,Low Risk,Department = Production; low performance rating; BusinessUnit = NEL,Maintain current engagement practices; no immediate action needed.
1402,Linda,Bachiochi,Production Technician I,Production,MSC,Full-Time,Female,4.87,38.0,4,2,4,Exceeds,3,0.2514436696517158,Low Risk,Department = Production; low satisfaction score; low performance rating,Maintain current engagement practices; no immediate action needed.
2738,Kaeden,Branch,Area Sales Manager,Sales,SVG,Full-Time,Male,0.13,69.0,3,4,1,Fully Meets,5,0.2514257586452328,Low Risk,short tenure; low performance rating; Employee = Full-Time,Maintain current engagement practices; no immediate action needed.
2852,Eden,Levy,Production Technician I,Production,NEL,Part-Time,Male,4.64,80.0,1,2,2,Fully Meets,1,0.2514084894468585,Low Risk,Department = Production; BusinessUnit = NEL; Race = Other,Maintain current engagement practices; no immediate action needed.
2866,Jadon,Mata,Production Technician II,Production,BPC,Part-Time,Female,4.69,75.0,3,3,2,Fully Meets,2,0.2513337403338895,Low Risk,Department = Production; BusinessUnit = BPC; Gender = Female,Maintain current engagement practices; no immediate action needed.
2378,Leticia,Parks,Production Manager,Production,EW,Part-Time,Female,6.34,82.0,5,2,3,Fully Meets,2,0.2513183355400311,Low Risk,Department = Production; Gender = Female; MaritalStatus = Married,Maintain current engagement practices; no immediate action needed.
2115,Nikhil,Cummings,Production Technician II,Production,PL,Contract,Female,4.07,48.0,2,5,1,Exceeds,2,0.2512742915568388,Low Risk,Department = Production; training investment; age,Maintain current engagement practices; no immediate action needed.
1449,Tara,Alvarado,Production Technician II,Production,PL,Part-Time,Male,3.69,61.0,2,4,2,Needs Improvement,3,0.25108719499327975,Low Risk,Department = Production; low performance rating; training investment,Maintain current engagement practices; no immediate action needed.
3563,Nore,Sadki,Production Technician I,Production,WBL,Contract,Male,7.56,80.0,1,4,3,PIP,4,0.2510329615531017,Low Risk,Department = Production; low performance rating; JobFunctionDescription = Driver,Maintain current engagement practices; no immediate action needed.
2619,Carlo,Giles,Area Sales Manager,Sales,WBL,Contract,Male,1.65,80.0,2,1,1,Fully Meets,5,0.2510053809241533,Low Risk,short tenure; low performance rating; low engagement,Maintain current engagement practices; no immediate action needed.
3295,Emmanuel,Perkins,Production Technician I,Production,PL,Part-Time,Female,7.15,72.0,2,1,1,Fully Meets,5,0.25092490842038223,Low Risk,Department = Production; training investment; low performance rating,Maintain current engagement practices; no immediate action needed.
1884,Sophie,Horne,Production Technician I,Production,PL,Part-Time,Female,7.36,26.0,3,1,3,Fully Meets,3,0.25091047514819304,Low Risk,Department = Production; low performance rating; MaritalStatus = Married,Maintain current engagement practices; no immediate action needed.
1701,Corey,Hurst,Senior BI Developer,IT/IS,CCDR,Contract,Male,3.46,72.0,3,5,2,Fully Meets,3,0.2508565881836484,Low Risk,low performance rating; poor work-life balance; EmployeeClassification = Full-Time,Maintain current engagement practices; no immediate action needed.
3384,Dennis,Hays,Production Technician I,Production,WBL,Full-Time,Female,7.39,35.0,1,2,2,Fully Meets,3,0.2508298958955501,Low Risk,Department = Production; low performance rating; Employee = Full-Time,Maintain current engagement practices; no immediate action needed.
1250,Jerimiah,Jackson,Production Technician I,Production,BPC,Contract,Female,7.89,36.0,5,4,1,Fully Meets,3,0.2508124648794667,Low Risk,Department = Production; low performance rating; Gender = Female,Maintain current engagement practices; no immediate action needed.
1411,Makenna,Rojas,Production Technician I,Production,EW,Part-Time,Female,7.07,46.0,4,5,5,Exceeds,3,0.2506823690893077,Low Risk,Department = Production; low performance rating; Gender = Female,Maintain current engagement practices; no immediate action needed.
2406,Nickolas,Stephens,Network Engineer,Production,EW,Part-Time,Male,7.7,55.0,4,1,4,Fully Meets,1,0.25056205961531336,Low Risk,Department = Production; training investment; low satisfaction score,Maintain current engagement practices; no immediate action needed.
3256,Coleman,Huffman,Production Technician I,Production,SVG,Part-Time,Male,7.5,72.0,1,4,4,Fully Meets,5,0.250560363422629,Low Risk,Department = Production; training investment; low performance rating,Maintain current engagement practices; no immediate action needed.
2704,Isla,Mcdaniel,Area Sales Manager,Sales,EW,Part-Time,Male,2.39,28.0,4,2,4,Fully Meets,4,0.2504035957735993,Low Risk,short tenure; low satisfaction score; low performance rating,Maintain current engagement practices; no immediate action needed.
3645,Madyson,Rhodes,Production Technician I,Production,WBL,Part-Time,Male,7.01,49.0,3,1,3,Fully Meets,3,0.2503842476773292,Low Risk,Department = Production; low performance rating; training investment,Maintain current engagement practices; no immediate action needed.
2685,Meadow,Reed,Administrative Assistant,Sales,CCDR,Full-Time,Female,0.34,62.0,1,3,1,Fully Meets,2,0.2503824558982194,Low Risk,short tenure; Gender = Female; experience level,Maintain current engagement practices; no immediate action needed.
2798,Adam,Ingram,Production Technician I,Production,BPC,Contract,Male,6.3,57.0,4,3,2,Fully Meets,2,0.2503448241393247,Low Risk,Department = Production; BusinessUnit = BPC; low satisfaction score,Maintain current engagement practices; no immediate action needed.
3799,Sophie,Zavala,Production Technician I,Production,TNS,Full-Time,Male,3.78,62.0,1,3,3,Exceeds,3,0.25005946476446284,Low Risk,Department = Production; low performance rating; desired salary at hire,Maintain current engagement practices; no immediate action needed.
2695,Isis,Ortega,Area Sales Manager,Sales,TNS,Full-Time,Male,1.25,66.0,2,5,3,Fully Meets,2,0.25000544832311955,Low Risk,short tenure; Employee = Full-Time; PayZone = Zone A,Maintain current engagement practices; no immediate action needed.
1844,Camryn,Fritz,Production Technician I,Production,CCDR,Part-Time,Female,6.87,62.0,1,2,4,Exceeds,3,0.24987266190229965,Low Risk,Department = Production; low performance rating; JobFunctionDescription = Model Assistant,Maintain current engagement practices; no immediate action needed.
1140,Kirsten,Vance,Production Technician I,Production,PYZ,Part-Time,Female,4.82,38.0,3,5,2,Fully Meets,3,0.2497946792342097,Low Risk,Department = Production; low performance rating; Gender = Female,Maintain current engagement practices; no immediate action needed.
1090,Taylor,Gamble,Shared Services Manager,Software Engineering,CCDR,Part-Time,Female,3.56,61.0,3,4,4,Fully Meets,3,0.24976077017088022,Low Risk,low performance rating; education level; low performance score,Maintain current engagement practices; no immediate action needed.
2439,Cordell,Vazquez,Production Manager,Production,BPC,Contract,Female,4.93,82.0,3,4,5,Fully Meets,5,0.24969331354144492,Low Risk,Department = Production; low performance rating; BusinessUnit = BPC,Maintain current engagement practices; no immediate action needed.
3762,Gavyn,Riggs,Production Technician II,Production,SVG,Part-Time,Female,6.02,77.0,1,2,1,Fully Meets,2,0.2496399360869087,Low Risk,Department = Production; JobFunctionDescription = Engineer; PayZone = Zone B,Maintain current engagement practices; no immediate action needed.
3633,Emma,Ware,Production Technician I,Production,BPC,Contract,Female,4.35,39.0,4,4,4,Fully Meets,5,0.2496074928833483,Low Risk,Department = Production; Gender = Female; low performance rating,Maintain current engagement practices; no immediate action needed.
2385,Sawyer,Little,Production Manager,Production,BPC,Contract,Female,6.29,73.0,1,2,3,Fully Meets,2,0.2495340919652441,Low Risk,Department = Production; BusinessUnit = BPC; Gender = Female,Maintain current engagement practices; no immediate action needed.
1489,Zoie,Mercado,Production Technician I,Production,EW,Contract,Female,5.65,82.0,5,3,2,Fully Meets,3,0.24948422494240774,Low Risk,Department = Production; low performance rating; Gender = Female,Maintain current engagement practices; no immediate action needed.
2868,Lisa,Griffin,Production Technician I,Production,TNS,Full-Time,Male,4.07,80.0,4,3,1,Fully Meets,5,0.24944548963298072,Low Risk,Department = Production; low satisfaction score; PayZone = Zone A,Maintain current engagement practices; no immediate action needed.
1191,Kaitlynn,Herman,Production Technician II,Production,BPC,Full-Time,Female,6.67,48.0,4,4,4,Fully Meets,3,0.24935181697745776,Low Risk,Department = Production; BusinessUnit = BPC; low performance rating,Maintain current engagement practices; no immediate action needed.
3045,Kamron,Goodwin,Production Technician I,Production,PYZ,Full-Time,Male,6.91,58.0,4,5,1,Exceeds,2,0.2493464473591196,Low Risk,Department = Production; training investment; JobFunctionDescription = Engineer,Maintain current engagement practices; no immediate action needed.
1600,Devon,Daniels,Production Technician II,Production,CCDR,Contract,Female,7.72,33.0,3,5,2,Exceeds,3,0.24932992441616714,Low Risk,Department = Production; low performance rating; education level,Maintain current engagement practices; no immediate action needed.
2038,Weston,Rios,Production Technician I,Production,MSC,Part-Time,Female,7.9,25.0,3,5,2,Fully Meets,3,0.24931340013382466,Low Risk,Department = Production; low performance rating; MaritalStatus = Married,Maintain current engagement practices; no immediate action needed.
3630,Stephanie,Briggs,Production Technician I,Production,MSC,Contract,Male,7.42,61.0,3,5,2,Fully Meets,5,0.24927252380175915,Low Risk,Department = Production; low performance rating; training investment,Maintain current engagement practices; no immediate action needed.
3109,Samara,Roberson,Production Technician I,Production,CCDR,Full-Time,Female,7.76,27.0,2,1,1,PIP,2,0.24914165970416197,Low Risk,Department = Production; Race = White; MaritalStatus = Married,Maintain current engagement practices; no immediate action needed.
1905,Sonia,Chung,Production Technician I,Production,CCDR,Part-Time,Female,4.3,54.0,2,5,1,Fully Meets,3,0.24910430391635047,Low Risk,Department = Production; low performance rating; Employee = Part-Time,Maintain current engagement practices; no immediate action needed.
2912,Conor,Petty,Production Technician I,Production,PYZ,Full-Time,Male,4.24,64.0,5,3,3,Needs Improvement,4,0.2490313537528979,Low Risk,Department = Production; low performance rating; JobFunctionDescription = Field Project Manager,Maintain current engagement practices; no immediate action needed.
1986,Sage,Mercer,Production Technician I,Production,EW,Contract,Female,3.95,77.0,4,1,2,Fully Meets,3,0.24898002789716325,Low Risk,Department = Production; low performance rating; low engagement,Maintain current engagement practices; no immediate action needed.
2510,Ronald,Lamb,Software Engineer,Software Engineering,MSC,Contract,Male,3.25,38.0,2,2,2,Fully Meets,1,0.24867727461193218,Low Risk,Department = Software Engineering; poor work-life balance; experience level,Maintain current engagement practices; no immediate action needed.
2917,Janiah,Ball,Production Technician I,Production,CCDR,Contract,Male,6.47,35.0,4,1,5,Exceeds,4,0.24867027385789095,Low Risk,Department = Production; low performance rating; low satisfaction score,Maintain current engagement practices; no immediate action needed.
3214,Morissa,Power,Production Technician I,Production,PYZ,Part-Time,Female,7.03,54.0,1,3,2,Fully Meets,2,0.24858941419050906,Low Risk,Department = Production; Gender = Female; experience level,Maintain current engagement practices; no immediate action needed.
2355,Karter,Perry,Data Analyst,IT/IS,WBL,Contract,Male,0.08,84.0,1,1,4,Fully Meets,1,0.24852709833804662,Low Risk,short tenure; low performance score,Maintain current engagement practices; no immediate action needed.
2957,Destiney,Barry,Production Technician I,Production,NEL,Part-Time,Male,5.46,67.0,3,1,4,Fully Meets,1,0.24852060993722339,Low Risk,Department = Production; BusinessUnit = NEL; PayZone = Zone B,Maintain current engagement practices; no immediate action needed.
2036,Joey,Montes,Production Technician I,Production,SVG,Contract,Female,4.08,84.0,3,4,4,Fully Meets,3,0.24844352897649224,Low Risk,Department = Production; low performance rating; PayZone = Zone A,Maintain current engagement practices; no immediate action needed.
3001,Trent,Sandoval,Production Technician I,Production,WBL,Full-Time,Male,4.21,84.0,4,5,3,Fully Meets,5,0.2483548819328241,Low Risk,Department = Production; training investment; low satisfaction score,Maintain current engagement practices; no immediate action needed.
3128,Laci,Frederick,Production Technician I,Production,PL,Part-Time,Female,7.53,52.0,5,3,4,Fully Meets,2,0.24833734709250369,Low Risk,Department = Production; Gender = Female; Division = Field Operations,Maintain current engagement practices; no immediate action needed.
3266,Max,Mahoney,Production Technician I,Production,CCDR,Contract,Female,6.0,30.0,2,1,3,Fully Meets,2,0.248166402005026,Low Risk,Department = Production; Gender = Female; desired salary at hire,Maintain current engagement practices; no immediate action needed.
1638,Nikhil,Pineda,Sales Manager,Sales,MSC,Full-Time,Male,2.76,32.0,4,2,5,Fully Meets,3,0.24811664591668356,Low Risk,short tenure; low performance rating; low satisfaction score,Maintain current engagement practices; no immediate action needed.
3167,Destinee,Mejia,Production Technician I,Production,EW,Full-Time,Male,7.1,83.0,2,5,1,Exceeds,4,0.24802525400039238,Low Risk,Department = Production; PayZone = Zone B; experience level,Maintain current engagement practices; no immediate action needed.
3613,Amirah,Johnson,Production Technician I,Production,PL,Contract,Male,7.42,53.0,5,1,2,Exceeds,1,0.24797636864694403,Low Risk,Department = Production; desired salary at hire; PayZone = Zone B,Maintain current engagement practices; no immediate action needed.
2443,Camron,Jenkins,Data Analyst,Production,EW,Part-Time,Female,6.0,50.0,3,4,5,Fully Meets,1,0.24785014678901296,Low Risk,Department = Production; desired salary at hire; Race = White,Maintain current engagement practices; no immediate action needed.
2317,Jaydan,Hoffman,Production Manager,Production,EW,Full-Time,Female,5.7,82.0,2,2,1,Fully Meets,1,0.2478420095240629,Low Risk,Department = Production; Employee = Full-Time; Gender = Female,Maintain current engagement practices; no immediate action needed.
3400,Lorenzo,Short,Production Technician I,Production,MSC,Full-Time,Female,4.84,56.0,5,2,3,Fully Meets,1,0.2478189544926026,Low Risk,Department = Production; Division = Shop (Fleet); Gender = Female,Maintain current engagement practices; no immediate action needed.
2207,Sam,Knight,Production Technician I,Production,SVG,Full-Time,Female,5.49,73.0,3,3,1,Needs Improvement,5,0.24761291779712702,Low Risk,Department = Production; JobFunctionDescription = Welder; Employee = Full-Time,Maintain current engagement practices; no immediate action needed.
3329,Gabriel,Smith,Production Technician I,Production,PL,Part-Time,Male,5.75,48.0,4,4,3,Fully Meets,4,0.24754237414649485,Low Risk,Department = Production; low performance rating; low satisfaction score,Maintain current engagement practices; no immediate action needed.
3265,Giovanni,Klein,Production Technician I,Production,BPC,Part-Time,Female,7.73,34.0,3,4,2,Fully Meets,1,0.24736298683789676,Low Risk,Department = Production; BusinessUnit = BPC; Gender = Female,Maintain current engagement practices; no immediate action needed.
1818,Kendra,Velez,Production Technician II,Production,BPC,Contract,Male,5.05,71.0,1,3,3,Fully Meets,3,0.2471602388198726,Low Risk,Department = Production; low performance rating; experience level,Maintain current engagement practices; no immediate action needed.
1862,Marie,Moyer,Production Technician I,Production,PL,Full-Time,Male,4.9,41.0,4,5,4,Exceeds,3,0.24715185891534674,Low Risk,Department = Production; low performance rating; low satisfaction score,Maintain current engagement practices; no immediate action needed.
2836,Antonio,Romero,Production Technician I,Production,MSC,Contract,Female,4.28,38.0,4,5,1,Fully Meets,2,0.24702764361080767,Low Risk,Department = Production; Gender = Female; training investment,Maintain current engagement practices; no immediate action needed.
3701,Genesis,Coleman,Production Technician I,Production,NEL,Part-Time,Male,6.71,78.0,1,4,4,PIP,2,0.2470088645193689,Low Risk,Department = Production; BusinessUnit = NEL; PayZone = Zone B,Maintain current engagement practices; no immediate action needed.
1261,Elyse,Huerta,Production Technician I,Production,PYZ,Part-Time,Female,6.58,67.0,5,2,4,Fully Meets,3,0.24676201429325792,Low Risk,Department = Production; low performance rating; MaritalStatus = Married,Maintain current engagement practices; no immediate action needed.
1792,Sawyer,Oliver,Production Technician I,Production,TNS,Full-Time,Male,7.18,76.0,3,2,5,Fully Meets,3,0.2467200741093535,Low Risk,Department = Production; low performance rating; low engagement,Maintain current engagement practices; no immediate action needed.
2629,Kamden,Cummings,Area Sales Manager,Sales,CCDR,Contract,Male,0.31,51.0,5,1,4,Fully Meets,1,0.2465974694372386,Low Risk,short tenure; Race = White; low engagement,Maintain current engagement practices; no immediate action needed.
2519,Melody,Wright,Software Engineer,Software Engineering,NEL,Part-Time,Female,4.7,63.0,5,3,5,Fully Meets,4,0.24645713987434487,Low Risk,low performance rating; Employee = Part-Time; Race = White,Maintain current engagement practices; no immediate action needed.
1770,Hayley,York,Production Technician I,Production,BPC,Part-Time,Male,7.87,55.0,3,1,5,Fully Meets,3,0.246412358686782,Low Risk,Department = Production; BusinessUnit = BPC; low performance rating,Maintain current engagement practices; no immediate action needed.
3500,Nevaeh,Lucas,Area Sales Manager,Sales,NEL,Full-Time,Female,1.59,26.0,1,4,4,Fully Meets,1,0.24631248904440592,Low Risk,short tenure; Gender = Female; Employee = Full-Time,Maintain current engagement practices; no immediate action needed.
2978,Sam,Athwal,Production Technician I,Production,CCDR,Full-Time,Male,3.94,45.0,2,5,4,Fully Meets,4,0.24618696080930752,Low Risk,Department = Production; low performance rating; age,Maintain current engagement practices; no immediate action needed.
3548,Sanaa,Glass,Area Sales Manager,Sales,WBL,Part-Time,Female,1.25,62.0,5,5,3,Fully Meets,1,0.24616265755639802,Low Risk,short tenure; Gender = Female; low satisfaction score,Maintain current engagement practices; no immediate action needed.
1998,Amiyah,Beasley,Production Technician II,Production,NEL,Full-Time,Female,4.34,27.0,4,2,3,Fully Meets,3,0.2460501317277343,Low Risk,Department = Production; low performance rating; training investment,Maintain current engagement practices; no immediate action needed.
1540,Raegan,Stanton,Production Technician I,Production,BPC,Contract,Female,5.43,59.0,4,2,2,Fully Meets,3,0.2460153344960446,Low Risk,Department = Production; low performance rating; BusinessUnit = BPC,Maintain current engagement practices; no immediate action needed.
2616,Destiney,Navarro,Administrative Assistant,Sales,CCDR,Full-Time,Female,3.06,54.0,1,3,3,Fully Meets,1,0.2456418044169467,Low Risk,Gender = Female; MaritalStatus = Married; training investment,Maintain current engagement practices; no immediate action needed.
3657,Lorelei,Walls,Production Technician I,Production,WBL,Part-Time,Female,4.91,34.0,2,4,4,Fully Meets,4,0.24561710698533393,Low Risk,Department = Production; Gender = Female; education level,Maintain current engagement practices; no immediate action needed.
2668,Lane,Willis,Administrative Assistant,Sales,CCDR,Contract,Female,0.68,48.0,4,4,1,Fully Meets,2,0.2454080622140636,Low Risk,short tenure; Gender = Female; age,Maintain current engagement practices; no immediate action needed.
1473,Ruben,Kirby,Production Technician II,Production,EW,Contract,Female,5.83,84.0,2,5,1,Exceeds,3,0.24536603548136662,Low Risk,Department = Production; training investment; low performance rating,Maintain current engagement practices; no immediate action needed.
2793,Eden,Dalton,Production Technician I,Production,PL,Full-Time,Male,5.4,45.0,5,2,3,Fully Meets,1,0.245219835392212,Low Risk,Department = Production; Employee = Full-Time; low engagement,Maintain current engagement practices; no immediate action needed.
2861,Judith,Savage,Production Technician I,Production,MSC,Full-Time,Male,7.8,40.0,4,2,5,Fully Meets,2,0.24508075186823447,Low Risk,Department = Production; low satisfaction score; Employee = Full-Time,Maintain current engagement practices; no immediate action needed.
1386,Jacey,Braun,Accountant I,Admin Offices,EW,Contract,Female,3.33,50.0,4,2,5,Exceeds,3,0.24501176672643857,Low Risk,low performance rating; low satisfaction score; Gender = Female,Maintain current engagement practices; no immediate action needed.
2944,Annie,Galloway,Production Technician I,Production,WBL,Part-Time,Female,7.21,74.0,4,2,1,Needs Improvement,1,0.24496807639574741,Low Risk,Department = Production; JobFunctionDescription = Engineer; low satisfaction score,Maintain current engagement practices; no immediate action needed.
1987,Chase,Horn,Production Technician I,Production,MSC,Full-Time,Female,7.71,59.0,1,5,3,Fully Meets,3,0.2448287749732994,Low Risk,Department = Production; low performance rating; Race = White,Maintain current engagement practices; no immediate action needed.
3578,Clinton,Owad,Production Technician I,Production,WBL,Full-Time,Male,7.23,69.0,4,1,2,Exceeds,2,0.24472313133743934,Low Risk,Department = Production; desired salary at hire; Employee = Full-Time,Maintain current engagement practices; no immediate action needed.
2943,Adrien,Krause,Production Technician I,Production,PYZ,Full-Time,Female,6.63,63.0,1,4,5,Needs Improvement,2,0.24457443098587878,Low Risk,Department = Production; PayZone = Zone B; desired salary at hire,Maintain current engagement practices; no immediate action needed.
3243,Harley,Peterson,Production Technician I,Production,PL,Full-Time,Male,5.62,71.0,3,2,1,Fully Meets,2,0.24439696237027944,Low Risk,Department = Production; desired salary at hire; training investment,Maintain current engagement practices; no immediate action needed.
3621,Victoria,Franco,Production Technician I,Production,WBL,Contract,Male,7.66,29.0,3,2,2,Fully Meets,2,0.24431286952764675,Low Risk,Department = Production; Race = White; poor work-life balance,Maintain current engagement practices; no immediate action needed.
2162,Juliet,Wall,Production Technician II,Production,WBL,Full-Time,Female,5.56,56.0,5,3,4,Exceeds,3,0.24417374479110293,Low Risk,Department = Production; low performance rating; desired salary at hire,Maintain current engagement practices; no immediate action needed.
2741,Kellen,Hill,Area Sales Manager,Sales,TNS,Full-Time,Male,0.77,52.0,3,4,1,Fully Meets,4,0.24411204110502496,Low Risk,short tenure; low performance rating; training investment,Maintain current engagement practices; no immediate action needed.
3060,Marcelo,Galvan,Production Technician I,Production,NEL,Part-Time,Male,5.91,76.0,2,5,4,Fully Meets,2,0.24397691577399874,Low Risk,Department = Production; BusinessUnit = NEL; desired salary at hire,Maintain current engagement practices; no immediate action needed.
2535,Antoine,Haney,Director of Sales,Sales,CCDR,Contract,Male,2.69,48.0,5,2,2,Fully Meets,2,0.24390265029486363,Low Risk,short tenure; JobFunctionDescription = Engineer; low satisfaction score,Maintain current engagement practices; no immediate action needed.
2849,Shannon,Hurst,Production Technician I,Production,CCDR,Part-Time,Male,7.81,77.0,1,5,1,Fully Meets,5,0.2438404864558399,Low Risk,Department = Production; low performance rating; experience level,Maintain current engagement practices; no immediate action needed.
1284,Cherish,Preston,Production Technician I,Production,EW,Contract,Female,6.63,41.0,1,5,5,Fully Meets,3,0.24376621357340492,Low Risk,Department = Production; low performance rating; MaritalStatus = Married,Maintain current engagement practices; no immediate action needed.
1137,Talan,Rivas,Production Technician I,Production,EW,Full-Time,Male,7.16,72.0,3,3,5,Fully Meets,3,0.24356746705997837,Low Risk,Department = Production; low performance rating; training investment,Maintain current engagement practices; no immediate action needed.
2601,Anya,Baldwin,Administrative Assistant,Sales,SVG,Full-Time,Female,0.39,25.0,5,3,5,Fully Meets,1,0.24350258701879654,Low Risk,short tenure; Gender = Female; Employee = Full-Time,Maintain current engagement practices; no immediate action needed.
1955,Ludwick,Harrell,Production Technician I,Production,MSC,Full-Time,Male,5.79,28.0,3,2,4,Fully Meets,3,0.24347290063187355,Low Risk,Department = Production; low performance rating; MaritalStatus = Married,Maintain current engagement practices; no immediate action needed.
2610,Ronald,Marquez,Area Sales Manager,Sales,TNS,Full-Time,Male,0.34,79.0,1,5,2,Fully Meets,2,0.2433965534933635,Low Risk,short tenure; Employee = Full-Time; training investment,Maintain current engagement practices; no immediate action needed.
3043,Rowan,Gilbert,Production Technician I,Production,MSC,Contract,Male,3.83,63.0,3,5,3,Exceeds,2,0.24298449002809164,Low Risk,Department = Production; training investment; EmployeeClassification = Full-Time,Maintain current engagement practices; no immediate action needed.
3599,Elaine,Weeks,Production Technician II,Production,TNS,Part-Time,Female,6.29,76.0,4,4,2,Fully Meets,2,0.24293591995910593,Low Risk,Department = Production; low satisfaction score; desired salary at hire,Maintain current engagement practices; no immediate action needed.
3499,Maci,Frost,Area Sales Manager,Sales,WBL,Part-Time,Female,3.24,56.0,3,5,5,Fully Meets,5,0.24290700453494518,Low Risk,Gender = Female; low performance rating; age,Maintain current engagement practices; no immediate action needed.
3126,Amelia,Mueller,Production Technician I,Production,WBL,Contract,Male,4.25,48.0,5,4,1,Fully Meets,2,0.24273302293573068,Low Risk,Department = Production; experience level; poor work-life balance,Maintain current engagement practices; no immediate action needed.
3036,Reece,Potts,Production Technician I,Production,WBL,Full-Time,Female,6.06,69.0,4,1,2,Fully Meets,2,0.2427102592031394,Low Risk,Department = Production; JobFunctionDescription = Administrator; low satisfaction score,Maintain current engagement practices; no immediate action needed.
3114,Cullen,French,Production Technician II,Production,PYZ,Contract,Female,7.82,69.0,2,2,2,Fully Meets,2,0.24251919965182622,Low Risk,Department = Production; Division = Isp; Gender = Female,Maintain current engagement practices; no immediate action needed.
1289,Janiyah,Ballard,Production Technician I,Production,SVG,Full-Time,Female,7.02,84.0,3,5,1,Fully Meets,3,0.2424894053301828,Low Risk,Department = Production; low performance rating; Employee = Full-Time,Maintain current engagement practices; no immediate action needed.
2202,Desiree,Walker,Production Technician I,Production,WBL,Contract,Female,5.68,58.0,4,5,5,Exceeds,4,0.2424731281397036,Low Risk,Department = Production; low performance rating; low satisfaction score,Maintain current engagement practices; no immediate action needed.
2044,Darrell,Horne,Production Technician II,Production,SVG,Contract,Female,3.86,34.0,1,5,5,Fully Meets,3,0.24242106466113764,Low Risk,Department = Production; low performance rating; training investment,Maintain current engagement practices; no immediate action needed.
3795,Kaitlynn,Serrano,Production Technician I,Production,CCDR,Part-Time,Male,4.03,37.0,3,4,2,Exceeds,3,0.24241764039552757,Low Risk,Department = Production; low performance rating; Race = White,Maintain current engagement practices; no immediate action needed.
2577,Jenna,Dietrich,Area Sales Manager,Sales,PYZ,Full-Time,Female,0.35,63.0,2,5,4,Fully Meets,2,0.24237419977995847,Low Risk,short tenure; Gender = Female; MaritalStatus = Married,Maintain current engagement practices; no immediate action needed.
2989,Kason,Kramer,Production Technician I,Production,TNS,Contract,Female,4.86,84.0,3,2,3,Fully Meets,4,0.24231566359457668,Low Risk,Department = Production; Gender = Female; low performance rating,Maintain current engagement practices; no immediate action needed.
3257,Sanaa,Reilly,Production Technician II,Production,PL,Full-Time,Female,5.68,40.0,3,1,5,Fully Meets,3,0.2422520848389214,Low Risk,Department = Production; low performance rating; training investment,Maintain current engagement practices; no immediate action needed.
3605,Emerson,Pitts,Production Technician I,Production,CCDR,Contract,Male,6.85,83.0,1,5,3,Fully Meets,4,0.2422415101350468,Low Risk,Department = Production; low performance rating; training investment,Maintain current engagement practices; no immediate action needed.
2937,Kianna,Wilkerson,Production Technician I,Production,BPC,Contract,Male,5.98,74.0,4,1,4,Needs Improvement,2,0.2422116750053581,Low Risk,Department = Production; BusinessUnit = BPC; training investment,Maintain current engagement practices; no immediate action needed.
3308,Alyvia,Mitchell,Production Technician I,Production,BPC,Contract,Female,4.13,28.0,3,1,2,Fully Meets,3,0.24215111245919674,Low Risk,Department = Production; low performance rating; Gender = Female,Maintain current engagement practices; no immediate action needed.
3801,Jaydan,Neal,Production Technician I,Production,WBL,Contract,Female,6.81,79.0,1,2,4,Fully Meets,3,0.24193409995213908,Low Risk,Department = Production; low performance rating; Gender = Female,Maintain current engagement practices; no immediate action needed.
2062,Kale,Middleton,Production Technician I,Production,SVG,Contract,Female,7.75,76.0,1,4,2,Fully Meets,3,0.24187325070804794,Low Risk,Department = Production; low performance rating; experience level,Maintain current engagement practices; no immediate action needed.
1668,Taniyah,Mcmillan,Senior BI Developer,Admin Offices,CCDR,Part-Time,Male,3.04,79.0,1,2,3,Fully Meets,3,0.2418551156975667,Low Risk,low performance rating; training investment; JobFunctionDescription = Laborer,Maintain current engagement practices; no immediate action needed.
2423,Yael,Garcia,President & CEO,Production,PYZ,Contract,Male,7.79,49.0,3,3,5,Fully Meets,1,0.24176393341110122,Low Risk,Department = Production; desired salary at hire; training investment,Maintain current engagement practices; no immediate action needed.
3239,Rachael,Pena,Production Technician II,Production,SVG,Part-Time,Male,7.15,34.0,2,5,5,Fully Meets,3,0.2417180349268891,Low Risk,Department = Production; low performance rating; Division = Field Operations,Maintain current engagement practices; no immediate action needed.
1798,Kieran,Morse,Production Technician II,Production,PL,Part-Time,Female,3.74,41.0,2,3,4,Fully Meets,3,0.2416709325914966,Low Risk,Department = Production; low performance rating; education level,Maintain current engagement practices; no immediate action needed.
3197,Erik,Parks,Production Technician I,Production,PYZ,Contract,Female,7.08,49.0,5,5,2,PIP,1,0.24144303271530054,Low Risk,Department = Production; Gender = Female; education level,Maintain current engagement practices; no immediate action needed.
3481,Leland,Allen,Area Sales Manager,Sales,BPC,Full-Time,Male,2.23,61.0,2,5,4,Fully Meets,4,0.24110549591428926,Low Risk,short tenure; BusinessUnit = BPC; training investment,Maintain current engagement practices; no immediate action needed.
2116,Stanley,Bowen,Production Technician II,Production,BPC,Part-Time,Female,4.93,80.0,4,1,2,Needs Improvement,4,0.24100891524689824,Low Risk,Department = Production; BusinessUnit = BPC; Gender = Female,Maintain current engagement practices; no immediate action needed.
2755,Michael,Carey,Production Technician I,Production,EW,Contract,Male,4.17,71.0,5,5,4,Fully Meets,2,0.24095633706993103,Low Risk,Department = Production; low satisfaction score; Race = Other,Maintain current engagement practices; no immediate action needed.
2501,Joy,Sellers,Software Engineer,Software Engineering,CCDR,Full-Time,Male,3.58,74.0,5,1,3,Fully Meets,2,0.24094413748112506,Low Risk,Department = Software Engineering; PayZone = Zone A; Division = Finance & Accounting,Maintain current engagement practices; no immediate action needed.
3373,Karter,Thornton,Production Technician I,Production,PYZ,Contract,Male,7.84,37.0,4,2,4,Exceeds,2,0.24094401958396167,Low Risk,Department = Production; low satisfaction score; desired salary at hire,Maintain current engagement practices; no immediate action needed.
2007,Deacon,Bass,Production Technician I,Production,PL,Full-Time,Female,5.61,47.0,1,4,5,Fully Meets,3,0.24064917185058562,Low Risk,Department = Production; low performance rating; training investment,Maintain current engagement practices; no immediate action needed.
2304,Marlon,Stanton,President & CEO,Production,MSC,Full-Time,Female,5.29,69.0,1,5,2,Fully Meets,2,0.24040556616105402,Low Risk,Department = Production; Employee = Full-Time; desired salary at hire,Maintain current engagement practices; no immediate action needed.
3456,Axel,Howe,Area Sales Manager,Sales,NEL,Full-Time,Female,3.39,80.0,3,4,4,Fully Meets,3,0.24030092101524309,Low Risk,low performance rating; Gender = Female; training investment,Maintain current engagement practices; no immediate action needed.
2813,Enrique,Parks,Production Technician I,Production,CCDR,Contract,Male,4.08,53.0,4,4,2,Fully Meets,1,0.2402720372964932,Low Risk,Department = Production; PayZone = Zone B; Race = Other,Maintain current engagement practices; no immediate action needed.
1337,Sherlyn,Carroll,Accountant I,Admin Offices,WBL,Full-Time,Female,3.33,73.0,3,3,4,Fully Meets,3,0.24015081206632047,Low Risk,low performance rating; Race = White; training investment,Maintain current engagement practices; no immediate action needed.
2139,Kaleb,Elliott,Production Technician II,Production,MSC,Part-Time,Female,6.22,58.0,4,1,4,Exceeds,2,0.2400090300329155,Low Risk,Department = Production; low satisfaction score; Gender = Female,Maintain current engagement practices; no immediate action needed.
3327,Selah,Ibarra,Production Technician I,Production,WBL,Contract,Female,6.57,47.0,1,5,1,Fully Meets,1,0.23965777358463675,Low Risk,Department = Production; Gender = Female; experience level,Maintain current engagement practices; no immediate action needed.
3393,Skyla,Santiago,Production Technician I,Production,BPC,Contract,Female,7.92,84.0,4,3,4,Needs Improvement,3,0.23962168154300792,Low Risk,Department = Production; low performance rating; desired salary at hire,Maintain current engagement practices; no immediate action needed.
2576,Caitrin,Strong,Area Sales Manager,Sales,CCDR,Contract,Female,0.91,57.0,4,2,1,Fully Meets,1,0.23959830840233043,Low Risk,short tenure; Gender = Female; low satisfaction score,Maintain current engagement practices; no immediate action needed.
2983,Roger,Walker,Production Technician II,Production,PL,Full-Time,Male,5.43,64.0,5,4,4,Fully Meets,2,0.2394615884358333,Low Risk,Department = Production; experience level; training investment,Maintain current engagement practices; no immediate action needed.
1457,Jadiel,French,Production Technician I,Production,SVG,Contract,Female,7.67,49.0,1,2,1,Exceeds,3,0.23945132808258587,Low Risk,Department = Production; low performance rating; poor work-life balance,Maintain current engagement practices; no immediate action needed.
3244,Kade,Stokes,Production Technician I,Production,BPC,Part-Time,Female,4.99,78.0,1,2,1,Fully Meets,2,0.23926213383912193,Low Risk,Department = Production; BusinessUnit = BPC; desired salary at hire,Maintain current engagement practices; no immediate action needed.
1048,Stephen,Daugherty,Software Engineer,Software Engineering,EW,Part-Time,Male,6.66,70.0,1,3,4,Fully Meets,3,0.23906080341423566,Low Risk,low performance rating; Department = Software Engineering; training investment,Maintain current engagement practices; no immediate action needed.
1952,Kristin,Mccarty,Sales Manager,Sales,TNS,Full-Time,Female,6.19,37.0,5,2,2,Fully Meets,3,0.23899812303150134,Low Risk,low performance rating; Gender = Female; BusinessUnit = TNS,Maintain current engagement practices; no immediate action needed.
1861,Lorelei,Glass,Production Technician I,Production,NEL,Contract,Male,6.12,75.0,2,1,4,Exceeds,3,0.23894961920427102,Low Risk,Department = Production; low performance rating; BusinessUnit = NEL,Maintain current engagement practices; no immediate action needed.
2642,Demarion,Harrington,Area Sales Manager,Sales,SVG,Full-Time,Male,0.89,75.0,3,2,1,Fully Meets,4,0.23883144698037492,Low Risk,short tenure; Employee = Full-Time; low performance rating,Maintain current engagement practices; no immediate action needed.
2656,Urijah,Houston,Area Sales Manager,Sales,PL,Part-Time,Male,1.23,69.0,4,5,3,Fully Meets,4,0.23882186368737773,Low Risk,short tenure; low performance rating; PayZone = Zone B,Maintain current engagement practices; no immediate action needed.
3892,Maxwell,Mcpherson,Network Engineer,IT/IS,CCDR,Full-Time,Male,3.73,48.0,4,5,2,Fully Meets,3,0.23872623880627525,Low Risk,low performance rating; low satisfaction score; training investment,Maintain current engagement practices; no immediate action needed.
2958,Ulises,Herring,Production Technician I,Production,PL,Contract,Male,6.15,81.0,2,1,4,Fully Meets,4,0.23867859684697387,Low Risk,Department = Production; low performance rating; low engagement,Maintain current engagement practices; no immediate action needed.
2145,Leo,Hickman,Production Technician II,Production,WBL,Full-Time,Female,7.41,37.0,3,3,5,Exceeds,1,0.23863686276930257,Low Risk,Department = Production; Gender = Female; training investment,Maintain current engagement practices; no immediate action needed.
2605,Jakayla,Dickson,Area Sales Manager,Sales,BPC,Full-Time,Male,2.22,58.0,4,3,3,Fully Meets,4,0.238405240252672,Low Risk,short tenure; BusinessUnit = BPC; low satisfaction score,Maintain current engagement practices; no immediate action needed.
2348,Payten,Harvey,Network Engineer,Production,EW,Part-Time,Male,4.08,50.0,4,4,2,Fully Meets,1,0.2383787096725633,Low Risk,Department = Production; Division = Field Operations; low satisfaction score,Maintain current engagement practices; no immediate action needed.
3190,Jaiden,Hawkins,Production Technician I,Production,WBL,Contract,Male,5.69,28.0,5,4,5,PIP,2,0.23817435138739115,Low Risk,Department = Production; low satisfaction score; age,Maintain current engagement practices; no immediate action needed.
3525,Clayton,Mccormick,Area Sales Manager,Sales,MSC,Contract,Male,0.52,59.0,2,1,1,Fully Meets,2,0.2381234492576275,Low Risk,short tenure; low engagement; BusinessUnit = MSC,Maintain current engagement practices; no immediate action needed.
3365,Shania,Flores,Production Technician II,Production,NEL,Contract,Male,5.65,78.0,1,1,4,Fully Meets,3,0.23803742329268546,Low Risk,Department = Production; low performance rating; BusinessUnit = NEL,Maintain current engagement practices; no immediate action needed.
2859,Rachel,Buckley,Production Technician I,Production,CCDR,Full-Time,Male,7.48,81.0,3,1,3,Needs Improvement,2,0.2379503656439726,Low Risk,Department = Production; desired salary at hire; Division = Field Operations,Maintain current engagement practices; no immediate action needed.
3362,Tony,Cooke,Production Technician I,Production,EW,Full-Time,Female,4.98,59.0,5,1,1,Exceeds,1,0.23792251646864898,Low Risk,Department = Production; Gender = Female; training investment,Maintain current engagement practices; no immediate action needed.
3593,Brayden,Malone,Production Technician I,Production,WBL,Contract,Male,6.15,77.0,4,4,3,Fully Meets,1,0.23766471761005117,Low Risk,Department = Production; training investment; low satisfaction score,Maintain current engagement practices; no immediate action needed.
1073,Sean,Bean,Software Engineer,Software Engineering,CCDR,Full-Time,Male,7.21,28.0,4,4,2,Fully Meets,3,0.23763664326138884,Low Risk,low performance rating; Department = Software Engineering; Race = White,Maintain current engagement practices; no immediate action needed.
2820,Pierce,Bender,Production Technician I,Production,NEL,Full-Time,Male,3.85,47.0,1,2,5,Fully Meets,2,0.2375879664277637,Low Risk,Department = Production; BusinessUnit = NEL; low engagement,Maintain current engagement practices; no immediate action needed.
3706,Mareli,Parker,Production Technician I,Production,WBL,Full-Time,Male,6.84,52.0,1,2,4,Exceeds,3,0.23751559928260002,Low Risk,Department = Production; low performance rating; Division = Field Operations,Maintain current engagement practices; no immediate action needed.
3968,Emely,Rice,Data Analyst,IT/IS,NEL,Contract,Female,5.43,59.0,5,5,1,Fully Meets,3,0.23741813657712954,Low Risk,low performance rating; low satisfaction score; BusinessUnit = NEL,Maintain current engagement practices; no immediate action needed.
3982,Yair,Jennings,Database Administrator,IT/IS,CCDR,Part-Time,Female,3.96,69.0,1,1,1,Needs Improvement,3,0.2373749604562363,Low Risk,low performance rating; Employee = Part-Time; Race = Other,Maintain current engagement practices; no immediate action needed.
2377,Payton,Nolan,Production Manager,Production,SVG,Contract,Male,5.54,66.0,2,1,1,Fully Meets,4,0.23723801845502646,Low Risk,Department = Production; low performance rating; Race = White,Maintain current engagement practices; no immediate action needed.
3764,Cristal,Bradshaw,Production Technician II,Production,MSC,Full-Time,Female,4.44,31.0,1,2,5,Fully Meets,3,0.23706593845210955,Low Risk,Department = Production; Gender = Female; training investment,Maintain current engagement practices; no immediate action needed.
2658,Yuliana,Levine,Area Sales Manager,Sales,CCDR,Full-Time,Male,0.05,66.0,1,3,1,Fully Meets,2,0.236944080830884,Low Risk,short tenure; Employee = Full-Time; PayZone = Zone A,Maintain current engagement practices; no immediate action needed.
2785,Atticus,White,Production Technician II,Production,WBL,Full-Time,Male,5.69,59.0,1,3,5,Fully Meets,4,0.23686984931985364,Low Risk,Department = Production; low performance rating; desired salary at hire,Maintain current engagement practices; no immediate action needed.
3412,Andrea,Walters,Production Technician II,Production,SVG,Part-Time,Female,6.58,35.0,4,5,4,Exceeds,3,0.2366968876264821,Low Risk,Department = Production; low performance rating; low satisfaction score,Maintain current engagement practices; no immediate action needed.
2051,Jaden,Charles,Production Technician I,Production,CCDR,Part-Time,Female,4.41,27.0,2,5,4,Fully Meets,3,0.23652897931700784,Low Risk,Department = Production; low performance rating; JobFunctionDescription = Laborer,Maintain current engagement practices; no immediate action needed.
3996,Leonel,Combs,Database Administrator,IT/IS,MSC,Part-Time,Female,4.9,27.0,5,3,1,Fully Meets,3,0.23649893430190314,Low Risk,low performance rating; low satisfaction score; experience level,Maintain current engagement practices; no immediate action needed.
2129,Raina,Best,Production Technician I,Production,WBL,Part-Time,Male,6.8,38.0,5,5,2,Needs Improvement,2,0.23638175687115304,Low Risk,Department = Production; low satisfaction score; Division = Field Operations,Maintain current engagement practices; no immediate action needed.
1437,Lorena,Graves,Production Technician I,Production,PYZ,Contract,Male,5.74,30.0,5,4,5,Exceeds,3,0.236335476686917,Low Risk,Department = Production; low performance rating; experience level,Maintain current engagement practices; no immediate action needed.
3348,Ryder,Bray,Production Technician II,Production,MSC,Part-Time,Female,6.74,39.0,2,5,1,Fully Meets,2,0.2361718406113037,Low Risk,Department = Production; age; Gender = Female,Maintain current engagement practices; no immediate action needed.
3286,Regan,Conrad,Production Technician I,Production,NEL,Full-Time,Female,6.72,56.0,1,3,4,PIP,3,0.2359102990556614,Low Risk,Department = Production; experience level; low performance rating,Maintain current engagement practices; no immediate action needed.
2652,Fernando,Richard,Administrative Assistant,Sales,SVG,Contract,Female,0.01,72.0,4,1,2,Fully Meets,4,0.23585535217274933,Low Risk,short tenure; Gender = Female; low performance rating,Maintain current engagement practices; no immediate action needed.
3095,Frederick,Carney,Production Technician II,Production,NEL,Contract,Female,3.93,83.0,2,5,3,Fully Meets,4,0.23552556936643995,Low Risk,Department = Production; Race = Other; low performance rating,Maintain current engagement practices; no immediate action needed.
2440,Teagan,Fletcher,Production Manager,Production,CCDR,Contract,Male,5.2,64.0,5,2,2,Fully Meets,1,0.23546775332467476,Low Risk,Department = Production; PayZone = Zone B; low satisfaction score,Maintain current engagement practices; no immediate action needed.
2548,Luz,Garza,BI Developer,IT/IS,PYZ,Contract,Female,2.65,72.0,5,2,3,Fully Meets,1,0.2348019117836566,Low Risk,short tenure; Gender = Female; low satisfaction score,Maintain current engagement practices; no immediate action needed.
3527,Ahmed,Hawkins,Area Sales Manager,Sales,PL,Full-Time,Male,0.82,52.0,3,1,2,Fully Meets,1,0.23474002797658372,Low Risk,short tenure; MaritalStatus = Married; Employee = Full-Time,Maintain current engagement practices; no immediate action needed.
1781,Abril,Cunningham,Production Technician I,Production,CCDR,Contract,Female,7.23,43.0,2,2,4,Fully Meets,3,0.2347323004941999,Low Risk,Department = Production; Race = White; low performance rating,Maintain current engagement practices; no immediate action needed.
3725,Ryker,Cox,Production Technician I,Production,SVG,Contract,Male,4.25,71.0,3,4,3,Fully Meets,1,0.23457592587706652,Low Risk,Department = Production; PayZone = Zone B; low performance score,Maintain current engagement practices; no immediate action needed.
2666,Kaylyn,Frye,Area Sales Manager,Sales,PL,Part-Time,Female,3.17,81.0,5,5,3,Fully Meets,4,0.2345543605129476,Low Risk,Gender = Female; low performance rating; low satisfaction score,Maintain current engagement practices; no immediate action needed.
3750,Micaela,Conner,Production Technician I,Production,MSC,Full-Time,Male,6.44,71.0,1,4,5,Fully Meets,1,0.2345417815951593,Low Risk,Department = Production; training investment; training investment,Maintain current engagement practices; no immediate action needed.
2457,George,Meyers,Production Manager,Production,PL,Part-Time,Male,7.92,65.0,2,3,3,Fully Meets,2,0.23437858242646986,Low Risk,Department = Production; Division = Field Operations; experience level,Maintain current engagement practices; no immediate action needed.
3307,Quincy,Cardenas,Production Technician I,Production,PL,Full-Time,Male,7.1,48.0,4,2,1,Fully Meets,4,0.23421355528362905,Low Risk,Department = Production; low performance rating; training investment,Maintain current engagement practices; no immediate action needed.
1771,Salma,Shepard,Production Technician I,Production,CCDR,Part-Time,Male,6.08,76.0,2,3,1,Fully Meets,3,0.23420882741111138,Low Risk,Department = Production; low performance rating; Employee = Part-Time,Maintain current engagement practices; no immediate action needed.
2451,Rosa,Rosales,Production Manager,Production,WBL,Contract,Male,5.88,83.0,3,5,1,Fully Meets,5,0.23415326708131146,Low Risk,Department = Production; education level; training investment,Maintain current engagement practices; no immediate action needed.
2911,Estrella,Ho,Production Technician I,Production,TNS,Part-Time,Male,7.97,74.0,2,5,2,Exceeds,2,0.2341314727680243,Low Risk,Department = Production; training investment; Division = Finance & Accounting,Maintain current engagement practices; no immediate action needed.
2748,Melinda,Saar-Beckles,Production Technician I,Production,PYZ,Full-Time,Female,4.04,62.0,2,5,5,Fully Meets,1,0.2340324743538553,Low Risk,Department = Production; training investment; Gender = Female,Maintain current engagement practices; no immediate action needed.
2980,Theresa,Tinto,Production Technician I,Production,SVG,Part-Time,Female,6.57,69.0,3,1,5,Fully Meets,2,0.23401658555754173,Low Risk,Department = Production; desired salary at hire; PayZone = Zone A,Maintain current engagement practices; no immediate action needed.
1606,Hillary,Clements,Production Technician I,Production,PL,Full-Time,Female,7.21,82.0,4,5,3,Exceeds,3,0.2338108307969164,Low Risk,Department = Production; low performance rating; Employee = Full-Time,Maintain current engagement practices; no immediate action needed.
3250,Seth,Fletcher,Production Technician I,Production,PYZ,Full-Time,Male,5.34,29.0,1,1,3,Fully Meets,2,0.233789950463284,Low Risk,Department = Production; training investment; Employee = Full-Time,Maintain current engagement practices; no immediate action needed.
3535,Veronica,Rowe,Area Sales Manager,Sales,PYZ,Full-Time,Female,3.47,32.0,5,1,1,Fully Meets,4,0.23347307710770215,Low Risk,Gender = Female; PayZone = Zone A; low performance rating,Maintain current engagement practices; no immediate action needed.
2504,Vanessa,Zuniga,IT Director,IT/IS,BPC,Full-Time,Male,3.53,50.0,5,1,3,Fully Meets,4,0.23318519490448228,Low Risk,training investment; low performance rating; JobFunctionDescription = Engineer,Maintain current engagement practices; no immediate action needed.
2696,Meadow,Delgado,Area Sales Manager,Sales,PYZ,Contract,Male,0.22,73.0,1,3,3,Fully Meets,4,0.23289627910880445,Low Risk,short tenure; low performance rating; PayZone = Zone A,Maintain current engagement practices; no immediate action needed.
1070,Karla,Reed,Shared Services Manager,Software Engineering,NEL,Full-Time,Male,3.45,28.0,1,3,2,Fully Meets,3,0.23253650828101471,Low Risk,low performance rating; Department = Software Engineering; experience level,Maintain current engagement practices; no immediate action needed.
1545,Jerimiah,Mendez,Production Technician I,Production,TNS,Contract,Female,7.85,69.0,4,2,2,Fully Meets,3,0.23252689456289877,Low Risk,Department = Production; low performance rating; Division = Field Operations,Maintain current engagement practices; no immediate action needed.
1427,Jean,Duffy,Production Technician II,Production,CCDR,Full-Time,Male,7.42,73.0,2,1,3,Needs Improvement,3,0.2324293710251329,Low Risk,Department = Production; low performance rating; low engagement,Maintain current engagement practices; no immediate action needed.
2694,Adam,Beltran,Area Sales Manager,Sales,MSC,Full-Time,Male,0.13,46.0,4,3,4,Fully Meets,4,0.23227766688579043,Low Risk,short tenure; age; low performance rating,Maintain current engagement practices; no immediate action needed.
3344,Justine,Villanueva,Production Technician II,Production,BPC,Contract,Male,4.91,68.0,4,5,1,Fully Meets,3,0.2322224139858217,Low Risk,Department = Production; BusinessUnit = BPC; low performance rating,Maintain current engagement practices; no immediate action needed.
3389,Finley,Medina,Production Technician II,Production,BPC,Full-Time,Male,5.95,83.0,3,2,1,Fully Meets,1,0.23215244250107644,Low Risk,Department = Production; training investment; BusinessUnit = BPC,Maintain current engagement practices; no immediate action needed.
2049,Corinne,Navarro,Production Technician II,Production,WBL,Contract,Female,5.8,84.0,1,3,3,Fully Meets,3,0.23186941910312395,Low Risk,Department = Production; low performance rating; desired salary at hire,Maintain current engagement practices; no immediate action needed.
2774,Macy,Nielsen,Production Technician I,Production,EW,Full-Time,Male,6.36,33.0,5,1,3,Fully Meets,5,0.23177691606913015,Low Risk,Department = Production; low satisfaction score; Division = Field Operations,Maintain current engagement practices; no immediate action needed.
3789,Deanna,Sellers,Production Technician II,Production,WBL,Contract,Female,6.13,49.0,1,3,4,Fully Meets,3,0.23160009204461432,Low Risk,Department = Production; low performance rating; PayZone = Zone A,Maintain current engagement practices; no immediate action needed.
3691,Chace,Church,Production Technician I,Production,TNS,Part-Time,Male,5.67,34.0,1,1,5,Needs Improvement,1,0.23135895743524415,Low Risk,Department = Production; desired salary at hire; Division = Finance & Accounting,Maintain current engagement practices; no immediate action needed.
1480,Elena,Gilmore,Production Technician I,Production,MSC,Part-Time,Male,7.52,32.0,1,5,4,Needs Improvement,3,0.2313278775448776,Low Risk,Department = Production; low performance rating; desired salary at hire,Maintain current engagement practices; no immediate action needed.
2706,Yadiel,Riggs,Area Sales Manager,Sales,NEL,Part-Time,Male,0.08,51.0,2,3,5,Fully Meets,2,0.2312705920595171,Low Risk,short tenure; training investment; training investment,Maintain current engagement practices; no immediate action needed.
2907,Celeste,Branch,Production Technician II,Production,SVG,Full-Time,Male,6.09,64.0,4,1,5,Needs Improvement,4,0.23124630937226912,Low Risk,Department = Production; low performance rating; Race = White,Maintain current engagement practices; no immediate action needed.
2913,Cheyanne,Munoz,Production Technician I,Production,WBL,Full-Time,Male,6.64,76.0,1,4,2,Needs Improvement,2,0.23109886115989667,Low Risk,Department = Production; experience level; JobFunctionDescription = Splicer,Maintain current engagement practices; no immediate action needed.
2933,Fernando,Mcdowell,Production Technician I,Production,PYZ,Full-Time,Male,5.36,77.0,1,3,4,Needs Improvement,1,0.23098862119878943,Low Risk,Department = Production; Race = White; Employee = Full-Time,Maintain current engagement practices; no immediate action needed.
2168,Rashad,Mayo,Production Technician II,Production,EW,Part-Time,Female,7.96,32.0,1,5,4,Exceeds,3,0.23098213219969504,Low Risk,Department = Production; low performance rating; Gender = Female,Maintain current engagement practices; no immediate action needed.
2627,Valentino,Myers,Area Sales Manager,Sales,TNS,Full-Time,Male,0.31,36.0,3,5,3,Fully Meets,4,0.23095612959294673,Low Risk,short tenure; low performance rating; Race = Other,Maintain current engagement practices; no immediate action needed.
1015,Ansley,Jackson,Shared Services Manager,Software Engineering,NEL,Contract,Female,7.64,65.0,1,1,3,Fully Meets,3,0.2307270832771298,Low Risk,low performance rating; BusinessUnit = NEL; MaritalStatus = Married,Maintain current engagement practices; no immediate action needed.
3206,Thomas,Barbara,Production Technician I,Production,BPC,Part-Time,Male,6.89,65.0,4,2,4,Fully Meets,2,0.23071334988056885,Low Risk,Department = Production; BusinessUnit = BPC; PayZone = Zone A,Maintain current engagement practices; no immediate action needed.
3558,Mildred,Gentry,Production Technician I,Production,MSC,Part-Time,Female,7.57,67.0,5,2,3,Fully Meets,1,0.23069161437943284,Low Risk,Department = Production; Gender = Female; education level,Maintain current engagement practices; no immediate action needed.
2578,Michelle,Carter,Area Sales Manager,Sales,MSC,Part-Time,Female,3.16,30.0,5,4,3,Fully Meets,5,0.23049270897619248,Low Risk,Gender = Female; low performance rating; PayZone = Zone A,Maintain current engagement practices; no immediate action needed.
2634,Hezekiah,Mcgee,Administrative Assistant,Sales,PYZ,Part-Time,Female,3.37,83.0,5,3,3,Fully Meets,4,0.23021318886169462,Low Risk,Gender = Female; low performance rating; PayZone = Zone B,Maintain current engagement practices; no immediate action needed.
1420,Danna,Hines,Production Technician I,Production,PYZ,Contract,Female,5.14,76.0,2,1,4,Exceeds,3,0.23013480486206533,Low Risk,Department = Production; low performance rating; low engagement,Maintain current engagement practices; no immediate action needed.
3917,Chris,Vincent,Network Engineer,IT/IS,PYZ,Part-Time,Female,3.28,33.0,1,3,4,Exceeds,3,0.22997149747745463,Low Risk,low performance rating; Gender = Female; Employee = Part-Time,Maintain current engagement practices; no immediate action needed.
3119,Dana,Stevenson,Production Technician I,Production,NEL,Part-Time,Male,5.54,33.0,5,4,2,Fully Meets,5,0.22991640863118282,Low Risk,Department = Production; low satisfaction score; low performance rating,Maintain current engagement practices; no immediate action needed.
2833,Jacey,Reeves,Production Technician I,Production,CCDR,Contract,Male,5.79,37.0,5,2,2,Fully Meets,2,0.22974040296452378,Low Risk,Department = Production; age; low satisfaction score,Maintain current engagement practices; no immediate action needed.
3391,Odin,Camacho,Production Technician II,Production,SVG,Part-Time,Female,6.53,35.0,3,4,1,Fully Meets,3,0.22973102082534547,Low Risk,Department = Production; low performance rating; poor work-life balance,Maintain current engagement practices; no immediate action needed.
2495,Abel,Bush,IT Director,IT/IS,NEL,Contract,Male,2.97,56.0,1,5,2,Fully Meets,1,0.22939159613248378,Low Risk,BusinessUnit = NEL; experience level; poor work-life balance,Maintain current engagement practices; no immediate action needed.
2772,Alexandra,Bean,Production Technician I,Production,CCDR,Full-Time,Male,6.37,53.0,4,2,5,Fully Meets,1,0.22935769962113195,Low Risk,Department = Production; training investment; low satisfaction score,Maintain current engagement practices; no immediate action needed.
3455,Charity,Miranda,Area Sales Manager,Sales,WBL,Full-Time,Male,1.02,28.0,1,2,1,Exceeds,4,0.22930573783485536,Low Risk,short tenure; low performance rating; training investment,Maintain current engagement practices; no immediate action needed.
2099,Drake,Wiggins,Production Technician I,Production,BPC,Full-Time,Female,7.74,57.0,4,1,5,PIP,4,0.2292109060946933,Low Risk,Department = Production; low performance rating; Gender = Female,Maintain current engagement practices; no immediate action needed.
2814,Kylie,Cox,Production Technician I,Production,SVG,Part-Time,Male,7.5,51.0,1,4,1,Fully Meets,2,0.22910139740858534,Low Risk,Department = Production; Division = Field Operations; education level,Maintain current engagement practices; no immediate action needed.
3907,Barrett,Wilcox,IT Support,IT/IS,PL,Full-Time,Female,4.42,62.0,2,3,5,Fully Meets,3,0.2289707980907797,Low Risk,low performance rating; Race = White; MaritalStatus = Married,Maintain current engagement practices; no immediate action needed.
1837,Colton,Decker,Production Technician II,Production,NEL,Part-Time,Female,4.94,51.0,3,1,3,Needs Improvement,3,0.22883632489812408,Low Risk,Department = Production; low performance rating; low engagement,Maintain current engagement practices; no immediate action needed.
1571,Nick,Merritt,Production Technician I,Production,PL,Part-Time,Female,5.17,40.0,2,3,4,Exceeds,3,0.22877149306181419,Low Risk,Department = Production; low performance rating; JobFunctionDescription = Specialist,Maintain current engagement practices; no immediate action needed.
1455,Alonso,Williams,Production Technician I,Production,PL,Contract,Female,6.58,31.0,2,2,4,Needs Improvement,3,0.22865187638540097,Low Risk,Department = Production; low performance rating; training investment,Maintain current engagement practices; no immediate action needed.
2803,Rebecca,Francis,Production Technician I,Production,PL,Part-Time,Female,6.21,61.0,4,4,5,Fully Meets,5,0.22854775971187877,Low Risk,Department = Production; MaritalStatus = Married; low satisfaction score,Maintain current engagement practices; no immediate action needed.
2765,Rex,England,Production Technician I,Production,PL,Full-Time,Male,6.93,59.0,1,3,3,Fully Meets,4,0.22848355333109288,Low Risk,Department = Production; low performance rating; desired salary at hire,Maintain current engagement practices; no immediate action needed.
3359,Anika,Arroyo,Production Technician I,Production,WBL,Full-Time,Male,5.65,46.0,1,3,3,Exceeds,3,0.22835020987509447,Low Risk,Department = Production; low performance rating; age,Maintain current engagement practices; no immediate action needed.
3958,Mohammed,Orr,Database Administrator,IT/IS,TNS,Part-Time,Female,5.84,52.0,3,5,1,PIP,3,0.22833472203417582,Low Risk,low performance rating; desired salary at hire; training investment,Maintain current engagement practices; no immediate action needed.
3748,Aron,Ali,Production Technician I,Production,SVG,Full-Time,Male,7.3,57.0,1,4,3,Fully Meets,1,0.2279384889239396,Low Risk,Department = Production; Employee = Full-Time; training investment,Maintain current engagement practices; no immediate action needed.
1670,Ernest,Munoz,Sales Manager,IT/IS,EW,Contract,Female,7.02,66.0,2,2,2,Fully Meets,3,0.22769722258512662,Low Risk,low performance rating; Gender = Female; training investment,Maintain current engagement practices; no immediate action needed.
1055,Chaz,Webb,Software Engineer,Software Engineering,PYZ,Contract,Female,7.88,31.0,4,3,1,Fully Meets,3,0.22757252654060858,Low Risk,low performance rating; low satisfaction score; Division = Field Operations,Maintain current engagement practices; no immediate action needed.
3700,Brenden,Nash,Production Technician I,Production,PL,Part-Time,Male,6.75,38.0,1,4,1,PIP,1,0.22745472458525554,Low Risk,Department = Production; desired salary at hire; Employee = Part-Time,Maintain current engagement practices; no immediate action needed.
3026,Ayanna,Garrison,Production Technician II,Production,EW,Contract,Female,3.92,83.0,2,3,4,Fully Meets,2,0.22744372428978005,Low Risk,Department = Production; desired salary at hire; Gender = Female,Maintain current engagement practices; no immediate action needed.
1466,Chanel,Dougherty,Production Technician I,Production,PYZ,Full-Time,Female,5.39,37.0,4,1,5,Exceeds,3,0.22735361283696026,Low Risk,Department = Production; low performance rating; low satisfaction score,Maintain current engagement practices; no immediate action needed.
3952,Kramer,Simard,Data Analyst,IT/IS,EW,Full-Time,Male,5.37,76.0,4,1,1,Fully Meets,3,0.22703989981798864,Low Risk,low performance rating; training investment; Division = Finance & Accounting,Maintain current engagement practices; no immediate action needed.
3434,Sharlene,Terry,Area Sales Manager,Sales,CCDR,Contract,Female,2.23,69.0,4,1,2,Fully Meets,2,0.22697865368334444,Low Risk,short tenure; Gender = Female; low satisfaction score,Maintain current engagement practices; no immediate action needed.
1865,Lane,Church,Production Technician I,Production,SVG,Part-Time,Female,5.44,57.0,3,1,4,Exceeds,3,0.22687840022032504,Low Risk,Department = Production; low performance rating; education level,Maintain current engagement practices; no immediate action needed.
3976,Kinsley,Braun,Sr. DBA,IT/IS,MSC,Full-Time,Female,4.76,35.0,5,4,1,Fully Meets,3,0.2268636446180686,Low Risk,low performance rating; age; Gender = Female,Maintain current engagement practices; no immediate action needed.
1418,Kaiden,Leblanc,Production Technician I,Production,NEL,Part-Time,Female,7.83,26.0,1,2,3,Needs Improvement,3,0.22678508552747018,Low Risk,Department = Production; low performance rating; desired salary at hire,Maintain current engagement practices; no immediate action needed.
2843,Manuel,Haley,Production Technician II,Production,SVG,Full-Time,Male,4.67,84.0,1,5,4,Fully Meets,1,0.2265655509169862,Low Risk,Department = Production; training investment; Employee = Full-Time,Maintain current engagement practices; no immediate action needed.
2973,Jacquelyn,Williams,Production Technician I,Production,SVG,Part-Time,Female,6.65,75.0,3,1,3,Fully Meets,5,0.22611878921265127,Low Risk,Department = Production; low performance rating; low engagement,Maintain current engagement practices; no immediate action needed.
1816,Jamari,Dunn,Production Technician II,Production,NEL,Contract,Female,5.91,75.0,3,4,1,Fully Meets,3,0.2260760627353,Low Risk,Department = Production; low performance rating; BusinessUnit = NEL,Maintain current engagement practices; no immediate action needed.
2708,Theodore,Castro,Area Sales Manager,Sales,PYZ,Full-Time,Male,0.16,61.0,3,1,5,Fully Meets,2,0.22589702913800921,Low Risk,short tenure; training investment; MaritalStatus = Married,Maintain current engagement practices; no immediate action needed.
1620,Evie,Mclaughlin,Production Technician I,Production,EW,Contract,Male,6.16,59.0,3,5,2,Needs Improvement,3,0.22588464182262002,Low Risk,Department = Production; low performance rating; JobFunctionDescription = Executive Assistant,Maintain current engagement practices; no immediate action needed.
2525,Larry,Novak,Director of Operations,Sales,SVG,Full-Time,Male,1.79,74.0,5,2,1,Fully Meets,2,0.22579738159139676,Low Risk,short tenure; Employee = Full-Time; Race = Other,Maintain current engagement practices; no immediate action needed.
3276,Catherine,Anthony,Production Technician I,Production,CCDR,Contract,Male,5.5,30.0,2,2,4,Fully Meets,2,0.22572280861023694,Low Risk,Department = Production; experience level; PayZone = Zone A,Maintain current engagement practices; no immediate action needed.
2330,John,Forbes,Data Analyst,Production,SVG,Full-Time,Male,4.77,69.0,4,3,5,Fully Meets,2,0.225716423749717,Low Risk,Department = Production; Race = Other; low satisfaction score,Maintain current engagement practices; no immediate action needed.
2641,Gwendolyn,Mccall,Area Sales Manager,Sales,CCDR,Full-Time,Male,0.9,51.0,3,2,5,Fully Meets,2,0.2254707353084913,Low Risk,short tenure; Employee = Full-Time; MaritalStatus = Married,Maintain current engagement practices; no immediate action needed.
1065,Nathaly,Cooper,Software Engineer,Software Engineering,EW,Contract,Male,7.91,31.0,3,5,4,Fully Meets,3,0.2251816468680995,Low Risk,Department = Software Engineering; low performance rating; JobFunctionDescription = Engineer,Maintain current engagement practices; no immediate action needed.
3218,Spencer,Cole,Production Technician I,Production,SVG,Full-Time,Male,7.89,55.0,2,2,5,Fully Meets,5,0.22513623740074398,Low Risk,Department = Production; Division = Field Operations; Race = Other,Maintain current engagement practices; no immediate action needed.
2719,Clara,Stewart,Area Sales Manager,Sales,NEL,Contract,Male,0.76,30.0,5,5,5,Fully Meets,4,0.22503236899179446,Low Risk,short tenure; low performance rating; Division = Finance & Accounting,Maintain current engagement practices; no immediate action needed.
1662,Peter,Wong,BI Developer,IT/IS,PL,Contract,Female,7.67,63.0,4,2,5,Fully Meets,3,0.22495841979988696,Low Risk,low performance rating; low satisfaction score; JobFunctionDescription = Engineer,Maintain current engagement practices; no immediate action needed.
1841,Remington,Bullock,Production Technician I,Production,NEL,Contract,Female,7.95,68.0,5,3,3,Exceeds,3,0.22495587412322388,Low Risk,Department = Production; low performance rating; low satisfaction score,Maintain current engagement practices; no immediate action needed.
2546,Deven,Huff,IT Director,IT/IS,PL,Part-Time,Male,3.71,36.0,4,4,5,Fully Meets,4,0.22493632537089836,Low Risk,Division = Finance & Accounting; Employee = Part-Time; low performance rating,Maintain current engagement practices; no immediate action needed.
1705,Randall,Miller,BI Director,IT/IS,EW,Part-Time,Female,7.81,68.0,4,4,1,Fully Meets,3,0.22491258753486998,Low Risk,low performance rating; low satisfaction score; EmployeeClassification = Full-Time,Maintain current engagement practices; no immediate action needed.
2962,Gerald,Johnston,Production Technician I,Production,EW,Full-Time,Female,6.62,44.0,2,1,3,Fully Meets,1,0.22467958274093083,Low Risk,Department = Production; training investment; Gender = Female,Maintain current engagement practices; no immediate action needed.
2778,Javon,Mckenzie,Production Technician I,Production,WBL,Part-Time,Male,5.65,71.0,1,1,4,Fully Meets,5,0.22467754829528233,Low Risk,Department = Production; low performance rating; training investment,Maintain current engagement practices; no immediate action needed.
3461,Lincoln,Compton,Area Sales Manager,Sales,EW,Full-Time,Male,2.21,29.0,4,1,4,Needs Improvement,1,0.2246387282695587,Low Risk,short tenure; Employee = Full-Time; low satisfaction score,Maintain current engagement practices; no immediate action needed.
2409,Kaitlin,Cooke,Data Analyst,IT/IS,TNS,Full-Time,Female,6.47,30.0,3,3,3,Fully Meets,4,0.22462133020285213,Low Risk,low performance rating; Gender = Female; Race = White,Maintain current engagement practices; no immediate action needed.
3459,Saniya,Yu,Area Sales Manager,Sales,CCDR,Part-Time,Male,1.17,82.0,4,4,3,Exceeds,2,0.2246025586999317,Low Risk,short tenure; low satisfaction score; PayZone = Zone A,Maintain current engagement practices; no immediate action needed.
2575,Ricardo,Gonzales,Area Sales Manager,Sales,PYZ,Contract,Male,1.91,75.0,3,4,4,Fully Meets,4,0.22451822044489997,Low Risk,short tenure; low performance rating; desired salary at hire,Maintain current engagement practices; no immediate action needed.
3478,Thomas,Chandler,Area Sales Manager,Sales,WBL,Full-Time,Female,0.31,69.0,4,3,1,Fully Meets,2,0.2244336032959026,Low Risk,short tenure; Gender = Female; low satisfaction score,Maintain current engagement practices; no immediate action needed.
2574,Giovanni,Leruth,Area Sales Manager,Sales,EW,Full-Time,Male,0.7,55.0,1,3,4,Fully Meets,2,0.22434462926292692,Low Risk,short tenure; Employee = Full-Time; JobFunctionDescription = Engineer,Maintain current engagement practices; no immediate action needed.
2879,Trystan,Fernandez,Production Technician I,Production,PYZ,Full-Time,Male,7.6,64.0,5,1,2,Fully Meets,2,0.2242283247894091,Low Risk,Department = Production; Employee = Full-Time; poor work-life balance,Maintain current engagement practices; no immediate action needed.
1271,Harley,Abbott,Production Technician I,Production,PYZ,Full-Time,Female,6.25,75.0,1,3,5,Fully Meets,3,0.22414554153125077,Low Risk,Department = Production; low performance rating; Gender = Female,Maintain current engagement practices; no immediate action needed.
2326,Malakai,Whitehead,President & CEO,Production,SVG,Contract,Female,3.96,79.0,1,3,4,Fully Meets,2,0.2241256626403584,Low Risk,Department = Production; training investment; training investment,Maintain current engagement practices; no immediate action needed.
3451,Carlee,French,Area Sales Manager,Sales,TNS,Contract,Male,1.73,59.0,1,5,2,Exceeds,3,0.2240989308277481,Low Risk,short tenure; low performance rating; Race = Other,Maintain current engagement practices; no immediate action needed.
3394,Harley,Beard,Production Technician I,Production,WBL,Contract,Male,5.17,77.0,5,1,5,Fully Meets,2,0.22404995908026037,Low Risk,Department = Production; PayZone = Zone B; low satisfaction score,Maintain current engagement practices; no immediate action needed.
1569,Alice,Craig,Production Technician I,Production,WBL,Part-Time,Male,5.47,51.0,3,1,1,Fully Meets,3,0.22397204348836913,Low Risk,Department = Production; low performance rating; poor work-life balance,Maintain current engagement practices; no immediate action needed.
1464,Dustin,Beasley,Production Technician I,Production,NEL,Part-Time,Female,7.49,69.0,5,2,1,Exceeds,3,0.22378256032165378,Low Risk,Department = Production; low performance rating; low satisfaction score,Maintain current engagement practices; no immediate action needed.
1381,Emiliano,Young,Sr. Network Engineer,IT/IS,PYZ,Full-Time,Female,3.77,26.0,2,2,1,PIP,3,0.22373622871202306,Low Risk,low performance rating; experience level; Gender = Female,Maintain current engagement practices; no immediate action needed.
1561,Shamar,Cross,Production Technician I,Production,PL,Contract,Female,5.45,70.0,1,5,3,Fully Meets,3,0.22366411883293652,Low Risk,Department = Production; low performance rating; desired salary at hire,Maintain current engagement practices; no immediate action needed.
3123,Zaiden,Leblanc,Production Technician I,Production,TNS,Full-Time,Male,5.04,75.0,2,5,2,Fully Meets,4,0.22345070148457893,Low Risk,Department = Production; low performance rating; BusinessUnit = TNS,Maintain current engagement practices; no immediate action needed.
2727,Uriah,Briggs,Area Sales Manager,Sales,PYZ,Contract,Male,1.85,42.0,3,1,3,Fully Meets,5,0.22344242352730162,Low Risk,short tenure; age; low performance rating,Maintain current engagement practices; no immediate action needed.
1677,Sadie,Sheppard,Area Sales Manager,IT/IS,WBL,Part-Time,Female,3.99,61.0,4,5,5,Fully Meets,3,0.2234151791309283,Low Risk,low performance rating; low satisfaction score; Race = Other,Maintain current engagement practices; no immediate action needed.
3552,Harper,Ramos,Area Sales Manager,Sales,PL,Full-Time,Male,0.3,84.0,4,3,2,Needs Improvement,1,0.22299716118591884,Low Risk,short tenure; Employee = Full-Time; low satisfaction score,Maintain current engagement practices; no immediate action needed.
3710,Dean,Middleton,Production Technician I,Production,PL,Full-Time,Female,4.74,66.0,5,5,3,Exceeds,1,0.22296206855585737,Low Risk,Department = Production; Gender = Female; Employee = Full-Time,Maintain current engagement practices; no immediate action needed.
2715,Alejandro,Wilkinson,Area Sales Manager,Sales,PL,Full-Time,Female,3.48,31.0,5,3,1,Fully Meets,4,0.22287659825184028,Low Risk,Gender = Female; low performance rating; training investment,Maintain current engagement practices; no immediate action needed.
2787,Caden,Taylor,Production Technician II,Production,WBL,Contract,Female,5.26,78.0,2,4,5,Fully Meets,4,0.22287340413121967,Low Risk,Department = Production; low performance rating; education level,Maintain current engagement practices; no immediate action needed.
2831,Craig,Sherman,Production Technician I,Production,PL,Full-Time,Male,4.99,74.0,1,5,4,Fully Meets,2,0.2227678681634958,Low Risk,Department = Production; EmployeeClassification = Full-Time; training investment,Maintain current engagement practices; no immediate action needed.
3932,Ari,Anthony,IT Support,IT/IS,EW,Contract,Female,3.94,61.0,5,5,4,Fully Meets,3,0.22276520743047323,Low Risk,low performance rating; low satisfaction score; Division = General - Eng,Maintain current engagement practices; no immediate action needed.
3983,Kaylie,Velazquez,Database Administrator,IT/IS,SVG,Full-Time,Female,4.12,62.0,3,4,1,Exceeds,3,0.22257230695607863,Low Risk,low performance rating; training investment; Division = Field Operations,Maintain current engagement practices; no immediate action needed.
1590,Alessandro,Fuller,Production Technician I,Production,TNS,Part-Time,Male,4.88,43.0,1,5,3,Fully Meets,3,0.2225272789814904,Low Risk,Department = Production; low performance rating; training investment,Maintain current engagement practices; no immediate action needed.
3957,Makaila,Nixon,Database Administrator,IT/IS,MSC,Contract,Female,4.56,36.0,2,3,4,Fully Meets,3,0.2222613823432664,Low Risk,low performance rating; Gender = Female; Race = Other,Maintain current engagement practices; no immediate action needed.
2164,Kyler,Burton,Production Technician II,Production,PL,Part-Time,Female,5.82,76.0,1,3,3,Exceeds,3,0.22210422204337532,Low Risk,Department = Production; low performance rating; Employee = Part-Time,Maintain current engagement practices; no immediate action needed.
3953,Mark,Griffith,Data Analyst,IT/IS,BPC,Full-Time,Female,4.94,61.0,4,3,4,Fully Meets,3,0.22207581910422367,Low Risk,low performance rating; low satisfaction score; EmployeeClassification = Full-Time,Maintain current engagement practices; no immediate action needed.
3387,Sabrina,Holt,Production Technician II,Production,NEL,Full-Time,Male,7.39,61.0,3,1,4,Fully Meets,3,0.22197721622688235,Low Risk,Department = Production; low performance rating; BusinessUnit = NEL,Maintain current engagement practices; no immediate action needed.
1967,Dawn,Motlagh,Production Technician I,Production,PL,Part-Time,Female,7.49,32.0,2,4,4,Fully Meets,3,0.22193904046982288,Low Risk,Department = Production; low performance rating; training investment,Maintain current engagement practices; no immediate action needed.
3320,Zachery,Moreno,Production Technician II,Production,PL,Part-Time,Male,6.19,57.0,4,1,4,Fully Meets,5,0.22140804318575077,Low Risk,Department = Production; low performance rating; PayZone = Zone A,Maintain current engagement practices; no immediate action needed.
3821,Jeremiah,Semizoglou,Sr. Network Engineer,IT/IS,TNS,Contract,Male,4.6,45.0,4,5,4,Fully Meets,3,0.2213441204946801,Low Risk,low performance rating; Race = White; low satisfaction score,Maintain current engagement practices; no immediate action needed.
1742,Maryellen,Jackson,Production Technician I,Production,TNS,Part-Time,Female,5.56,55.0,5,5,3,Fully Meets,3,0.2211548383850104,Low Risk,Department = Production; low performance rating; BusinessUnit = TNS,Maintain current engagement practices; no immediate action needed.
1714,Tess,Reilly,Sales Manager,Sales,EW,Full-Time,Female,4.53,26.0,2,1,3,Fully Meets,3,0.2210785670424073,Low Risk,low performance rating; Gender = Female; MaritalStatus = Married,Maintain current engagement practices; no immediate action needed.
2602,Jacquelyn,Austin,Accountant I,Admin Offices,EW,Full-Time,Female,3.3,44.0,5,5,2,Fully Meets,2,0.22068993266268455,Low Risk,BusinessUnit = EW; low satisfaction score; Gender = Female,Maintain current engagement practices; no immediate action needed.
3922,Kaitlin,Hickman,IT Support,IT/IS,CCDR,Part-Time,Female,7.58,30.0,3,5,1,Fully Meets,3,0.22049814657678535,Low Risk,low performance rating; Gender = Female; training investment,Maintain current engagement practices; no immediate action needed.
1390,Cayo,Gonzalez,Production Technician I,Production,SVG,Contract,Male,7.54,71.0,3,2,4,Exceeds,3,0.22042983277080178,Low Risk,Department = Production; low performance rating; desired salary at hire,Maintain current engagement practices; no immediate action needed.
1507,Evelin,Sellers,Production Technician I,Production,PL,Full-Time,Female,5.01,30.0,2,1,1,Fully Meets,3,0.22040907710754248,Low Risk,Department = Production; low performance rating; Gender = Female,Maintain current engagement practices; no immediate action needed.
2908,Shyanne,Cooper,Production Technician II,Production,TNS,Contract,Male,5.35,46.0,2,4,5,Exceeds,1,0.22037078526814047,Low Risk,Department = Production; training investment; JobFunctionDescription = Coordinator,Maintain current engagement practices; no immediate action needed.
2951,Aleena,David,Production Technician II,Production,TNS,Full-Time,Female,7.17,83.0,1,3,3,Fully Meets,2,0.2202284284681077,Low Risk,Department = Production; Gender = Female; Employee = Full-Time,Maintain current engagement practices; no immediate action needed.
2566,Elisabeth,Bradley,Software Engineering Manager,Software Engineering,CCDR,Full-Time,Male,3.85,60.0,2,3,2,Fully Meets,2,0.21982979258543922,Low Risk,Race = Other; Department = Software Engineering; Employee = Full-Time,Maintain current engagement practices; no immediate action needed.
3013,Deja,Ritter,Production Technician I,Production,CCDR,Full-Time,Female,7.19,44.0,2,5,4,PIP,1,0.21971857206668166,Low Risk,Department = Production; JobFunctionDescription = Splicer; Gender = Female,Maintain current engagement practices; no immediate action needed.
3449,Gerald,Preston,Area Sales Manager,Sales,EW,Contract,Male,0.05,34.0,2,3,1,Fully Meets,5,0.21966342472332273,Low Risk,short tenure; low performance rating; low performance score,Maintain current engagement practices; no immediate action needed.
1846,Winston,Callahan,Production Technician I,Production,EW,Full-Time,Male,6.65,80.0,4,5,1,Needs Improvement,3,0.21954057143263356,Low Risk,Department = Production; low performance rating; Employee = Full-Time,Maintain current engagement practices; no immediate action needed.
1743,David,Gordon,Production Technician I,Production,SVG,Full-Time,Male,7.65,25.0,1,4,5,Fully Meets,3,0.2195275461878871,Low Risk,Department = Production; low performance rating; experience level,Maintain current engagement practices; no immediate action needed.
1148,Jaxon,Anderson,Production Technician II,Production,PL,Part-Time,Female,7.44,83.0,1,4,3,Fully Meets,3,0.21939476486664375,Low Risk,Department = Production; MaritalStatus = Married; low performance rating,Maintain current engagement practices; no immediate action needed.
1378,Konnor,Rivas,Accountant I,Admin Offices,EW,Full-Time,Female,4.12,51.0,4,1,5,PIP,3,0.21922916177611115,Low Risk,low performance rating; Race = White; MaritalStatus = Married,Maintain current engagement practices; no immediate action needed.
2388,Madden,Roman,Network Engineer,Production,EW,Contract,Male,5.88,73.0,2,5,4,Fully Meets,2,0.2192173384864452,Low Risk,Department = Production; experience level; JobFunctionDescription = Engineer,Maintain current engagement practices; no immediate action needed.
3104,Ashton,Winters,Production Technician I,Production,PYZ,Contract,Female,4.16,83.0,2,5,3,Fully Meets,2,0.21921424971345804,Low Risk,Department = Production; Gender = Female; desired salary at hire,Maintain current engagement practices; no immediate action needed.
1061,Isai,Alvarado,Shared Services Manager,Software Engineering,EW,Part-Time,Female,3.68,33.0,3,3,1,Fully Meets,3,0.21880760493279552,Low Risk,low performance rating; Race = Other; JobFunctionDescription = Specialist,Maintain current engagement practices; no immediate action needed.
1335,Makenna,Newton,Software Engineer,Software Engineering,NEL,Contract,Female,4.73,79.0,5,4,5,Fully Meets,3,0.21874023848939436,Low Risk,low performance rating; PayZone = Zone A; low satisfaction score,Maintain current engagement practices; no immediate action needed.
3743,Mercedes,Cook,Production Technician I,Production,WBL,Contract,Male,6.15,76.0,1,2,3,Fully Meets,2,0.21872905608359233,Low Risk,Department = Production; MaritalStatus = Married; experience level,Maintain current engagement practices; no immediate action needed.
2256,Kaylyn,Pham,IT Support,IT/IS,WBL,Part-Time,Female,6.62,45.0,5,5,4,Fully Meets,5,0.2186386853295162,Low Risk,low performance rating; age; Gender = Female,Maintain current engagement practices; no immediate action needed.
3054,Zaniyah,Mccarthy,Production Technician I,Production,SVG,Contract,Male,5.75,77.0,5,5,2,Fully Meets,1,0.2186065323336751,Low Risk,Department = Production; Race = White; Division = Field Operations,Maintain current engagement practices; no immediate action needed.
1080,Abdullah,Frederick,Shared Services Manager,Software Engineering,NEL,Part-Time,Male,5.69,38.0,1,3,3,Fully Meets,3,0.2184744777282795,Low Risk,low performance rating; Department = Software Engineering; JobFunctionDescription = Engineer,Maintain current engagement practices; no immediate action needed.
3993,Sienna,Preston,Data Analyst,IT/IS,PYZ,Contract,Female,4.09,30.0,4,3,4,Fully Meets,3,0.21847142888186377,Low Risk,low performance rating; low satisfaction score; Gender = Female,Maintain current engagement practices; no immediate action needed.
2484,Brian,Champaigne,BI Director,IT/IS,SVG,Part-Time,Male,4.58,79.0,2,1,2,Fully Meets,4,0.21838468934123995,Low Risk,JobFunctionDescription = Laborer; low performance rating; PayZone = Zone A,Maintain current engagement practices; no immediate action needed.
2559,Monserrat,Ferguson,Software Engineer,Software Engineering,NEL,Part-Time,Male,4.24,69.0,5,3,3,Fully Meets,1,0.21835160634784193,Low Risk,Race = White; Department = Software Engineering; low satisfaction score,Maintain current engagement practices; no immediate action needed.
1333,Cloe,Mcgrath,Sr. Network Engineer,IT/IS,WBL,Part-Time,Male,4.37,48.0,4,3,5,Fully Meets,3,0.21822902655821844,Low Risk,low performance rating; JobFunctionDescription = Laborer; low satisfaction score,Maintain current engagement practices; no immediate action needed.
3611,Rowan,Cobb,Production Technician I,Production,WBL,Contract,Female,5.38,75.0,3,2,4,Fully Meets,2,0.21800675002745065,Low Risk,Department = Production; desired salary at hire; Gender = Female,Maintain current engagement practices; no immediate action needed.
3939,Thomas,Murray,Data Analyst,IT/IS,CCDR,Part-Time,Male,6.89,34.0,2,5,4,Fully Meets,3,0.21796101698964687,Low Risk,low performance rating; experience level; Employee = Part-Time,Maintain current engagement practices; no immediate action needed.
2123,Chace,Farley,Production Technician I,Production,CCDR,Contract,Female,4.87,47.0,5,3,3,Exceeds,2,0.21780080563254434,Low Risk,Department = Production; Gender = Female; PayZone = Zone B,Maintain current engagement practices; no immediate action needed.
3482,Cristal,Bolton,Area Sales Manager,Sales,CCDR,Full-Time,Male,1.28,36.0,5,4,5,Needs Improvement,2,0.21774074160627033,Low Risk,short tenure; Employee = Full-Time; PayZone = Zone A,Maintain current engagement practices; no immediate action needed.
3520,Caiden,Munoz,Area Sales Manager,Sales,TNS,Full-Time,Female,2.08,63.0,1,5,1,Fully Meets,1,0.21772486703142974,Low Risk,short tenure; Gender = Female; Employee = Full-Time,Maintain current engagement practices; no immediate action needed.
3635,Kylee,Bates,Production Technician I,Production,WBL,Part-Time,Female,5.75,48.0,5,1,4,Fully Meets,4,0.21761512504457098,Low Risk,Department = Production; low performance rating; age,Maintain current engagement practices; no immediate action needed.
3117,Camren,Bridges,Production Technician II,Production,PL,Part-Time,Female,6.75,85.0,3,2,1,Fully Meets,2,0.21754786829386735,Low Risk,Department = Production; Race = White; Gender = Female,Maintain current engagement practices; no immediate action needed.
3960,Andreas,Torres,CIO,IT/IS,WBL,Part-Time,Male,7.96,79.0,4,3,1,Fully Meets,3,0.21753766251518594,Low Risk,low performance rating; low satisfaction score; poor work-life balance,Maintain current engagement practices; no immediate action needed.
1029,Brittany,Hurley,Software Engineer,Software Engineering,SVG,Part-Time,Female,6.24,47.0,5,3,4,Fully Meets,3,0.2174634575565447,Low Risk,low performance rating; training investment; JobFunctionDescription = Specialist,Maintain current engagement practices; no immediate action needed.
1625,Kurt,Navathe,Senior BI Developer,IT/IS,NEL,Part-Time,Male,4.14,49.0,2,5,2,Exceeds,3,0.21745859785089172,Low Risk,low performance rating; Employee = Part-Time; age,Maintain current engagement practices; no immediate action needed.
2133,Makhi,Kramer,Production Technician I,Production,CCDR,Contract,Female,5.99,52.0,3,2,2,PIP,1,0.21731261185565393,Low Risk,Department = Production; Gender = Female; poor work-life balance,Maintain current engagement practices; no immediate action needed.
3941,Ivan,Rogers,Data Analyst,IT/IS,BPC,Full-Time,Male,7.72,41.0,3,2,3,Fully Meets,3,0.21705741974191228,Low Risk,low performance rating; training investment; Race = White,Maintain current engagement practices; no immediate action needed.
1940,Dario,Shaw,Production Technician II,Sales,TNS,Contract,Female,3.16,84.0,4,3,5,Fully Meets,3,0.2169507877283246,Low Risk,low performance rating; Gender = Female; PayZone = Zone A,Maintain current engagement practices; no immediate action needed.
1280,Natalie,Christensen,Production Technician I,Production,MSC,Full-Time,Male,4.53,82.0,2,3,2,Fully Meets,3,0.2168628977919064,Low Risk,Department = Production; low performance rating; education level,Maintain current engagement practices; no immediate action needed.
3556,Damien,Howe,Area Sales Manager,Sales,CCDR,Full-Time,Male,0.5,65.0,2,2,3,Exceeds,2,0.21681945195033914,Low Risk,short tenure; Employee = Full-Time; Race = White,Maintain current engagement practices; no immediate action needed.
2593,Sage,Booker,Area Sales Manager,Sales,MSC,Contract,Male,2.56,54.0,1,3,2,Fully Meets,1,0.21679653170745283,Low Risk,short tenure; PayZone = Zone A; age,Maintain current engagement practices; no immediate action needed.
3768,Morgan,Blackwell,Production Technician I,Production,SVG,Contract,Female,5.57,35.0,4,2,1,Fully Meets,4,0.21673668879306043,Low Risk,Department = Production; low performance rating; low performance score,Maintain current engagement practices; no immediate action needed.
2105,Joel,Hanson,Production Technician I,Production,PYZ,Part-Time,Female,6.52,66.0,4,3,2,Needs Improvement,4,0.21670143253392316,Low Risk,Department = Production; low performance rating; Gender = Female,Maintain current engagement practices; no immediate action needed.
2742,Samir,Gray,Area Sales Manager,Sales,PYZ,Full-Time,Male,0.65,35.0,3,5,4,Fully Meets,2,0.2166349823391784,Low Risk,short tenure; Employee = Full-Time; PayZone = Zone B,Maintain current engagement practices; no immediate action needed.
2290,Debra,Houlihan,Director of Sales,Sales,EW,Full-Time,Female,2.6,84.0,1,4,3,Fully Meets,2,0.21647739758753404,Low Risk,short tenure; Gender = Female; PayZone = Zone B,Maintain current engagement practices; no immediate action needed.
1031,Ruben,Martinez,Software Engineer,Software Engineering,WBL,Part-Time,Male,5.24,54.0,3,5,2,Fully Meets,3,0.21645163219242955,Low Risk,low performance rating; Department = Software Engineering; Race = White,Maintain current engagement practices; no immediate action needed.
3544,Samara,Mcbride,Area Sales Manager,Sales,TNS,Contract,Male,0.03,26.0,5,3,3,Fully Meets,2,0.2164180135083411,Low Risk,short tenure; low satisfaction score; PayZone = Zone A,Maintain current engagement practices; no immediate action needed.
2956,Aarav,Espinoza,Production Technician I,Production,WBL,Part-Time,Male,6.7,27.0,4,5,1,Fully Meets,2,0.21610136838059135,Low Risk,Department = Production; low satisfaction score; experience level,Maintain current engagement practices; no immediate action needed.
1712,Quintin,Hicks,Senior BI Developer,IT/IS,CCDR,Full-Time,Female,7.62,54.0,2,3,3,Fully Meets,3,0.2156104557687498,Low Risk,low performance rating; Gender = Female; JobFunctionDescription = Engineer,Maintain current engagement practices; no immediate action needed.
1938,Madalynn,Yates,Production Technician II,Sales,TNS,Part-Time,Female,6.34,69.0,4,1,3,Fully Meets,3,0.21556737489130057,Low Risk,low performance rating; Gender = Female; low satisfaction score,Maintain current engagement practices; no immediate action needed.
3546,Paris,Carr,Area Sales Manager,Sales,CCDR,Full-Time,Male,1.49,46.0,5,2,5,Exceeds,1,0.21534937017992628,Low Risk,short tenure; Employee = Full-Time; age,Maintain current engagement practices; no immediate action needed.
1696,Joshua,Hall,BI Developer,IT/IS,NEL,Full-Time,Male,4.71,64.0,4,4,1,Fully Meets,3,0.2152401791651927,Low Risk,low performance rating; Division = General - Eng; low satisfaction score,Maintain current engagement practices; no immediate action needed.
3480,Jerimiah,Harmon,Area Sales Manager,Sales,PL,Full-Time,Female,0.1,80.0,5,1,3,Fully Meets,1,0.21523388044877345,Low Risk,short tenure; Gender = Female; low satisfaction score,Maintain current engagement practices; no immediate action needed.
1013,Jasmin,Shah,Software Engineer,Software Engineering,PYZ,Part-Time,Male,6.2,52.0,4,5,3,Fully Meets,3,0.21523180163163028,Low Risk,low performance rating; Department = Software Engineering; low satisfaction score,Maintain current engagement practices; no immediate action needed.
2120,Simeon,Pittman,Production Technician II,Production,MSC,Contract,Female,7.81,60.0,4,4,1,Needs Improvement,2,0.21520357178039853,Low Risk,Department = Production; experience level; low satisfaction score,Maintain current engagement practices; no immediate action needed.
3835,Axel,Higgins,IT Support,IT/IS,NEL,Part-Time,Male,3.93,33.0,3,5,1,Fully Meets,3,0.21514521372488224,Low Risk,low performance rating; Employee = Part-Time; BusinessUnit = NEL,Maintain current engagement practices; no immediate action needed.
2655,Amanda,Allison,Area Sales Manager,Sales,NEL,Contract,Male,0.68,62.0,5,2,5,Fully Meets,2,0.21485900133265184,Low Risk,short tenure; BusinessUnit = NEL; PayZone = Zone A,Maintain current engagement practices; no immediate action needed.
3512,Tyrone,Sosa,Area Sales Manager,Sales,NEL,Contract,Female,0.18,30.0,1,5,3,Fully Meets,2,0.21480869890271043,Low Risk,short tenure; Gender = Female; BusinessUnit = NEL,Maintain current engagement practices; no immediate action needed.
2797,Zaria,Kidd,Production Technician I,Production,WBL,Contract,Male,5.16,62.0,1,2,2,Exceeds,1,0.21447415982068843,Low Risk,Department = Production; education level; poor work-life balance,Maintain current engagement practices; no immediate action needed.
2281,Elijiah,Gray,Production Manager,Production,PL,Full-Time,Male,6.87,28.0,4,1,2,Fully Meets,4,0.21436231002378828,Low Risk,Department = Production; low performance rating; experience level,Maintain current engagement practices; no immediate action needed.
3986,Dennis,Key,Database Administrator,IT/IS,TNS,Part-Time,Female,6.38,54.0,3,4,2,Fully Meets,3,0.2143559886652689,Low Risk,low performance rating; Gender = Female; training investment,Maintain current engagement practices; no immediate action needed.
2218,Abdullah,Arellano,IT Manager - DB,IT/IS,SVG,Part-Time,Female,3.66,59.0,1,4,5,Exceeds,4,0.21435490509249963,Low Risk,training investment; low performance rating; Employee = Part-Time,Maintain current engagement practices; no immediate action needed.
2625,Jaron,Rojas,Area Sales Manager,Sales,EW,Full-Time,Male,0.47,83.0,5,5,3,Fully Meets,2,0.21424662739291217,Low Risk,short tenure; low satisfaction score; Employee = Full-Time,Maintain current engagement practices; no immediate action needed.
1463,Bo,Bradford,Production Technician I,Production,MSC,Contract,Female,5.8,51.0,4,5,5,Exceeds,3,0.21412503773714414,Low Risk,Department = Production; low performance rating; low satisfaction score,Maintain current engagement practices; no immediate action needed.
2395,Terrell,Guerra,Production Manager,Production,PYZ,Part-Time,Male,6.63,43.0,1,1,4,Fully Meets,1,0.2140639222478247,Low Risk,Department = Production; training investment; JobFunctionDescription = Engineer,Maintain current engagement practices; no immediate action needed.
3891,Brooklynn,Greene,Network Engineer,IT/IS,BPC,Full-Time,Male,4.17,66.0,2,3,2,Fully Meets,3,0.2138570670896739,Low Risk,low performance rating; JobFunctionDescription = Engineer; BusinessUnit = BPC,Maintain current engagement practices; no immediate action needed.
1044,Shyanne,Stark,Shared Services Manager,Software Engineering,NEL,Contract,Female,5.86,70.0,4,2,5,Fully Meets,3,0.21379972463780395,Low Risk,low performance rating; low satisfaction score; PayZone = Zone A,Maintain current engagement practices; no immediate action needed.
3462,Aliana,Nolan,Area Sales Manager,Sales,MSC,Contract,Male,3.01,84.0,3,3,1,Needs Improvement,3,0.21372888039722274,Low Risk,low performance rating; BusinessUnit = MSC; JobFunctionDescription = Coordinator,Maintain current engagement practices; no immediate action needed.
1982,Steve,Charles,Production Technician I,Production,PL,Full-Time,Female,7.7,46.0,5,3,5,Fully Meets,3,0.21368465974232312,Low Risk,Department = Production; low performance rating; low satisfaction score,Maintain current engagement practices; no immediate action needed.
1372,Frankie,Davenport,Accountant I,Admin Offices,MSC,Contract,Male,3.67,35.0,1,3,4,Exceeds,3,0.2136666497418897,Low Risk,low performance rating; Race = White; PayZone = Zone A,Maintain current engagement practices; no immediate action needed.
2808,Keagan,Villa,Production Technician II,Production,CCDR,Part-Time,Female,7.66,33.0,2,5,4,Fully Meets,4,0.2136470926315496,Low Risk,Department = Production; low performance rating; JobFunctionDescription = Engineer,Maintain current engagement practices; no immediate action needed.
3476,Charlie,Koch,Area Sales Manager,Sales,PYZ,Part-Time,Male,0.07,81.0,5,5,3,Needs Improvement,2,0.2135983371153241,Low Risk,short tenure; JobFunctionDescription = Engineer; PayZone = Zone A,Maintain current engagement practices; no immediate action needed.
3596,Kellen,Medina,Production Technician I,Production,NEL,Part-Time,Male,7.0,44.0,3,4,4,Needs Improvement,2,0.21334868998861703,Low Risk,Department = Production; training investment; BusinessUnit = NEL,Maintain current engagement practices; no immediate action needed.
2244,Monica,Pham,IT Manager - Support,IT/IS,PYZ,Contract,Female,3.98,77.0,2,4,1,Fully Meets,4,0.2131736789839953,Low Risk,low performance rating; Race = Other; Gender = Female,Maintain current engagement practices; no immediate action needed.
1085,Madelyn,Lambert,Software Engineer,Software Engineering,PYZ,Contract,Male,4.33,74.0,5,5,3,Fully Meets,3,0.21310464449331235,Low Risk,low performance rating; low satisfaction score; Race = Other,Maintain current engagement practices; no immediate action needed.
3930,Bruce,Wallace,Network Engineer,IT/IS,BPC,Contract,Female,6.67,42.0,4,4,4,Fully Meets,3,0.21309695046368562,Low Risk,low performance rating; low satisfaction score; training investment,Maintain current engagement practices; no immediate action needed.
3215,Jason,Woodson,Production Technician II,Production,SVG,Contract,Male,6.5,53.0,3,4,5,Fully Meets,3,0.21309679529965914,Low Risk,Department = Production; low performance rating; Race = White,Maintain current engagement practices; no immediate action needed.
2596,Thaddeus,Lutz,Area Sales Manager,Sales,WBL,Contract,Male,0.55,49.0,1,4,2,Fully Meets,2,0.21294372577320306,Low Risk,short tenure; age; desired salary at hire,Maintain current engagement practices; no immediate action needed.
1022,Frederick,Howe,Software Engineer,Software Engineering,PYZ,Part-Time,Male,3.85,64.0,4,1,4,Fully Meets,3,0.21269783840299206,Low Risk,low performance rating; Department = Software Engineering; PayZone = Zone A,Maintain current engagement practices; no immediate action needed.
3916,Jonas,Rowland,Network Engineer,IT/IS,WBL,Part-Time,Male,4.08,62.0,3,1,1,Fully Meets,3,0.21251420608699098,Low Risk,low performance rating; Employee = Part-Time; poor work-life balance,Maintain current engagement practices; no immediate action needed.
2201,Cayden,Bartlett,Production Technician I,Production,PYZ,Contract,Male,6.07,36.0,1,5,5,Exceeds,2,0.2122710421611992,Low Risk,Department = Production; experience level; age,Maintain current engagement practices; no immediate action needed.
2163,London,Contreras,Production Technician II,Production,NEL,Contract,Female,7.33,60.0,5,5,4,Exceeds,1,0.21206634824280396,Low Risk,Department = Production; Gender = Female; PayZone = Zone B,Maintain current engagement practices; no immediate action needed.
3924,Walter,Zuniga,Sr. Network Engineer,IT/IS,NEL,Full-Time,Male,5.18,33.0,4,2,5,Fully Meets,3,0.2114999406582861,Low Risk,low performance rating; low satisfaction score; Race = Other,Maintain current engagement practices; no immediate action needed.
1822,Cortez,Pena,Production Technician I,Production,NEL,Contract,Female,4.33,76.0,2,5,2,Fully Meets,3,0.21126792788636842,Low Risk,Department = Production; BusinessUnit = NEL; low performance rating,Maintain current engagement practices; no immediate action needed.
3487,Kimora,Parsons,Area Sales Manager,Sales,BPC,Contract,Female,3.36,32.0,4,5,1,Fully Meets,4,0.21100854946991737,Low Risk,Gender = Female; low satisfaction score; low performance rating,Maintain current engagement practices; no immediate action needed.
3199,Hannah,Jacobi,Production Technician I,Production,BPC,Full-Time,Female,7.67,49.0,4,1,4,Fully Meets,2,0.2107706526993957,Low Risk,Department = Production; JobFunctionDescription = Engineer; Gender = Female,Maintain current engagement practices; no immediate action needed.
3849,Nancy,Clay,IT Support,IT/IS,CCDR,Contract,Female,5.45,48.0,3,3,1,Fully Meets,3,0.21076118222502946,Low Risk,low performance rating; age; Gender = Female,Maintain current engagement practices; no immediate action needed.
3287,Litzy,Arias,Production Technician I,Production,PL,Part-Time,Female,5.56,47.0,1,5,2,Fully Meets,1,0.2107295073479192,Low Risk,Department = Production; desired salary at hire; PayZone = Zone A,Maintain current engagement practices; no immediate action needed.
3972,Eleanor,Patton,Database Administrator,IT/IS,TNS,Part-Time,Female,4.0,71.0,4,5,1,Fully Meets,3,0.21023127454631446,Low Risk,low performance rating; low satisfaction score; training investment,Maintain current engagement practices; no immediate action needed.
3713,Melanie,Kennedy,Production Technician I,Production,EW,Full-Time,Male,6.01,41.0,4,3,1,Fully Meets,3,0.2101493887607868,Low Risk,Department = Production; low performance rating; experience level,Maintain current engagement practices; no immediate action needed.
1794,Chance,Blackwell,Production Technician I,Production,CCDR,Contract,Female,5.17,63.0,4,4,2,Fully Meets,3,0.21012542140260362,Low Risk,Department = Production; low performance rating; Race = White,Maintain current engagement practices; no immediate action needed.
2890,Caitlyn,Vaughan,Production Technician I,Production,TNS,Full-Time,Male,3.8,38.0,5,3,5,Fully Meets,2,0.21003713935304863,Low Risk,Department = Production; training investment; experience level,Maintain current engagement practices; no immediate action needed.
2296,Ronnie,Middleton,Production Manager,Production,TNS,Full-Time,Female,4.92,53.0,4,4,5,Fully Meets,1,0.21000565009319483,Low Risk,Department = Production; Employee = Full-Time; PayZone = Zone B,Maintain current engagement practices; no immediate action needed.
1702,Alison,Pugh,Sales Manager,IT/IS,SVG,Contract,Female,4.21,37.0,1,4,2,Fully Meets,3,0.20953528700498614,Low Risk,low performance rating; training investment; Gender = Female,Maintain current engagement practices; no immediate action needed.
1632,Alma,Pennington,BI Developer,IT/IS,SVG,Full-Time,Female,4.53,56.0,4,5,4,Fully Meets,3,0.20899814808604503,Low Risk,low performance rating; low satisfaction score; Gender = Female,Maintain current engagement practices; no immediate action needed.
3085,Eileen,Oneal,Production Technician I,Production,PL,Full-Time,Female,5.91,63.0,3,4,5,Fully Meets,2,0.2088684802462133,Low Risk,Department = Production; Employee = Full-Time; desired salary at hire,Maintain current engagement practices; no immediate action needed.
3431,Jasmine,Onque,Area Sales Manager,Sales,TNS,Contract,Female,7.07,57.0,5,2,3,Fully Meets,3,0.20841895079308556,Low Risk,low performance rating; Gender = Female; JobFunctionDescription = Laborer,Maintain current engagement practices; no immediate action needed.
1001,Susan,Exantus,Software Engineer,Software Engineering,BPC,Part-Time,Female,6.91,69.0,5,2,5,Fully Meets,3,0.20832456549758804,Low Risk,low performance rating; MaritalStatus = Married; Employee = Part-Time,Maintain current engagement practices; no immediate action needed.
1344,Johan,Willis,Accountant I,Admin Offices,TNS,Part-Time,Male,3.85,46.0,4,1,5,Fully Meets,3,0.2081640179656202,Low Risk,low performance rating; age; training investment,Maintain current engagement practices; no immediate action needed.
3550,Charlie,Atkinson,Area Sales Manager,Sales,SVG,Part-Time,Male,0.88,38.0,5,3,4,Fully Meets,1,0.2076903339016361,Low Risk,short tenure; low satisfaction score; Race = White,Maintain current engagement practices; no immediate action needed.
3035,Rodney,Snow,Production Technician I,Production,PYZ,Contract,Female,7.12,76.0,4,2,5,Fully Meets,1,0.2072894947801481,Low Risk,Department = Production; low satisfaction score; Race = Other,Maintain current engagement practices; no immediate action needed.
3005,Mareli,Wilson,Production Technician II,Production,MSC,Contract,Female,5.57,84.0,5,4,1,Fully Meets,2,0.20694503151422375,Low Risk,Department = Production; desired salary at hire; Gender = Female,Maintain current engagement practices; no immediate action needed.
1072,Fernando,Mcconnell,Software Engineer,Software Engineering,BPC,Part-Time,Female,7.58,50.0,2,2,3,Fully Meets,3,0.20683695768120286,Low Risk,low performance rating; training investment; BusinessUnit = BPC,Maintain current engagement practices; no immediate action needed.
3735,Chace,Gray,Production Technician I,Production,PYZ,Contract,Male,7.16,63.0,4,4,4,Fully Meets,1,0.20663939800127365,Low Risk,Department = Production; Race = White; MaritalStatus = Married,Maintain current engagement practices; no immediate action needed.
1944,Alessandro,Chavez,Production Technician II,Sales,TNS,Part-Time,Female,6.2,63.0,4,1,1,Fully Meets,3,0.20644826635958474,Low Risk,low performance rating; Gender = Female; BusinessUnit = TNS,Maintain current engagement practices; no immediate action needed.
2946,Dahlia,Waller,Production Technician II,Production,BPC,Contract,Male,7.87,42.0,5,4,3,Needs Improvement,2,0.2061416553950395,Low Risk,Department = Production; BusinessUnit = BPC; desired salary at hire,Maintain current engagement practices; no immediate action needed.
1005,Luke,Patronick,Software Engineer,Software Engineering,SVG,Full-Time,Male,3.86,56.0,4,2,5,Fully Meets,3,0.20588686028974035,Low Risk,low performance rating; low satisfaction score; Department = Software Engineering,Maintain current engagement practices; no immediate action needed.
2675,Kayden,Fernandez,Area Sales Manager,Sales,CCDR,Part-Time,Male,1.63,80.0,4,2,4,Fully Meets,5,0.20584323589052833,Low Risk,short tenure; low performance rating; JobFunctionDescription = Engineer,Maintain current engagement practices; no immediate action needed.
3270,Brandon,Dickerson,Production Technician I,Production,TNS,Full-Time,Male,6.74,68.0,5,5,4,Fully Meets,2,0.20577972328233465,Low Risk,Department = Production; Employee = Full-Time; low satisfaction score,Maintain current engagement practices; no immediate action needed.
2603,Kaitlynn,Aguirre,Area Sales Manager,Sales,NEL,Part-Time,Male,0.61,27.0,1,4,4,Fully Meets,2,0.20566645305176243,Low Risk,short tenure; BusinessUnit = NEL; JobFunctionDescription = Splicer,Maintain current engagement practices; no immediate action needed.
2681,Jaime,Greer,Area Sales Manager,Sales,WBL,Part-Time,Male,1.16,42.0,3,3,3,Fully Meets,1,0.2052971720519389,Low Risk,short tenure; Division = Field Operations; MaritalStatus = Married,Maintain current engagement practices; no immediate action needed.
1379,Fernanda,Yu,Accountant I,Admin Offices,MSC,Part-Time,Male,3.5,42.0,2,5,5,Exceeds,3,0.20513318000771974,Low Risk,low performance rating; desired salary at hire; Race = White,Maintain current engagement practices; no immediate action needed.
2490,Kyle,Ali,Director of Operations,IT/IS,MSC,Contract,Male,4.83,72.0,2,2,4,Fully Meets,4,0.20471380520627475,Low Risk,desired salary at hire; low performance rating; Race = Other,Maintain current engagement practices; no immediate action needed.
2220,Lilah,Harrison,IT Support,IT/IS,EW,Contract,Female,3.85,65.0,3,3,5,Exceeds,4,0.20470065297219006,Low Risk,low performance rating; JobFunctionDescription = Engineer; MaritalStatus = Married,Maintain current engagement practices; no immediate action needed.
1459,Noe,Glenn,Production Technician I,Production,WBL,Contract,Male,4.88,80.0,2,5,5,Exceeds,3,0.204296903462156,Low Risk,Department = Production; low performance rating; desired salary at hire,Maintain current engagement practices; no immediate action needed.
1207,Kamari,Holloway,Production Technician I,Production,WBL,Contract,Female,6.82,70.0,1,2,2,Fully Meets,3,0.20409997362807208,Low Risk,Department = Production; low performance rating; Race = White,Maintain current engagement practices; no immediate action needed.
1069,Wyatt,Edwards,Shared Services Manager,Software Engineering,WBL,Full-Time,Female,4.62,51.0,1,3,2,Fully Meets,3,0.2040796961985127,Low Risk,low performance rating; training investment; MaritalStatus = Widowed,Maintain current engagement practices; no immediate action needed.
3858,Bailey,Humphrey,IT Support,IT/IS,PYZ,Full-Time,Male,4.51,75.0,3,3,1,Fully Meets,3,0.204020248846417,Low Risk,low performance rating; EmployeeClassification = Full-Time; Race = Other,Maintain current engagement practices; no immediate action needed.
3969,Lewis,Nixon,Database Administrator,IT/IS,PL,Contract,Female,5.52,60.0,5,4,2,Exceeds,3,0.20393029206291766,Low Risk,low performance rating; low satisfaction score; Gender = Female,Maintain current engagement practices; no immediate action needed.
1417,Paisley,Avery,Production Technician I,Production,MSC,Full-Time,Female,5.32,77.0,5,3,2,Exceeds,3,0.2037734701554299,Low Risk,Department = Production; low performance rating; Race = Other,Maintain current engagement practices; no immediate action needed.
3827,Frankie,Carrillo,IT Support,IT/IS,NEL,Part-Time,Male,7.16,34.0,3,3,4,Fully Meets,3,0.2036002706514095,Low Risk,low performance rating; Division = General - Eng; training investment,Maintain current engagement practices; no immediate action needed.
3898,Anaya,Preston,Sr. Network Engineer,IT/IS,PL,Part-Time,Male,4.16,78.0,5,4,1,Fully Meets,3,0.20355109034028193,Low Risk,low performance rating; Employee = Part-Time; low satisfaction score,Maintain current engagement practices; no immediate action needed.
3533,Slade,Griffith,Area Sales Manager,Sales,MSC,Contract,Male,2.12,60.0,5,2,2,Fully Meets,2,0.20301088251536495,Low Risk,short tenure; low satisfaction score; BusinessUnit = MSC,Maintain current engagement practices; no immediate action needed.
3911,Vanessa,James,Sr. Network Engineer,IT/IS,NEL,Full-Time,Male,5.16,76.0,5,2,4,Fully Meets,3,0.2030060784310975,Low Risk,low performance rating; training investment; JobFunctionDescription = Splicer,Maintain current engagement practices; no immediate action needed.
2707,Annalise,Olsen,Area Sales Manager,Sales,PL,Full-Time,Male,3.66,34.0,2,1,1,Fully Meets,4,0.20290009341017487,Low Risk,MaritalStatus = Married; low engagement; low performance rating,Maintain current engagement practices; no immediate action needed.
2523,Maximilian,Williamson,IT Director,IT/IS,BPC,Full-Time,Male,4.72,56.0,1,1,3,Fully Meets,5,0.20289090815911429,Low Risk,low performance rating; BusinessUnit = BPC; experience level,Maintain current engagement practices; no immediate action needed.
2654,Lauryn,Anthony,Area Sales Manager,Sales,WBL,Full-Time,Male,0.38,71.0,1,4,3,Fully Meets,4,0.20286575187324374,Low Risk,short tenure; low performance rating; Employee = Full-Time,Maintain current engagement practices; no immediate action needed.
3862,Eden,Armstrong,Sr. Network Engineer,IT/IS,BPC,Part-Time,Male,4.07,37.0,1,3,3,PIP,3,0.2028512379163002,Low Risk,low performance rating; Employee = Part-Time; JobFunctionDescription = Engineer,Maintain current engagement practices; no immediate action needed.
2541,Kayleigh,Davenport,Software Engineer,Software Engineering,EW,Full-Time,Female,3.99,54.0,4,3,3,Fully Meets,1,0.2027696510449665,Low Risk,JobFunctionDescription = Engineer; MaritalStatus = Married; BusinessUnit = EW,Maintain current engagement practices; no immediate action needed.
2624,Charles,Howard,Area Sales Manager,Sales,SVG,Part-Time,Male,0.13,42.0,4,1,3,Fully Meets,2,0.20272821207048658,Low Risk,short tenure; low satisfaction score; training investment,Maintain current engagement practices; no immediate action needed.
1323,Leigh Ann,Smith,Administrative Assistant,Admin Offices,PL,Full-Time,Female,3.64,73.0,1,5,5,Fully Meets,3,0.2025308395064869,Low Risk,low performance rating; Gender = Female; experience level,Maintain current engagement practices; no immediate action needed.
3702,Justice,Branch,Production Technician I,Production,MSC,Part-Time,Male,7.04,50.0,4,2,1,Exceeds,3,0.20211803365360198,Low Risk,Department = Production; low performance rating; age,Maintain current engagement practices; no immediate action needed.
3901,Deven,Merritt,Network Engineer,Executive Office,EW,Part-Time,Male,5.1,38.0,2,1,5,Fully Meets,3,0.20185623348994391,Low Risk,low performance rating; BusinessUnit = EW; education level,Maintain current engagement practices; no immediate action needed.
1406,Jennifer,Cloninger,Production Technician II,Production,PYZ,Part-Time,Female,3.75,44.0,1,4,5,Exceeds,3,0.2017000485048421,Low Risk,Department = Production; low performance rating; training investment,Maintain current engagement practices; no immediate action needed.
3863,Eugene,Mueller,Principal Data Architect,IT/IS,CCDR,Contract,Female,7.13,54.0,2,4,1,PIP,3,0.20161860107968088,Low Risk,low performance rating; Gender = Female; PayZone = Zone A,Maintain current engagement practices; no immediate action needed.
1673,Titus,Lowe,BI Director,IT/IS,EW,Part-Time,Female,6.93,76.0,5,3,5,Fully Meets,3,0.20151957583268781,Low Risk,low performance rating; low satisfaction score; Race = Other,Maintain current engagement practices; no immediate action needed.
2110,Richard,Deleon,Production Technician I,Production,CCDR,Contract,Female,5.14,78.0,4,1,2,Exceeds,4,0.201450301560555,Low Risk,Department = Production; low performance rating; Gender = Female,Maintain current engagement practices; no immediate action needed.
1946,Giovanni,Whitaker,Production Technician II,Sales,WBL,Full-Time,Female,7.01,70.0,5,3,1,Fully Meets,3,0.2014407832228818,Low Risk,low performance rating; Gender = Female; low satisfaction score,Maintain current engagement practices; no immediate action needed.
2106,Tony,Mendoza,Production Technician I,Production,WBL,Contract,Male,3.77,64.0,5,5,1,Exceeds,2,0.2013896506826912,Low Risk,Department = Production; desired salary at hire; Race = White,Maintain current engagement practices; no immediate action needed.
2564,Deandre,Oneal,Director of Sales,Sales,CCDR,Contract,Male,0.33,31.0,4,1,4,Fully Meets,1,0.20132518789113313,Low Risk,short tenure; low satisfaction score; PayZone = Zone B,Maintain current engagement practices; no immediate action needed.
2804,Salma,Frederick,Production Technician II,Production,SVG,Part-Time,Male,7.38,73.0,4,5,2,Fully Meets,4,0.20130334102405417,Low Risk,Department = Production; low performance rating; low satisfaction score,Maintain current engagement practices; no immediate action needed.
3813,Alejandro,Bacong,IT Support,IT/IS,SVG,Part-Time,Male,3.92,71.0,3,2,4,Fully Meets,3,0.20100342180955585,Low Risk,low performance rating; desired salary at hire; JobFunctionDescription = Engineer,Maintain current engagement practices; no immediate action needed.
1711,Lance,Bailey,Senior BI Developer,IT/IS,BPC,Full-Time,Male,4.34,41.0,1,5,4,Fully Meets,3,0.2004295707295713,Low Risk,low performance rating; desired salary at hire; BusinessUnit = BPC,Maintain current engagement practices; no immediate action needed.
2119,Marcos,Carey,Production Technician II,Production,EW,Part-Time,Female,7.33,85.0,2,1,3,Exceeds,5,0.2004097699954866,Low Risk,Department = Production; low performance rating; low engagement,Maintain current engagement practices; no immediate action needed.
2657,Trace,Brandt,Area Sales Manager,Sales,BPC,Contract,Male,0.65,31.0,3,4,3,Fully Meets,2,0.20032835114901068,Low Risk,short tenure; BusinessUnit = BPC; Race = White,Maintain current engagement practices; no immediate action needed.
1374,Judith,Mccullough,Sr. Network Engineer,IT/IS,PYZ,Part-Time,Female,7.05,84.0,5,5,4,Exceeds,3,0.20031865747757158,Low Risk,low performance rating; low satisfaction score; desired salary at hire,Maintain current engagement practices; no immediate action needed.
3538,Keith,Baxter,Area Sales Manager,Sales,PL,Part-Time,Male,2.72,67.0,5,1,4,Fully Meets,2,0.2001861390547282,Low Risk,short tenure; low satisfaction score; JobFunctionDescription = Engineer,Maintain current engagement practices; no immediate action needed.
1050,Steven,Schneider,Software Engineer,Software Engineering,TNS,Contract,Male,5.67,33.0,5,4,1,Fully Meets,3,0.19979386026038967,Low Risk,low performance rating; Division = Finance & Accounting; low satisfaction score,Maintain current engagement practices; no immediate action needed.
3884,Gilberto,Macdonald,IT Support,IT/IS,CCDR,Full-Time,Female,7.48,39.0,2,4,3,Fully Meets,3,0.199674798369848,Low Risk,low performance rating; Gender = Female; age,Maintain current engagement practices; no immediate action needed.
3994,Taylor,Dennis,Data Analyst,IT/IS,PL,Full-Time,Female,3.84,39.0,5,3,2,Fully Meets,3,0.1996449209555591,Low Risk,low performance rating; low satisfaction score; Gender = Female,Maintain current engagement practices; no immediate action needed.
2568,Eden,Choi,IT Manager - DB,IT/IS,EW,Full-Time,Male,7.37,36.0,5,3,2,Fully Meets,4,0.1996264125021668,Low Risk,training investment; low satisfaction score; low performance rating,Maintain current engagement practices; no immediate action needed.
2057,Nikhil,Rivas,Production Technician I,Production,WBL,Contract,Male,5.28,62.0,1,4,3,Fully Meets,3,0.19945488822811336,Low Risk,Department = Production; low performance rating; education level,Maintain current engagement practices; no immediate action needed.
3419,Stanley,Reyes,Production Technician I,Production,MSC,Contract,Female,6.78,74.0,5,2,2,Fully Meets,2,0.19937324525911884,Low Risk,Department = Production; Gender = Female; low engagement,Maintain current engagement practices; no immediate action needed.
3800,Amya,Grant,Production Technician I,Production,PYZ,Contract,Male,7.04,76.0,3,5,5,Fully Meets,3,0.19917070979881585,Low Risk,Department = Production; low performance rating; EmployeeClassification = Part-Time,Maintain current engagement practices; no immediate action needed.
2152,Alexis,Kirby,Production Technician I,Production,WBL,Part-Time,Female,5.8,71.0,1,3,4,Exceeds,2,0.1991643923256548,Low Risk,Department = Production; desired salary at hire; Gender = Female,Maintain current engagement practices; no immediate action needed.
3903,Hezekiah,Thompson,Network Engineer,IT/IS,TNS,Full-Time,Male,7.2,33.0,4,1,3,Fully Meets,3,0.19871906052299687,Low Risk,JobFunctionDescription = Driver; low performance rating; low satisfaction score,Maintain current engagement practices; no immediate action needed.
1367,Bryce,Higgins,Sr. Network Engineer,IT/IS,WBL,Part-Time,Female,5.8,36.0,4,1,3,Exceeds,3,0.198710944622793,Low Risk,low performance rating; low satisfaction score; training investment,Maintain current engagement practices; no immediate action needed.
2570,Ayden,Wu,IT Director,IT/IS,NEL,Contract,Male,3.93,35.0,3,3,1,Fully Meets,4,0.19867236559841603,Low Risk,BusinessUnit = NEL; low performance rating; PayZone = Zone A,Maintain current engagement practices; no immediate action needed.
1703,Kadence,Sandoval,Sales Manager,Sales,EW,Full-Time,Female,7.81,48.0,1,1,4,Fully Meets,3,0.1981411353929361,Low Risk,low performance rating; Gender = Female; low engagement,Maintain current engagement practices; no immediate action needed.
3989,Asa,Pham,Sr. DBA,IT/IS,TNS,Full-Time,Female,4.04,74.0,1,2,1,Fully Meets,3,0.19813837652966046,Low Risk,low performance rating; training investment; Gender = Female,Maintain current engagement practices; no immediate action needed.
2726,Martin,Herrera,Area Sales Manager,Sales,TNS,Contract,Male,0.49,55.0,4,2,2,Fully Meets,2,0.19775127378766888,Low Risk,short tenure; low satisfaction score; BusinessUnit = TNS,Maintain current engagement practices; no immediate action needed.
3475,Vance,Trujillo,Area Sales Manager,Sales,TNS,Full-Time,Male,1.56,69.0,3,4,4,Fully Meets,2,0.19747248903776682,Low Risk,short tenure; Employee = Full-Time,Maintain current engagement practices; no immediate action needed.
3463,Kayden,Dodson,Area Sales Manager,Sales,TNS,Part-Time,Male,1.22,75.0,3,4,4,Fully Meets,1,0.19746188380376498,Low Risk,short tenure; PayZone = Zone A; BusinessUnit = TNS,Maintain current engagement practices; no immediate action needed.
3541,Aaron,Weber,Area Sales Manager,Sales,SVG,Full-Time,Male,3.3,35.0,3,1,3,Exceeds,2,0.1974209157808087,Low Risk,PayZone = Zone B; Division = Field Operations; Employee = Full-Time,Maintain current engagement practices; no immediate action needed.
1350,Timothy,Villarreal,Accountant I,Admin Offices,MSC,Part-Time,Female,4.39,58.0,4,3,5,Fully Meets,3,0.19663761615723602,Low Risk,low performance rating; JobFunctionDescription = Laborer; low satisfaction score,Maintain current engagement practices; no immediate action needed.
1666,Kara,Ferrell,Area Sales Manager,IT/IS,TNS,Full-Time,Male,4.95,48.0,3,3,4,Fully Meets,3,0.19652270469425678,Low Risk,low performance rating; training investment; age,Maintain current engagement practices; no immediate action needed.
3825,Danika,Deleon,IT Support,IT/IS,PYZ,Full-Time,Male,3.72,28.0,4,4,2,Fully Meets,3,0.19623255429357475,Low Risk,low performance rating; low satisfaction score; MaritalStatus = Married,Maintain current engagement practices; no immediate action needed.
3828,Quintin,Solomon,Sr. Network Engineer,IT/IS,PL,Part-Time,Male,6.87,36.0,5,2,1,Fully Meets,3,0.19622708739206965,Low Risk,low performance rating; low satisfaction score; Employee = Part-Time,Maintain current engagement practices; no immediate action needed.
1933,Lynn,Daneault,Sales Manager,Sales,NEL,Contract,Female,7.38,37.0,4,2,5,Fully Meets,3,0.1960939245195301,Low Risk,low performance rating; Gender = Female; low satisfaction score,Maintain current engagement practices; no immediate action needed.
3971,Ciara,Acevedo,Database Administrator,IT/IS,SVG,Part-Time,Female,5.49,68.0,3,3,2,Fully Meets,3,0.19580228837104185,Low Risk,low performance rating; training investment; Employee = Part-Time,Maintain current engagement practices; no immediate action needed.
3904,Quintin,Fry,Network Engineer,IT/IS,PYZ,Contract,Male,5.58,56.0,4,4,1,Fully Meets,3,0.1955697378294803,Low Risk,low performance rating; training investment; low satisfaction score,Maintain current engagement practices; no immediate action needed.
1664,Lainey,Ayers,Area Sales Manager,IT/IS,EW,Full-Time,Male,5.31,35.0,1,2,1,Fully Meets,3,0.19535082341878543,Low Risk,low performance rating; BusinessUnit = EW; Race = White,Maintain current engagement practices; no immediate action needed.
3879,Liam,Hanna,Network Engineer,IT/IS,PYZ,Full-Time,Male,4.04,31.0,5,1,2,Fully Meets,3,0.1952977271178275,Low Risk,low performance rating; low satisfaction score; Division = Field Operations,Maintain current engagement practices; no immediate action needed.
3326,Keagan,Vaughan,Production Technician I,Production,PYZ,Contract,Male,4.53,85.0,1,4,3,Fully Meets,3,0.1951749260467444,Low Risk,Department = Production; low performance rating; training investment,Maintain current engagement practices; no immediate action needed.
3454,Leon,Beard,Area Sales Manager,IT/IS,PYZ,Full-Time,Male,3.87,56.0,4,4,2,Needs Improvement,4,0.19454037770527652,Low Risk,low performance rating; low satisfaction score; education level,Maintain current engagement practices; no immediate action needed.
3886,Britney,Kelly,Sr. Network Engineer,IT/IS,MSC,Part-Time,Male,7.79,49.0,2,5,5,Fully Meets,3,0.19424243812732855,Low Risk,low performance rating; desired salary at hire; Employee = Part-Time,Maintain current engagement practices; no immediate action needed.
3144,Shannon,Lambert,Production Technician I,Production,EW,Contract,Male,5.46,70.0,4,3,3,Exceeds,2,0.19402671375261088,Low Risk,Department = Production; JobFunctionDescription = Engineer; low satisfaction score,Maintain current engagement practices; no immediate action needed.
1661,Kenna,Porter,BI Director,IT/IS,NEL,Contract,Male,7.35,44.0,4,5,4,Fully Meets,3,0.19370143151296554,Low Risk,low performance rating; training investment; Division = Finance & Accounting,Maintain current engagement practices; no immediate action needed.
2716,Yadiel,Mata,Administrative Assistant,Sales,BPC,Contract,Female,3.22,57.0,2,3,2,Fully Meets,2,0.19365166979789966,Low Risk,Gender = Female; BusinessUnit = BPC; PayZone = Zone A,Maintain current engagement practices; no immediate action needed.
2638,Mathias,Tran,Area Sales Manager,Sales,NEL,Contract,Male,1.32,70.0,2,1,2,Fully Meets,2,0.1935186727233087,Low Risk,short tenure; low engagement; JobFunctionDescription = Supervisor,Maintain current engagement practices; no immediate action needed.
3885,Armando,Macias,Sr. Network Engineer,IT/IS,EW,Full-Time,Female,4.63,78.0,5,5,5,Fully Meets,3,0.1934905673681881,Low Risk,low performance rating; Gender = Female; JobFunctionDescription = Engineer,Maintain current engagement practices; no immediate action needed.
1510,Alice,House,Production Technician I,Production,SVG,Contract,Female,5.36,46.0,3,2,3,Fully Meets,3,0.19342003532066768,Low Risk,Department = Production; low performance rating; Gender = Female,Maintain current engagement practices; no immediate action needed.
2221,Cedric,Sawyer,IT Support,IT/IS,MSC,Contract,Female,7.15,33.0,5,1,1,Exceeds,4,0.19321873902956502,Low Risk,Gender = Female; low performance rating; JobFunctionDescription = Laborer,Maintain current engagement practices; no immediate action needed.
1682,Troy,Todd,Sales Manager,IT/IS,EW,Part-Time,Female,5.15,56.0,3,5,4,Fully Meets,3,0.19305063557603042,Low Risk,low performance rating; MaritalStatus = Married; JobFunctionDescription = Foreman,Maintain current engagement practices; no immediate action needed.
1700,Gretchen,Weeks,Senior BI Developer,IT/IS,BPC,Contract,Male,7.85,68.0,2,5,4,Fully Meets,3,0.1927123578039586,Low Risk,BusinessUnit = BPC; low performance rating; training investment,Maintain current engagement practices; no immediate action needed.
2632,Madeline,Suarez,Administrative Assistant,Sales,NEL,Contract,Female,4.39,51.0,4,1,2,Fully Meets,4,0.19269657387106218,Low Risk,Gender = Female; low performance rating; low satisfaction score,Maintain current engagement practices; no immediate action needed.
3875,Rudy,Richardson,Sr. Network Engineer,IT/IS,BPC,Contract,Male,5.07,57.0,5,5,1,Fully Meets,3,0.19248930094557365,Low Risk,low performance rating; low satisfaction score; BusinessUnit = BPC,Maintain current engagement practices; no immediate action needed.
3489,Devyn,Powers,Area Sales Manager,Sales,EW,Part-Time,Female,4.39,73.0,4,2,5,Fully Meets,2,0.19240189794177204,Low Risk,Gender = Female; low satisfaction score; JobFunctionDescription = Laborer,Maintain current engagement practices; no immediate action needed.
1063,Jazlene,Maynard,Software Engineer,Software Engineering,CCDR,Full-Time,Female,5.09,81.0,2,5,4,Fully Meets,3,0.19191823600870053,Low Risk,low performance rating; Employee = Full-Time; Gender = Female,Maintain current engagement practices; no immediate action needed.
3944,Julia,Zhou,Data Analyst,IT/IS,SVG,Full-Time,Female,5.59,29.0,3,5,4,Fully Meets,3,0.19190761109034013,Low Risk,low performance rating; Race = White; Gender = Female,Maintain current engagement practices; no immediate action needed.
1704,Mckenzie,Kim,CIO,IT/IS,CCDR,Part-Time,Female,5.66,32.0,4,4,3,Fully Meets,3,0.19183767005365132,Low Risk,low performance rating; low satisfaction score; Gender = Female,Maintain current engagement practices; no immediate action needed.
1034,Dennis,Livingston,Shared Services Manager,Software Engineering,NEL,Full-Time,Female,7.22,49.0,5,2,1,Fully Meets,3,0.19180069172266753,Low Risk,low performance rating; age; experience level,Maintain current engagement practices; no immediate action needed.
3940,Karthikeyan,Ait Sidi,Sr. DBA,IT/IS,EW,Contract,Male,6.96,68.0,4,5,3,Fully Meets,3,0.1916758459158111,Low Risk,low performance rating; training investment; low satisfaction score,Maintain current engagement practices; no immediate action needed.
3021,Allisson,Braun,Production Technician I,Production,WBL,Contract,Male,5.9,39.0,3,5,4,PIP,2,0.19167038249307947,Low Risk,Department = Production; PayZone = Zone A,Maintain current engagement practices; no immediate action needed.
3473,Chaim,Mata,Area Sales Manager,Sales,EW,Part-Time,Male,3.07,76.0,4,3,4,Exceeds,2,0.19166437342415607,Low Risk,Division = Shop (Fleet); low satisfaction score; training investment,Maintain current engagement practices; no immediate action needed.
2556,Kaiden,Cunningham,Director of Sales,Sales,CCDR,Part-Time,Male,1.47,30.0,1,4,3,Fully Meets,2,0.19143824283220237,Low Risk,short tenure; training investment; low performance score,Maintain current engagement practices; no immediate action needed.
3477,Sonny,Horne,Area Sales Manager,IT/IS,PYZ,Part-Time,Female,7.3,57.0,2,1,1,Needs Improvement,2,0.19098745713894008,Low Risk,training investment; JobFunctionDescription = Laborer; Gender = Female,Maintain current engagement practices; no immediate action needed.
2400,Alvaro,Le,Production Manager,Production,WBL,Contract,Male,7.73,65.0,4,4,3,Fully Meets,2,0.19085419778505172,Low Risk,Department = Production; low satisfaction score; MaritalStatus = Married,Maintain current engagement practices; no immediate action needed.
2228,Kayley,Romero,IT Support,IT/IS,MSC,Part-Time,Female,3.84,84.0,2,3,2,PIP,4,0.19083346676863938,Low Risk,low performance rating; Employee = Part-Time; Gender = Female,Maintain current engagement practices; no immediate action needed.
2441,Camden,Mcclure,President & CEO,Production,SVG,Contract,Male,5.03,53.0,4,2,2,Fully Meets,2,0.19037195535627188,Low Risk,Department = Production; PayZone = Zone B; low satisfaction score,Maintain current engagement practices; no immediate action needed.
3015,Pranav,Middleton,Production Technician I,Production,MSC,Part-Time,Male,5.65,50.0,5,5,5,PIP,2,0.19035279494673316,Low Risk,Department = Production; desired salary at hire,Maintain current engagement practices; no immediate action needed.
3931,Giovani,Nelson,Network Engineer,IT/IS,CCDR,Part-Time,Male,4.84,66.0,1,2,5,Fully Meets,3,0.19032893363932732,Low Risk,low performance rating; training investment; PayZone = Zone A,Maintain current engagement practices; no immediate action needed.
3977,Gordon,Wu,Sr. Accountant,IT/IS,TNS,Full-Time,Female,7.91,83.0,5,1,4,Fully Meets,3,0.19019969315163196,Low Risk,low performance rating; Gender = Female; BusinessUnit = TNS,Maintain current engagement practices; no immediate action needed.
2461,Tucker,Haas,Shared Services Manager,Admin Offices,EW,Part-Time,Male,4.83,47.0,2,3,4,Fully Meets,5,0.19012647659513307,Low Risk,low performance rating; training investment; Employee = Part-Time,Maintain current engagement practices; no immediate action needed.
1734,Raul,Garcia,Production Technician I,Production,NEL,Contract,Male,7.52,84.0,1,4,4,Fully Meets,3,0.1898940630265314,Low Risk,Department = Production; JobFunctionDescription = Driver; low performance rating,Maintain current engagement practices; no immediate action needed.
2341,Jesus,Hendricks,Production Manager,Production,PYZ,Full-Time,Female,7.78,42.0,5,1,2,Fully Meets,2,0.1898418788789814,Low Risk,Department = Production; experience level; Employee = Full-Time,Maintain current engagement practices; no immediate action needed.
2274,Carlos,Mccoy,IT Manager - Support,IT/IS,BPC,Full-Time,Male,6.43,27.0,5,2,1,Fully Meets,4,0.18959334035753056,Low Risk,low satisfaction score; BusinessUnit = BPC; low performance rating,Maintain current engagement practices; no immediate action needed.
1657,Isaias,Briggs,Sales Manager,IT/IS,SVG,Contract,Male,7.17,57.0,5,1,1,Fully Meets,3,0.18947163096378095,Low Risk,low performance rating; low satisfaction score; education level,Maintain current engagement practices; no immediate action needed.
2584,Noah,Villanueva,Area Sales Manager,Sales,TNS,Part-Time,Male,3.26,70.0,4,4,5,Fully Meets,4,0.18901234336416123,Low Risk,Race = White; BusinessUnit = TNS; low performance rating,Maintain current engagement practices; no immediate action needed.
2724,Maximus,Mcdowell,Area Sales Manager,Sales,EW,Part-Time,Male,0.51,84.0,3,5,4,Fully Meets,1,0.18888904765268397,Low Risk,short tenure; PayZone = Zone B; Employee = Part-Time,Maintain current engagement practices; no immediate action needed.
1315,Amy,Foster-Baker,Sr. Accountant,Admin Offices,NEL,Part-Time,Female,5.79,70.0,1,5,1,Fully Meets,3,0.188866311552441,Low Risk,low performance rating; experience level; BusinessUnit = NEL,Maintain current engagement practices; no immediate action needed.
2514,Amina,Bush,IT Director,IT/IS,PL,Part-Time,Male,4.53,69.0,2,5,2,Fully Meets,1,0.1888285017674378,Low Risk,JobFunctionDescription = Engineer; Race = White; PayZone = Zone A,Maintain current engagement practices; no immediate action needed.
3519,Elaine,Ewing,Area Sales Manager,Sales,TNS,Part-Time,Male,0.2,75.0,3,1,4,Fully Meets,2,0.18863750193779028,Low Risk,short tenure; low engagement; experience level,Maintain current engagement practices; no immediate action needed.
2714,Julie,Lloyd,Area Sales Manager,Sales,NEL,Part-Time,Male,0.15,54.0,1,3,3,Fully Meets,1,0.18862251645868347,Low Risk,short tenure; Division = Field Operations; training investment,Maintain current engagement practices; no immediate action needed.
2444,America,Buchanan,Data Analyst,IT/IS,MSC,Part-Time,Female,3.28,69.0,1,1,5,Fully Meets,4,0.18850050586707043,Low Risk,Gender = Female; low engagement; Employee = Part-Time,Maintain current engagement practices; no immediate action needed.
2676,Bryson,Giles,Area Sales Manager,Sales,SVG,Part-Time,Male,1.51,54.0,3,4,4,Fully Meets,2,0.1884183731191441,Low Risk,short tenure; JobFunctionDescription = Engineer; training investment,Maintain current engagement practices; no immediate action needed.
3868,Adrien,Olsen,Network Engineer,IT/IS,WBL,Contract,Male,6.94,26.0,1,3,2,Fully Meets,3,0.1884040415456783,Low Risk,low performance rating; Division = Finance & Accounting; JobFunctionDescription = Administrative,Maintain current engagement practices; no immediate action needed.
2615,Patrick,Padilla,Administrative Assistant,Sales,BPC,Contract,Female,5.32,64.0,1,5,3,Fully Meets,4,0.18833882406193794,Low Risk,Gender = Female; Division = Finance & Accounting; low performance rating,Maintain current engagement practices; no immediate action needed.
2227,Raymond,Maldonado,IT Support,IT/IS,EW,Contract,Female,4.58,31.0,3,2,4,Needs Improvement,5,0.1882904456869057,Low Risk,Gender = Female; low performance rating; low engagement,Maintain current engagement practices; no immediate action needed.
2683,Charlize,Ballard,Area Sales Manager,Sales,PL,Contract,Female,4.57,74.0,4,3,2,Fully Meets,4,0.18825156460254353,Low Risk,low performance rating; JobFunctionDescription = Laborer; Gender = Female,Maintain current engagement practices; no immediate action needed.
3926,Jeffery,Gamble,Sr. Network Engineer,IT/IS,BPC,Full-Time,Female,7.41,85.0,1,4,4,Needs Improvement,3,0.18801260209948456,Low Risk,BusinessUnit = BPC; low performance rating; Gender = Female,Maintain current engagement practices; no immediate action needed.
1240,Alejandra,Mclean,Production Technician I,Production,PYZ,Contract,Female,6.35,41.0,4,1,3,Fully Meets,3,0.1879693516951342,Low Risk,Department = Production; low performance rating; age,Maintain current engagement practices; no immediate action needed.
1416,Edward,Love,Production Technician I,Production,EW,Part-Time,Male,6.29,73.0,4,5,3,Exceeds,3,0.1878937112049739,Low Risk,Department = Production; low performance rating; Division = Field Operations,Maintain current engagement practices; no immediate action needed.
2445,Avery,Koch,Production Manager,Production,MSC,Contract,Female,6.57,57.0,4,3,5,Fully Meets,2,0.18739291848331358,Low Risk,Department = Production; low satisfaction score; Gender = Female,Maintain current engagement practices; no immediate action needed.
1713,Mauricio,Meyers,Sales Manager,IT/IS,SVG,Contract,Female,4.65,36.0,4,4,5,Fully Meets,3,0.18721279251817657,Low Risk,low performance rating; low satisfaction score; Gender = Female,Maintain current engagement practices; no immediate action needed.
1669,Kole,Avila,Sales Manager,IT/IS,SVG,Part-Time,Male,5.85,65.0,1,3,2,Fully Meets,3,0.18711228869710447,Low Risk,low performance rating; training investment; experience level,Maintain current engagement practices; no immediate action needed.
2609,Harrison,Camacho,Area Sales Manager,Sales,MSC,Part-Time,Male,1.62,55.0,3,3,4,Fully Meets,2,0.18691929250663172,Low Risk,short tenure; BusinessUnit = MSC; PayZone = Zone B,Maintain current engagement practices; no immediate action needed.
2723,Kyleigh,Mathis,Area Sales Manager,Sales,SVG,Part-Time,Male,1.14,51.0,1,3,5,Fully Meets,2,0.18679393309491038,Low Risk,short tenure; Race = White; age,Maintain current engagement practices; no immediate action needed.
1067,Gavin,Frye,Software Engineer,Software Engineering,TNS,Part-Time,Female,5.69,78.0,2,3,5,Fully Meets,3,0.18666941264428277,Low Risk,low performance rating; Race = White; MaritalStatus = Married,Maintain current engagement practices; no immediate action needed.
1058,Lena,Bryan,Software Engineer,Software Engineering,WBL,Contract,Male,4.27,84.0,2,4,1,Fully Meets,3,0.1862908758531269,Low Risk,low performance rating; Division = Billable Consultants; education level,Maintain current engagement practices; no immediate action needed.
3954,Denisse,Hayes,Database Administrator,IT/IS,CCDR,Full-Time,Female,4.77,80.0,1,5,5,Fully Meets,3,0.1862655673737305,Low Risk,low performance rating; Gender = Female; experience level,Maintain current engagement practices; no immediate action needed.
1722,Ronnie,Dillon,Senior BI Developer,IT/IS,PL,Full-Time,Female,4.42,58.0,2,2,4,Fully Meets,3,0.18620930190411467,Low Risk,low performance rating; EmployeeClassification = Full-Time; low engagement,Maintain current engagement practices; no immediate action needed.
3524,Emmanuel,Franklin,Area Sales Manager,Sales,EW,Contract,Male,0.77,27.0,2,3,4,Fully Meets,2,0.18608717557182677,Low Risk,short tenure; PayZone = Zone B; Division = Field Operations,Maintain current engagement practices; no immediate action needed.
2486,Ricardo,Ruiz,IT Manager - DB,IT/IS,TNS,Part-Time,Male,6.23,41.0,1,1,5,Fully Meets,5,0.1858950567754295,Low Risk,low performance rating; MaritalStatus = Married; age,Maintain current engagement practices; no immediate action needed.
1352,Lily,Tyler,Sr. Network Engineer,Admin Offices,PYZ,Contract,Male,4.81,52.0,2,4,1,Fully Meets,3,0.1858913171919534,Low Risk,low performance rating; poor work-life balance; Race = Other,Maintain current engagement practices; no immediate action needed.
2580,Alfred,Digitale,Area Sales Manager,Sales,BPC,Full-Time,Male,1.48,72.0,2,1,4,Fully Meets,2,0.18561070176024483,Low Risk,short tenure; Employee = Full-Time; PayZone = Zone A,Maintain current engagement practices; no immediate action needed.
2524,Serena,Barajas,Director of Sales,IT/IS,CCDR,Contract,Male,3.09,57.0,3,3,4,Fully Meets,1,0.18483110217573928,Low Risk,Division = Finance & Accounting; PayZone = Zone A; low performance score,Maintain current engagement practices; no immediate action needed.
1042,Milo,Hood,Software Engineer,Software Engineering,PYZ,Contract,Male,4.03,84.0,3,1,4,Fully Meets,3,0.18467100544432238,Low Risk,low performance rating; training investment; education level,Maintain current engagement practices; no immediate action needed.
3845,Jaiden,Underwood,Network Engineer,Executive Office,WBL,Contract,Male,6.92,57.0,5,4,3,PIP,3,0.18433419682191987,Low Risk,low performance rating; low satisfaction score; JobFunctionDescription = Laborer,Maintain current engagement practices; no immediate action needed.
3965,Precious,Roth,Software Engineering Manager,IT/IS,WBL,Contract,Female,6.26,28.0,1,4,2,Fully Meets,3,0.18424891961115789,Low Risk,low performance rating; JobFunctionDescription = Laborer; Gender = Female,Maintain current engagement practices; no immediate action needed.
2529,Gabriella,Clements,Software Engineer,Software Engineering,NEL,Full-Time,Female,4.23,73.0,5,4,1,Fully Meets,2,0.18408765744702377,Low Risk,Race = Other; BusinessUnit = NEL; training investment,Maintain current engagement practices; no immediate action needed.
3962,Charlize,Wagner,Sr. DBA,IT/IS,MSC,Contract,Female,5.38,36.0,3,4,3,Fully Meets,3,0.1840548303313244,Low Risk,low performance rating; Gender = Female; low performance score,Maintain current engagement practices; no immediate action needed.
3282,Rebekah,Carpenter,Production Technician II,Production,EW,Full-Time,Female,6.14,48.0,1,5,1,Fully Meets,3,0.18399918374034585,Low Risk,Department = Production; low performance rating; BusinessUnit = EW,Maintain current engagement practices; no immediate action needed.
2271,Raelynn,Compton,IT Support,IT/IS,SVG,Full-Time,Female,4.05,30.0,4,5,4,Fully Meets,2,0.18378864028517394,Low Risk,Gender = Female; Division = Field Operations; Employee = Full-Time,Maintain current engagement practices; no immediate action needed.
2063,Kailyn,Montgomery,Production Technician I,Production,EW,Contract,Female,5.18,82.0,5,4,3,Fully Meets,3,0.18343671030805078,Low Risk,Department = Production; low performance rating; PayZone = Zone B,Maintain current engagement practices; no immediate action needed.
2594,Aileen,Wright,Area Sales Manager,Sales,TNS,Part-Time,Male,3.01,70.0,5,1,3,Fully Meets,1,0.18298214866108117,Low Risk,BusinessUnit = TNS; Race = Other; JobFunctionDescription = Engineer,Maintain current engagement practices; no immediate action needed.
3867,Lena,Sandoval,Network Engineer,Executive Office,PYZ,Part-Time,Male,7.92,40.0,3,5,3,Fully Meets,3,0.18298193522798126,Low Risk,low performance rating; age; Race = Other,Maintain current engagement practices; no immediate action needed.
1144,Colby,Wolfe,Production Manager,Production,BPC,Part-Time,Female,6.78,63.0,3,5,2,Fully Meets,3,0.18274955375299623,Low Risk,Department = Production; BusinessUnit = BPC; low performance rating,Maintain current engagement practices; no immediate action needed.
3935,Arjun,Tyler,IT Support,IT/IS,PL,Full-Time,Male,5.58,33.0,1,5,4,Fully Meets,3,0.18230400623198534,Low Risk,low performance rating; training investment; Race = White,Maintain current engagement practices; no immediate action needed.
3945,Thelma,Petrowsky,Data Analyst,IT/IS,MSC,Full-Time,Female,4.0,28.0,4,4,2,PIP,3,0.18186903748663805,Low Risk,low performance rating; low satisfaction score; Gender = Female,Maintain current engagement practices; no immediate action needed.
2637,Kaia,Hernandez,Area Sales Manager,Sales,WBL,Contract,Male,3.69,59.0,2,2,2,Fully Meets,5,0.1814875078290599,Low Risk,low performance rating; age; low engagement,Maintain current engagement practices; no immediate action needed.
3594,Maribel,Morrison,Production Technician I,Production,PYZ,Part-Time,Male,7.62,58.0,5,1,1,Needs Improvement,1,0.18098566660020562,Low Risk,Department = Production; Division = Field Operations; MaritalStatus = Married,Maintain current engagement practices; no immediate action needed.
3978,Maryjane,Cross,Sr. Accountant,IT/IS,PYZ,Part-Time,Male,6.04,46.0,3,4,5,Fully Meets,3,0.1807872816532057,Low Risk,low performance rating; age; JobFunctionDescription = Laborer,Maintain current engagement practices; no immediate action needed.
1047,Sincere,Jimenez,Software Engineer,Software Engineering,SVG,Contract,Female,4.66,79.0,2,4,3,Fully Meets,3,0.1806785733784653,Low Risk,low performance rating; PayZone = Zone A; Gender = Female,Maintain current engagement practices; no immediate action needed.
1358,Jairo,Blanchard,Accountant I,Admin Offices,TNS,Part-Time,Male,3.97,30.0,2,1,5,Fully Meets,3,0.18065113860952545,Low Risk,low performance rating; low engagement; JobFunctionDescription = Laborer,Maintain current engagement practices; no immediate action needed.
2800,Nayeli,Keith,Production Technician I,Production,EW,Contract,Male,6.98,78.0,2,1,2,Fully Meets,1,0.18033276810191823,Low Risk,Department = Production; MaritalStatus = Married; low performance score,Maintain current engagement practices; no immediate action needed.
1497,Victoria,Soto,Production Technician II,Production,PYZ,Contract,Male,5.72,31.0,4,5,5,Needs Improvement,3,0.18007023692451277,Low Risk,Department = Production; low performance rating; low satisfaction score,Maintain current engagement practices; no immediate action needed.
1283,Taniya,Stafford,Production Technician I,Production,CCDR,Full-Time,Female,5.54,26.0,1,2,2,Fully Meets,3,0.17968132395313624,Low Risk,Department = Production; low performance rating; Employee = Full-Time,Maintain current engagement practices; no immediate action needed.
3249,Kaley,Pollard,Production Technician I,Production,TNS,Contract,Male,7.64,79.0,2,3,5,Fully Meets,3,0.17950174131097776,Low Risk,Department = Production; low performance rating; experience level,Maintain current engagement practices; no immediate action needed.
2754,Louis,Punjabhi,Production Technician I,Production,SVG,Full-Time,Male,6.31,49.0,5,1,1,Fully Meets,2,0.17926407520892235,Low Risk,Department = Production; Employee = Full-Time; JobFunctionDescription = Engineer,Maintain current engagement practices; no immediate action needed.
1360,Immanuel,Goodwin,Sr. Network Engineer,IT/IS,CCDR,Contract,Male,4.9,62.0,2,5,1,PIP,3,0.17845031395972372,Low Risk,low performance rating; experience level; Division = Field Operations,Maintain current engagement practices; no immediate action needed.
1030,Niko,Hamilton,Software Engineer,Software Engineering,TNS,Contract,Male,6.74,71.0,4,4,1,Fully Meets,3,0.17834110445149784,Low Risk,low performance rating; Department = Software Engineering; low satisfaction score,Maintain current engagement practices; no immediate action needed.
3450,Reilly,Moyer,Area Sales Manager,Sales,MSC,Contract,Male,2.26,32.0,3,4,5,Exceeds,2,0.17829655203764988,Low Risk,short tenure; Race = Other; BusinessUnit = MSC,Maintain current engagement practices; no immediate action needed.
2353,Dalia,Booth,Data Analyst,IT/IS,TNS,Part-Time,Female,7.88,29.0,4,2,3,Fully Meets,2,0.1782777134000241,Low Risk,MaritalStatus = Married; BusinessUnit = TNS; low satisfaction score,Maintain current engagement practices; no immediate action needed.
3506,Laila,Woodard,Area Sales Manager,Sales,MSC,Full-Time,Male,3.7,38.0,2,2,3,Fully Meets,2,0.17813951371708342,Low Risk,MaritalStatus = Married; BusinessUnit = MSC; Race = Other,Maintain current engagement practices; no immediate action needed.
2732,Fletcher,Maxwell,Area Sales Manager,Sales,PYZ,Contract,Male,0.65,37.0,5,1,3,Fully Meets,2,0.1781336479812222,Low Risk,short tenure; JobFunctionDescription = Shop; PayZone = Zone A,Maintain current engagement practices; no immediate action needed.
2549,Tristan,Reed,BI Developer,IT/IS,PL,Contract,Female,4.85,63.0,3,4,5,Fully Meets,5,0.17810295743246993,Low Risk,low performance rating; Gender = Female; PayZone = Zone A,Maintain current engagement practices; no immediate action needed.
2350,Rey,Werner,Network Engineer,Executive Office,TNS,Part-Time,Male,6.43,53.0,4,1,5,Fully Meets,2,0.17768333407629855,Low Risk,JobFunctionDescription = Laborer; BusinessUnit = TNS; low satisfaction score,Maintain current engagement practices; no immediate action needed.
2289,Brandon R,LeBlanc,Shared Services Manager,Admin Offices,BPC,Full-Time,Male,6.9,64.0,5,2,3,Fully Meets,4,0.17756530051236022,Low Risk,low performance rating; Race = White; BusinessUnit = BPC,Maintain current engagement practices; no immediate action needed.
2521,Olivia,Goodman,Software Engineer,Software Engineering,BPC,Contract,Male,3.89,72.0,4,4,4,Fully Meets,1,0.1775629473816471,Low Risk,Race = White; BusinessUnit = BPC; low satisfaction score,Maintain current engagement practices; no immediate action needed.
2508,Selina,Tapia,BI Developer,IT/IS,SVG,Full-Time,Male,7.69,54.0,4,1,1,Fully Meets,5,0.17719815243163853,Low Risk,low performance rating; low satisfaction score; poor work-life balance,Maintain current engagement practices; no immediate action needed.
2408,Gunner,Boone,Data Analyst,IT/IS,MSC,Full-Time,Female,4.86,65.0,5,2,5,Fully Meets,5,0.1768622064187695,Low Risk,low satisfaction score; low performance rating; Gender = Female,Maintain current engagement practices; no immediate action needed.
2611,Arabella,Hunter,Area Sales Manager,Sales,PYZ,Part-Time,Male,2.44,70.0,3,5,1,Fully Meets,2,0.17666985587029344,Low Risk,short tenure; PayZone = Zone A; experience level,Maintain current engagement practices; no immediate action needed.
3881,Abby,Woodward,IT Support,IT/IS,NEL,Part-Time,Male,7.1,34.0,3,5,5,Fully Meets,3,0.17630753930245138,Low Risk,low performance rating; Division = Field Operations; JobFunctionDescription = Laborer,Maintain current engagement practices; no immediate action needed.
1672,Amaris,Torres,CIO,IT/IS,CCDR,Full-Time,Male,5.38,79.0,3,1,4,Fully Meets,3,0.17599261275014355,Low Risk,low performance rating; Division = Field Operations; MaritalStatus = Married,Maintain current engagement practices; no immediate action needed.
2680,Jasmine,Rogers,Area Sales Manager,Sales,PYZ,Contract,Male,0.77,79.0,4,1,4,Fully Meets,2,0.17575265807354423,Low Risk,short tenure; low satisfaction score; PayZone = Zone A,Maintain current engagement practices; no immediate action needed.
2718,Madalyn,Prince,Area Sales Manager,Sales,WBL,Part-Time,Male,4.46,27.0,5,3,5,Fully Meets,5,0.17546162726439157,Low Risk,Employee = Part-Time; low performance rating; MaritalStatus = Married,Maintain current engagement practices; no immediate action needed.
2225,Milo,Jensen,IT Manager - DB,IT/IS,EW,Part-Time,Male,3.24,55.0,2,1,2,Exceeds,2,0.1753596303137014,Low Risk,PayZone = Zone A; poor work-life balance; EmployeeClassification = Full-Time,Maintain current engagement practices; no immediate action needed.
2235,Kyson,Grimes,IT Support,IT/IS,CCDR,Full-Time,Female,4.41,72.0,5,3,3,Fully Meets,1,0.175159166345926,Low Risk,JobFunctionDescription = Model Assistant; Gender = Female; EmployeeClassification = Full-Time,Maintain current engagement practices; no immediate action needed.
3963,Micah,Pace,Sr. Accountant,IT/IS,TNS,Part-Time,Female,6.9,28.0,1,4,5,Fully Meets,3,0.1751251740959191,Low Risk,low performance rating; Gender = Female; BusinessUnit = TNS,Maintain current engagement practices; no immediate action needed.
3810,Ann,Daniele,Sr. Network Engineer,IT/IS,PL,Full-Time,Female,6.44,67.0,3,3,1,Fully Meets,3,0.17480410048613695,Low Risk,low performance rating; Gender = Female; training investment,Maintain current engagement practices; no immediate action needed.
2492,Natalya,Norman,Software Engineer,Software Engineering,CCDR,Full-Time,Male,7.02,69.0,2,3,5,Fully Meets,2,0.1747521358047751,Low Risk,Department = Software Engineering; Race = White; Employee = Full-Time,Maintain current engagement practices; no immediate action needed.
3874,Aspen,Reyes,Sr. Network Engineer,IT/IS,PL,Part-Time,Male,6.15,29.0,4,4,5,Fully Meets,3,0.17439769884022593,Low Risk,low performance rating; low satisfaction score; Employee = Part-Time,Maintain current engagement practices; no immediate action needed.
3937,Daniff,Hernandez,Database Administrator,IT/IS,EW,Contract,Male,3.72,82.0,3,1,1,Fully Meets,3,0.17420816839941447,Low Risk,low performance rating; poor work-life balance; low engagement,Maintain current engagement practices; no immediate action needed.
3915,Rhys,Barry,Network Engineer,IT/IS,TNS,Contract,Male,3.91,35.0,3,5,1,Fully Meets,3,0.1741479757920518,Low Risk,low performance rating; Race = Other; age,Maintain current engagement practices; no immediate action needed.
3711,Marlene,Bates,Production Technician I,Production,NEL,Part-Time,Female,5.02,46.0,3,4,3,Needs Improvement,1,0.17407852417812886,Low Risk,Department = Production; BusinessUnit = NEL; Division = Finance & Accounting,Maintain current engagement practices; no immediate action needed.
1658,Allison,Frank,Sales Manager,IT/IS,EW,Contract,Male,6.73,51.0,1,2,2,Fully Meets,3,0.17404364499366187,Low Risk,low performance rating; BusinessUnit = EW; experience level,Maintain current engagement practices; no immediate action needed.
2618,Anika,Bender,Accountant I,Admin Offices,EW,Part-Time,Female,7.14,32.0,3,5,3,Fully Meets,4,0.17384820081324825,Low Risk,low performance rating; Race = White; MaritalStatus = Married,Maintain current engagement practices; no immediate action needed.
2623,Harper,Clark,Area Sales Manager,Sales,CCDR,Contract,Male,1.06,73.0,5,2,3,Fully Meets,2,0.17383496852178687,Low Risk,short tenure; low satisfaction score; training investment,Maintain current engagement practices; no immediate action needed.
2208,Lisa,Galia,IT Support,IT/IS,WBL,Full-Time,Female,7.84,78.0,3,5,3,Needs Improvement,5,0.1737333787739175,Low Risk,low performance rating; EmployeeClassification = Full-Time; Gender = Female,Maintain current engagement practices; no immediate action needed.
3687,Bria,Mcpherson,Production Technician I,Production,CCDR,Part-Time,Female,7.19,82.0,4,2,5,Exceeds,1,0.17317965730585477,Low Risk,Department = Production; PayZone = Zone B; Division = Field Operations,Maintain current engagement practices; no immediate action needed.
2516,Ally,Brennan,Director of Operations,IT/IS,MSC,Full-Time,Male,4.43,37.0,1,5,5,Fully Meets,5,0.17298487639306548,Low Risk,desired salary at hire; low performance rating; JobFunctionDescription = Laborer,Maintain current engagement practices; no immediate action needed.
2526,Kadyn,Marsh,BI Developer,IT/IS,NEL,Contract,Female,3.78,62.0,1,1,1,Fully Meets,1,0.1729440204187237,Low Risk,Gender = Female; BusinessUnit = NEL; JobFunctionDescription = Engineer,Maintain current engagement practices; no immediate action needed.
2241,Carlo,Carr,IT Support,IT/IS,EW,Part-Time,Female,5.09,45.0,4,4,4,Fully Meets,2,0.17287385502277275,Low Risk,training investment; JobFunctionDescription = Engineer; BusinessUnit = EW,Maintain current engagement practices; no immediate action needed.
1665,Tania,Jennings,Area Sales Manager,IT/IS,MSC,Contract,Male,6.59,63.0,2,4,3,Fully Meets,3,0.17241302699875471,Low Risk,low performance rating; experience level; PayZone = Zone A,Maintain current engagement practices; no immediate action needed.
1077,Derek,Moreno,Software Engineer,Software Engineering,TNS,Contract,Female,7.48,34.0,2,5,4,Fully Meets,3,0.17239234860358219,Low Risk,low performance rating; BusinessUnit = TNS; low performance score,Maintain current engagement practices; no immediate action needed.
3529,Callum,Mcdaniel,Area Sales Manager,Sales,SVG,Part-Time,Male,0.64,32.0,3,2,4,Fully Meets,2,0.17232886759588711,Low Risk,short tenure; training investment; Division = Field Operations,Maintain current engagement practices; no immediate action needed.
3906,Amaris,Miller,IT Support,IT/IS,NEL,Contract,Female,5.92,51.0,2,3,4,Fully Meets,3,0.17227034524859217,Low Risk,low performance rating; Gender = Female; BusinessUnit = NEL,Maintain current engagement practices; no immediate action needed.
3547,Adriel,Wiggins,Area Sales Manager,Sales,BPC,Contract,Female,4.51,79.0,4,2,2,Needs Improvement,2,0.17188247863521622,Low Risk,Gender = Female; JobFunctionDescription = Supervisor; low satisfaction score,Maintain current engagement practices; no immediate action needed.
1131,Gilbert,Duffy,Production Technician I,Production,EW,Part-Time,Female,7.33,31.0,4,4,4,Fully Meets,3,0.1718256007254311,Low Risk,Department = Production; low performance rating; low satisfaction score,Maintain current engagement practices; no immediate action needed.
1368,Beatrice,Bean,Sr. Accountant,Admin Offices,PYZ,Part-Time,Female,6.31,33.0,2,2,2,Exceeds,3,0.171693081536959,Low Risk,JobFunctionDescription = Estimator; low performance rating; Race = White,Maintain current engagement practices; no immediate action needed.
2292,Jonathan,Hogland,Production Manager,Production,TNS,Contract,Male,6.54,63.0,1,5,1,Fully Meets,2,0.1716866017475354,Low Risk,Department = Production; Race = White; poor work-life balance,Maintain current engagement practices; no immediate action needed.
3819,Tanya,Morway,Network Engineer,IT/IS,MSC,Full-Time,Female,6.51,69.0,1,4,1,Fully Meets,3,0.17125932722956955,Low Risk,low performance rating; Gender = Female; desired salary at hire,Maintain current engagement practices; no immediate action needed.
2247,Alessandra,Novak,IT Support,IT/IS,SVG,Part-Time,Female,4.74,43.0,4,3,4,Fully Meets,2,0.1712235159271285,Low Risk,low satisfaction score; Gender = Female; Employee = Part-Time,Maintain current engagement practices; no immediate action needed.
3938,Lori,Roby,Data Analyst,IT/IS,BPC,Part-Time,Female,6.26,71.0,1,1,1,Fully Meets,3,0.1709745857209098,Low Risk,low performance rating; Employee = Part-Time; MaritalStatus = Married,Maintain current engagement practices; no immediate action needed.
3841,Paris,Simpson,Principal Data Architect,IT/IS,CCDR,Full-Time,Male,5.35,56.0,4,5,4,Fully Meets,3,0.16992066648337886,Low Risk,low performance rating; EmployeeClassification = Full-Time; low satisfaction score,Maintain current engagement practices; no immediate action needed.
2258,Keshawn,Gilmore,IT Manager - Infra,IT/IS,TNS,Full-Time,Male,5.31,27.0,5,2,4,Fully Meets,2,0.16981290852743935,Low Risk,Race = White; low satisfaction score; BusinessUnit = TNS,Maintain current engagement practices; no immediate action needed.
2489,Graham,Villa,Director of Sales,IT/IS,NEL,Contract,Male,5.0,72.0,3,1,2,Fully Meets,5,0.16933350713486825,Low Risk,low performance rating; poor work-life balance; experience level,Maintain current engagement practices; no immediate action needed.
2515,Mayra,Lynn,Director of Sales,IT/IS,NEL,Contract,Male,7.87,30.0,1,1,1,Fully Meets,4,0.16888856033590394,Low Risk,low performance rating; education level; BusinessUnit = NEL,Maintain current engagement practices; no immediate action needed.
1941,Deven,Frazier,Production Technician II,Sales,PYZ,Contract,Female,5.47,85.0,5,3,4,Fully Meets,3,0.16880236954261088,Low Risk,low performance rating; Gender = Female; PayZone = Zone A,Maintain current engagement practices; no immediate action needed.
2252,Ricardo,Fitzgerald,IT Manager - Infra,IT/IS,WBL,Contract,Male,5.63,53.0,3,1,3,Fully Meets,4,0.16875686271223753,Low Risk,low performance rating; JobFunctionDescription = Coordinator; experience level,Maintain current engagement practices; no immediate action needed.
2703,Saul,Shaw,Area Sales Manager,Sales,CCDR,Full-Time,Male,7.7,40.0,5,1,4,Fully Meets,5,0.168744302917758,Low Risk,low performance rating; age; low satisfaction score,Maintain current engagement practices; no immediate action needed.
3545,Ryann,Rubio,Area Sales Manager,IT/IS,EW,Full-Time,Female,4.39,83.0,5,2,2,Fully Meets,1,0.16828365820345914,Low Risk,training investment; Gender = Female; experience level,Maintain current engagement practices; no immediate action needed.
2506,Trey,Johnston,Director of Operations,IT/IS,SVG,Full-Time,Male,4.07,79.0,3,3,2,Fully Meets,5,0.16819884860268733,Low Risk,Race = White; low performance rating; desired salary at hire,Maintain current engagement practices; no immediate action needed.
2502,Charlie,Brady,Software Engineer,Software Engineering,SVG,Part-Time,Male,7.49,27.0,3,3,5,Fully Meets,2,0.1680177740459557,Low Risk,Department = Software Engineering; Race = White; education level,Maintain current engagement practices; no immediate action needed.
2538,Isaias,Pineda,BI Developer,IT/IS,BPC,Full-Time,Female,6.86,40.0,4,5,5,Fully Meets,5,0.16728528237434992,Low Risk,low performance rating; low satisfaction score; Gender = Female,Maintain current engagement practices; no immediate action needed.
2653,Keon,Gonzalez,Area Sales Manager,Sales,PYZ,Full-Time,Male,0.05,82.0,5,4,3,Fully Meets,1,0.1668324487155746,Low Risk,short tenure; low satisfaction score; Employee = Full-Time,Maintain current engagement practices; no immediate action needed.
1667,George,Sheppard,Senior BI Developer,Admin Offices,BPC,Full-Time,Male,7.91,54.0,3,1,5,Fully Meets,3,0.16623330378091036,Low Risk,low performance rating; BusinessUnit = BPC; PayZone = Zone A,Maintain current engagement practices; no immediate action needed.
2947,Alonzo,Bradley,Production Technician II,Production,CCDR,Part-Time,Male,5.13,68.0,4,3,2,Fully Meets,1,0.16607637509128198,Low Risk,Department = Production; low satisfaction score; low performance score,Maintain current engagement practices; no immediate action needed.
2677,Demarcus,Small,Area Sales Manager,Sales,EW,Contract,Male,2.82,36.0,1,2,5,Fully Meets,1,0.16596364742725028,Low Risk,short tenure; low engagement; education level,Maintain current engagement practices; no immediate action needed.
3876,Alana,Castro,Principal Data Architect,IT/IS,CCDR,Contract,Female,4.75,72.0,2,3,5,PIP,3,0.16587573949259193,Low Risk,low performance rating; Gender = Female,Maintain current engagement practices; no immediate action needed.
2545,Odin,Key,IT Manager - DB,IT/IS,PYZ,Contract,Male,7.59,75.0,2,3,3,Fully Meets,4,0.16571088521807542,Low Risk,low performance rating; EmployeeClassification = Full-Time; JobFunctionDescription = Coordinator,Maintain current engagement practices; no immediate action needed.
2224,Hadley,Nash,IT Manager - Infra,IT/IS,CCDR,Full-Time,Female,5.78,28.0,1,2,3,Exceeds,4,0.16567879803072727,Low Risk,low performance rating; experience level; Employee = Full-Time,Maintain current engagement practices; no immediate action needed.
1056,Desmond,Anderson,Software Engineer,Software Engineering,SVG,Contract,Male,4.68,83.0,2,4,2,Fully Meets,3,0.1655759701449075,Low Risk,low performance rating; Department = Software Engineering; JobFunctionDescription = Driver,Maintain current engagement practices; no immediate action needed.
2216,Jaylyn,Bruce,IT Manager - Support,IT/IS,WBL,Part-Time,Female,3.71,54.0,5,4,2,Exceeds,1,0.16469171958599227,Low Risk,Gender = Female; low satisfaction score; Employee = Part-Time,Maintain current engagement practices; no immediate action needed.
2672,Quincy,Shannon,Area Sales Manager,Sales,NEL,Contract,Male,3.07,27.0,2,5,2,Fully Meets,1,0.16432216038016675,Low Risk,JobFunctionDescription = Engineer; BusinessUnit = NEL; PayZone = Zone A,Maintain current engagement practices; no immediate action needed.
2909,Nancy,Barrett,Production Technician II,Production,WBL,Full-Time,Female,7.33,85.0,4,2,4,Needs Improvement,1,0.16413728551334117,Low Risk,Department = Production; Gender = Female; Employee = Full-Time,Maintain current engagement practices; no immediate action needed.
3537,Neveah,Rowe,Area Sales Manager,Sales,NEL,Contract,Male,0.74,72.0,2,4,5,Fully Meets,2,0.16400767809632869,Low Risk,short tenure; MaritalStatus = Married; Division = Field Operations,Maintain current engagement practices; no immediate action needed.
1726,Alden,Powers,BI Developer,IT/IS,NEL,Contract,Male,7.06,46.0,5,3,3,Fully Meets,3,0.16394336284765332,Low Risk,low performance rating; low satisfaction score; BusinessUnit = NEL,Maintain current engagement practices; no immediate action needed.
1068,Amber,Ross,Software Engineer,Software Engineering,PYZ,Full-Time,Female,4.82,28.0,2,3,2,Fully Meets,3,0.16367247260335913,Low Risk,low performance rating; training investment; poor work-life balance,Maintain current engagement practices; no immediate action needed.
1369,Shea,Novak,Administrative Assistant,Sales,CCDR,Contract,Female,5.33,52.0,4,2,3,Exceeds,3,0.1636355259376667,Low Risk,low performance rating; Gender = Female; low satisfaction score,Maintain current engagement practices; no immediate action needed.
1947,Karen,Goodman,Sales Manager,Sales,MSC,Part-Time,Female,5.85,44.0,3,1,3,Fully Meets,3,0.16348090414988545,Low Risk,low performance rating; Race = White; Gender = Female,Maintain current engagement practices; no immediate action needed.
1656,Elyse,Chandler,Senior BI Developer,Admin Offices,CCDR,Part-Time,Male,3.89,41.0,4,1,5,Fully Meets,3,0.16317473919662753,Low Risk,low performance rating; age; Employee = Part-Time,Maintain current engagement practices; no immediate action needed.
2460,Konner,Pierce,Data Analyst,IT/IS,EW,Contract,Female,4.39,67.0,4,3,2,Fully Meets,2,0.16307220864112157,Low Risk,Division = Finance & Accounting; training investment; Gender = Female,Maintain current engagement practices; no immediate action needed.
1325,Maximus,Carney,Accountant I,Admin Offices,TNS,Contract,Female,6.69,44.0,5,1,3,Fully Meets,3,0.1625017557976935,Low Risk,low performance rating; low engagement; age,Maintain current engagement practices; no immediate action needed.
2253,Steven,Jarvis,IT Support,IT/IS,PYZ,Full-Time,Female,5.69,44.0,1,5,2,Fully Meets,1,0.16223466224819935,Low Risk,Gender = Female; Employee = Full-Time; EmployeeClassification = Full-Time,Maintain current engagement practices; no immediate action needed.
3980,Carmen,Atkins,Data Analyst,IT/IS,PL,Full-Time,Female,6.21,51.0,2,4,5,Exceeds,3,0.16212345850285192,Low Risk,low performance rating; Gender = Female; EmployeeClassification = Full-Time,Maintain current engagement practices; no immediate action needed.
1331,Roger,Taylor,Accountant I,Admin Offices,TNS,Full-Time,Female,4.96,80.0,2,3,5,Fully Meets,3,0.16208019459807887,Low Risk,low performance rating; Gender = Female; BusinessUnit = TNS,Maintain current engagement practices; no immediate action needed.
2335,Magdalena,Fischer,Data Analyst,IT/IS,EW,Full-Time,Male,4.0,82.0,5,1,5,Fully Meets,4,0.16185745174528102,Low Risk,Race = White; low satisfaction score; low performance rating,Maintain current engagement practices; no immediate action needed.
1035,Case,Russell,Senior BI Developer,Admin Offices,PL,Full-Time,Female,5.78,47.0,5,1,5,Fully Meets,3,0.16180837675623322,Low Risk,low performance rating; low satisfaction score; PayZone = Zone A,Maintain current engagement practices; no immediate action needed.
2333,Natalee,Lane,Data Analyst,IT/IS,BPC,Full-Time,Female,7.31,75.0,4,5,2,Fully Meets,1,0.1617371362131463,Low Risk,BusinessUnit = BPC; Employee = Full-Time; low satisfaction score,Maintain current engagement practices; no immediate action needed.
2728,Kianna,Little,Area Sales Manager,Sales,WBL,Full-Time,Male,2.89,70.0,2,3,1,Fully Meets,2,0.1616297037276399,Low Risk,short tenure; Employee = Full-Time; training investment,Maintain current engagement practices; no immediate action needed.
2251,Carla,Willis,IT Manager - Support,IT/IS,PYZ,Part-Time,Female,4.53,48.0,4,4,4,Fully Meets,2,0.16136626312114727,Low Risk,low satisfaction score; Gender = Female; Employee = Part-Time,Maintain current engagement practices; no immediate action needed.
3946,Jayne,Horton,Database Administrator,IT/IS,NEL,Contract,Female,7.11,69.0,3,1,4,Fully Meets,3,0.16128813715120718,Low Risk,low performance rating; BusinessUnit = NEL; Gender = Female,Maintain current engagement practices; no immediate action needed.
1725,Jamarcus,Thomas,BI Developer,IT/IS,PL,Contract,Male,5.16,79.0,4,2,5,Fully Meets,3,0.1603566994838696,Low Risk,low performance rating; low satisfaction score; PayZone = Zone A,Maintain current engagement practices; no immediate action needed.
2487,Leo,Cooper,IT Manager - DB,IT/IS,PYZ,Part-Time,Male,7.02,48.0,1,1,4,Fully Meets,4,0.1602517787877028,Low Risk,low performance rating; Race = White; JobFunctionDescription = Laborer,Maintain current engagement practices; no immediate action needed.
2284,Jennifer,Zamora,CIO,IT/IS,EW,Part-Time,Female,4.11,66.0,4,1,4,Fully Meets,2,0.16019262871156015,Low Risk,Gender = Female; Race = Other; Employee = Part-Time,Maintain current engagement practices; no immediate action needed.
3831,Payton,Cross,Enterprise Architect,IT/IS,SVG,Part-Time,Female,7.86,76.0,2,3,5,Needs Improvement,3,0.15963328121860276,Low Risk,low performance rating; Gender = Female; experience level,Maintain current engagement practices; no immediate action needed.
2679,Christine,Giles,Area Sales Manager,Sales,TNS,Contract,Male,3.69,75.0,4,4,1,Fully Meets,5,0.15947456950431346,Low Risk,low satisfaction score; low performance rating; PayZone = Zone A,Maintain current engagement practices; no immediate action needed.
2312,Maximilian,Carney,Data Analyst,IT/IS,WBL,Full-Time,Male,6.66,75.0,4,1,3,Fully Meets,4,0.1593093124365601,Low Risk,low performance rating; experience level; low satisfaction score,Maintain current engagement practices; no immediate action needed.
1359,Rishi,Watkins,Sr. Network Engineer,Admin Offices,BPC,Full-Time,Male,7.5,28.0,5,4,1,Fully Meets,3,0.15919034361617557,Low Risk,low performance rating; low satisfaction score; MaritalStatus = Married,Maintain current engagement practices; no immediate action needed.
2500,Annabelle,Frederick,Software Engineer,Software Engineering,BPC,Full-Time,Male,7.0,78.0,3,1,5,Fully Meets,2,0.15893948971769695,Low Risk,Department = Software Engineering; JobFunctionDescription = Laborer; Employee = Full-Time,Maintain current engagement practices; no immediate action needed.
3457,Milton,Wall,Area Sales Manager,Sales,PL,Full-Time,Female,5.83,79.0,1,5,4,Needs Improvement,3,0.15870480914294346,Low Risk,low performance rating; Gender = Female; Race = White,Maintain current engagement practices; no immediate action needed.
1370,Mateo,Mcdaniel,Administrative Assistant,Admin Offices,SVG,Part-Time,Female,4.19,34.0,2,1,1,Exceeds,3,0.15852010211065454,Low Risk,low performance rating; MaritalStatus = Married; low engagement,Maintain current engagement practices; no immediate action needed.
3816,Anthony,Cisco,IT Support,IT/IS,WBL,Full-Time,Male,5.23,70.0,1,1,5,Fully Meets,3,0.15839458730980163,Low Risk,low performance rating; training investment; experience level,Maintain current engagement practices; no immediate action needed.
3836,Marcos,Petty,IT Support,IT/IS,PL,Contract,Male,4.95,81.0,3,2,5,Fully Meets,3,0.15823137307403357,Low Risk,low performance rating; PayZone = Zone A; low performance score,Maintain current engagement practices; no immediate action needed.
3815,Neville,Tredinnick,Network Engineer,IT/IS,SVG,Contract,Male,5.33,42.0,5,1,3,Fully Meets,3,0.1581949071885535,Low Risk,low performance rating; Race = White; age,Maintain current engagement practices; no immediate action needed.
2532,Demetrius,Cooley,IT Manager - DB,IT/IS,NEL,Contract,Male,6.02,54.0,1,1,4,Fully Meets,4,0.15623671661159505,Low Risk,low performance rating; Race = Other; BusinessUnit = NEL,Maintain current engagement practices; no immediate action needed.
1327,Rhys,Lawson,Sr. Network Engineer,Admin Offices,WBL,Part-Time,Male,7.53,66.0,3,5,4,Fully Meets,3,0.1560787171188012,Low Risk,low performance rating; Race = White; JobFunctionDescription = Engineer,Maintain current engagement practices; no immediate action needed.
1365,Cali,Nolan,Accountant I,Admin Offices,TNS,Contract,Male,7.01,44.0,1,5,2,Exceeds,3,0.1560272436393687,Low Risk,low performance rating; BusinessUnit = TNS; age,Maintain current engagement practices; no immediate action needed.
1949,Ashlynn,Duffy,Sales Manager,Sales,MSC,Contract,Female,6.65,76.0,3,5,4,Fully Meets,3,0.1555979632813257,Low Risk,low performance rating; Gender = Female; BusinessUnit = MSC,Maintain current engagement practices; no immediate action needed.
2745,Harley,Greer,Area Sales Manager,Sales,PL,Contract,Female,7.5,25.0,2,1,2,Fully Meets,5,0.15544774092935487,Low Risk,Gender = Female; low engagement; low performance rating,Maintain current engagement practices; no immediate action needed.
2313,Ayanna,Bowman,Data Analyst,IT/IS,NEL,Part-Time,Male,4.87,26.0,2,5,3,Fully Meets,2,0.1553469479312673,Low Risk,JobFunctionDescription = Shop; BusinessUnit = NEL; Division = Shop (Fleet),Maintain current engagement practices; no immediate action needed.
2701,Branden,Ali,Administrative Assistant,Sales,CCDR,Contract,Female,7.27,67.0,5,5,3,Fully Meets,5,0.15531628442124423,Low Risk,Gender = Female; low performance rating; low satisfaction score,Maintain current engagement practices; no immediate action needed.
1382,Mason,Ellis,Sr. Accountant,Admin Offices,TNS,Full-Time,Female,7.13,58.0,1,2,1,Exceeds,3,0.1550941821639105,Low Risk,low performance rating; Division = Field Operations; low engagement,Maintain current engagement practices; no immediate action needed.
1691,Jasiah,Walton,Senior BI Developer,IT/IS,PL,Contract,Male,6.8,81.0,1,3,2,Fully Meets,3,0.15460408929666858,Low Risk,low performance rating; desired salary at hire; poor work-life balance,Maintain current engagement practices; no immediate action needed.
2744,Walter,Mayo,Area Sales Manager,Sales,NEL,Contract,Female,6.12,72.0,4,2,2,Fully Meets,4,0.1543458684654158,Low Risk,Gender = Female; BusinessUnit = NEL; low performance rating,Maintain current engagement practices; no immediate action needed.
3453,Bridger,Carter,Area Sales Manager,Sales,WBL,Contract,Male,3.78,44.0,5,5,3,Fully Meets,4,0.15416721357691068,Low Risk,Race = White; training investment; low performance rating,Maintain current engagement practices; no immediate action needed.
3882,Litzy,Esparza,IT Support,IT/IS,PL,Contract,Female,7.49,80.0,3,5,3,Fully Meets,3,0.15349252032053584,Low Risk,low performance rating; Gender = Female; MaritalStatus = Married,Maintain current engagement practices; no immediate action needed.
1380,Solomon,Paul,Accountant I,Admin Offices,TNS,Part-Time,Male,5.88,73.0,1,1,2,Exceeds,3,0.15308584185561736,Low Risk,low performance rating; JobFunctionDescription = Laborer; low engagement,Maintain current engagement practices; no immediate action needed.
2505,Carleigh,Hendricks,Director of Sales,IT/IS,CCDR,Contract,Male,7.07,38.0,2,3,3,Fully Meets,1,0.1526310210076051,Low Risk,training investment; experience level; education level,Maintain current engagement practices; no immediate action needed.
2259,Connor,Wang,IT Support,IT/IS,SVG,Part-Time,Female,4.48,65.0,2,1,5,Fully Meets,1,0.15242476500943564,Low Risk,PayZone = Zone A; Employee = Part-Time; low engagement,Maintain current engagement practices; no immediate action needed.
3543,Rayne,Kerr,Area Sales Manager,Sales,MSC,Part-Time,Female,5.71,45.0,5,4,5,Fully Meets,2,0.1519229539016217,Low Risk,Gender = Female; JobFunctionDescription = Laborer; PayZone = Zone A,Maintain current engagement practices; no immediate action needed.
3997,Carmen,Frost,Database Administrator,IT/IS,EW,Contract,Male,7.03,80.0,4,2,1,Needs Improvement,3,0.151821397562453,Low Risk,low performance rating; low satisfaction score; PayZone = Zone A,Maintain current engagement practices; no immediate action needed.
2211,Leonara,Lindsay,IT Support,IT/IS,WBL,Contract,Female,6.29,55.0,5,1,3,Exceeds,5,0.15162265819843068,Low Risk,low performance rating; Gender = Female; low satisfaction score,Maintain current engagement practices; no immediate action needed.
3491,Lennon,Buchanan,Area Sales Manager,Sales,NEL,Contract,Male,5.49,53.0,4,3,5,Fully Meets,5,0.15089870813395478,Low Risk,JobFunctionDescription = Driver; low satisfaction score; low performance rating,Maintain current engagement practices; no immediate action needed.
1719,Katelyn,Stevens,BI Developer,IT/IS,SVG,Contract,Male,5.03,33.0,3,2,1,Fully Meets,3,0.15082928029127993,Low Risk,low performance rating; JobFunctionDescription = Laborer; education level,Maintain current engagement practices; no immediate action needed.
3830,Mariana,Glass,Principal Data Architect,IT/IS,CCDR,Part-Time,Male,6.93,79.0,1,1,3,PIP,3,0.15052042674782665,Low Risk,low performance rating; Employee = Part-Time; Race = White,Maintain current engagement practices; no immediate action needed.
2561,Ashly,Mullen,IT Manager - DB,IT/IS,NEL,Contract,Male,5.03,70.0,5,3,4,Fully Meets,2,0.15010971821701743,Low Risk,JobFunctionDescription = Laborer; BusinessUnit = NEL; low satisfaction score,Maintain current engagement practices; no immediate action needed.
2547,Kenna,Simon,Director of Sales,Sales,NEL,Full-Time,Male,5.06,56.0,5,2,1,Fully Meets,4,0.14990568005583618,Low Risk,low performance rating; PayZone = Zone A; BusinessUnit = NEL,Maintain current engagement practices; no immediate action needed.
3497,Graham,Rodriguez,Area Sales Manager,Sales,TNS,Part-Time,Female,4.63,45.0,3,2,4,Fully Meets,1,0.1495682449285857,Low Risk,Gender = Female; BusinessUnit = TNS; age,Maintain current engagement practices; no immediate action needed.
1351,Elliott,Petersen,Accountant I,Admin Offices,TNS,Contract,Male,5.33,28.0,1,4,5,Fully Meets,3,0.14909375568167757,Low Risk,low performance rating; Race = White; Division = Field Operations,Maintain current engagement practices; no immediate action needed.
3839,Dereon,Page,Sr. Network Engineer,IT/IS,PL,Contract,Male,4.79,26.0,3,3,4,PIP,3,0.1490071747301192,Low Risk,low performance rating; age; education level,Maintain current engagement practices; no immediate action needed.
1939,Angelina,Peck,Production Technician II,Sales,PYZ,Contract,Female,7.14,84.0,5,4,3,Fully Meets,3,0.14881146993824027,Low Risk,low performance rating; Gender = Female; JobFunctionDescription = Engineer,Maintain current engagement practices; no immediate action needed.
3503,Geovanni,Pugh,Area Sales Manager,Sales,CCDR,Part-Time,Male,4.51,75.0,2,5,3,Fully Meets,4,0.14849057354573728,Low Risk,low performance rating; Employee = Part-Time; PayZone = Zone A,Maintain current engagement practices; no immediate action needed.
2579,Jackie,Valentin,Area Sales Manager,Sales,MSC,Full-Time,Female,5.53,49.0,4,3,4,Fully Meets,2,0.14828343034498986,Low Risk,Gender = Female; age; low satisfaction score,Maintain current engagement practices; no immediate action needed.
2565,Adison,Huerta,BI Developer,IT/IS,PL,Contract,Female,6.51,41.0,5,2,4,Fully Meets,2,0.1480496556908359,Low Risk,Race = White; MaritalStatus = Married; age,Maintain current engagement practices; no immediate action needed.
2482,Eric,Dougall,IT Manager - Support,IT/IS,PYZ,Contract,Male,3.8,76.0,2,4,5,Fully Meets,4,0.14775436819124851,Low Risk,Division = Isp; low performance rating; EmployeeClassification = Full-Time,Maintain current engagement practices; no immediate action needed.
3468,Valentin,Reilly,Area Sales Manager,Sales,NEL,Contract,Female,6.88,28.0,1,3,3,Fully Meets,4,0.14723437907504458,Low Risk,Gender = Female; low performance rating; BusinessUnit = NEL,Maintain current engagement practices; no immediate action needed.
3848,Nathaly,Huffman,IT Support,IT/IS,BPC,Full-Time,Male,6.84,30.0,1,5,4,Fully Meets,3,0.14640197359937937,Low Risk,low performance rating; BusinessUnit = BPC; Division = Field Operations,Maintain current engagement practices; no immediate action needed.
2230,Kane,Mcfarland,IT Manager - Support,IT/IS,PYZ,Part-Time,Female,7.67,54.0,5,1,5,Fully Meets,2,0.14634436450571,Low Risk,Employee = Part-Time; Gender = Female; low satisfaction score,Maintain current engagement practices; no immediate action needed.
2231,Kylie,Ellis,IT Manager - Infra,IT/IS,WBL,Full-Time,Female,5.58,36.0,2,1,2,Fully Meets,2,0.14629659625665895,Low Risk,education level; JobFunctionDescription = Laborer; Gender = Female,Maintain current engagement practices; no immediate action needed.
2375,Selena,Adkins,Data Analyst,IT/IS,TNS,Contract,Male,7.87,68.0,4,2,2,Fully Meets,1,0.1462863020392433,Low Risk,training investment; low satisfaction score; BusinessUnit = TNS,Maintain current engagement practices; no immediate action needed.
3496,Aspen,Bentley,Area Sales Manager,Sales,WBL,Contract,Male,4.65,62.0,3,1,2,Fully Meets,5,0.14590674228443198,Low Risk,low performance rating; PayZone = Zone A; low engagement,Maintain current engagement practices; no immediate action needed.
2563,Kenny,Rojas,IT Director,IT/IS,BPC,Contract,Male,5.63,73.0,2,2,4,Fully Meets,2,0.14551035773377324,Low Risk,training investment; BusinessUnit = BPC; JobFunctionDescription = Engineer,Maintain current engagement practices; no immediate action needed.
3472,Nevaeh,Soto,Area Sales Manager,Sales,SVG,Contract,Male,3.53,45.0,5,5,4,Exceeds,4,0.14530935121111152,Low Risk,low satisfaction score; low performance rating; training investment,Maintain current engagement practices; no immediate action needed.
2648,Nathaly,Stevens,Area Sales Manager,Sales,NEL,Part-Time,Male,3.82,32.0,2,4,1,Fully Meets,2,0.14447733872894578,Low Risk,BusinessUnit = NEL; Employee = Part-Time; JobFunctionDescription = Engineer,Maintain current engagement practices; no immediate action needed.
3531,Ronnie,Mayer,Area Sales Manager,Sales,WBL,Full-Time,Male,3.11,83.0,4,2,4,Fully Meets,1,0.14426184715100085,Low Risk,low satisfaction score; EmployeeClassification = Full-Time; Employee = Full-Time,Maintain current engagement practices; no immediate action needed.
3542,Ellie,Gill,Area Sales Manager,Sales,EW,Contract,Male,3.28,78.0,3,2,4,Needs Improvement,1,0.14420565937350913,Low Risk,Race = White; PayZone = Zone A; MaritalStatus = Married,Maintain current engagement practices; no immediate action needed.
2633,Zain,Nolan,Administrative Assistant,Sales,PL,Part-Time,Female,3.96,41.0,2,5,3,Fully Meets,5,0.14417644867872045,Low Risk,age; Gender = Female; low performance rating,Maintain current engagement practices; no immediate action needed.
2536,Alfred,Rivas,Director of Operations,Sales,SVG,Contract,Male,3.57,75.0,1,2,2,Fully Meets,2,0.14416754908350893,Low Risk,training investment; experience level; Division = Field Operations,Maintain current engagement practices; no immediate action needed.
3441,Prater,Jeremy,Area Sales Manager,Sales,BPC,Part-Time,Male,7.24,37.0,2,4,5,Exceeds,4,0.1440811017178091,Low Risk,low performance rating; BusinessUnit = BPC; experience level,Maintain current engagement practices; no immediate action needed.
3471,Jonathan,Adkins,Area Sales Manager,Sales,CCDR,Part-Time,Male,6.4,60.0,4,2,1,Fully Meets,4,0.14351637699491834,Low Risk,low performance rating; Employee = Part-Time; Division = Field Operations,Maintain current engagement practices; no immediate action needed.
2539,Casey,Bradford,BI Developer,IT/IS,CCDR,Part-Time,Male,7.35,73.0,2,4,3,Fully Meets,2,0.14334714382455085,Low Risk,MaritalStatus = Married; Employee = Part-Time; JobFunctionDescription = Foreman,Maintain current engagement practices; no immediate action needed.
2586,Travis,Ozark,Area Sales Manager,Sales,CCDR,Full-Time,Male,6.28,46.0,4,2,2,Fully Meets,4,0.14274653274987859,Low Risk,low satisfaction score; low performance rating; age,Maintain current engagement practices; no immediate action needed.
2705,Lea,Cantu,Area Sales Manager,Sales,MSC,Full-Time,Female,7.72,26.0,2,3,2,Fully Meets,2,0.14205329614514475,Low Risk,Gender = Female; Employee = Full-Time; JobFunctionDescription = Supervisor,Maintain current engagement practices; no immediate action needed.
2491,Giovanna,Romero,Software Engineer,Software Engineering,BPC,Contract,Male,7.3,82.0,5,4,2,Fully Meets,1,0.14188119930275897,Low Risk,low satisfaction score; Department = Software Engineering; BusinessUnit = BPC,Maintain current engagement practices; no immediate action needed.
3534,Lee,Frye,Area Sales Manager,Sales,TNS,Full-Time,Female,7.86,67.0,3,4,2,Fully Meets,4,0.1417187600695322,Low Risk,Gender = Female; BusinessUnit = TNS; low performance rating,Maintain current engagement practices; no immediate action needed.
2520,Richard,Oconnell,Software Engineer,Software Engineering,PL,Part-Time,Male,5.83,78.0,1,2,1,Fully Meets,1,0.14155612412100885,Low Risk,Department = Software Engineering; desired salary at hire; low engagement,Maintain current engagement practices; no immediate action needed.
2314,Lia,Blair,Data Analyst,IT/IS,PL,Part-Time,Female,6.93,65.0,1,4,3,Fully Meets,1,0.14126560063671373,Low Risk,MaritalStatus = Married; Gender = Female; Division = Field Operations,Maintain current engagement practices; no immediate action needed.
2527,Nylah,Hood,BI Developer,IT/IS,PL,Full-Time,Male,7.01,35.0,4,3,5,Fully Meets,2,0.1410142830942141,Low Risk,low satisfaction score; MaritalStatus = Married; PayZone = Zone A,Maintain current engagement practices; no immediate action needed.
3522,Marques,Armstrong,Area Sales Manager,Sales,BPC,Full-Time,Female,6.4,43.0,5,1,4,Fully Meets,1,0.1408996853729304,Low Risk,Gender = Female; JobFunctionDescription = Splicer; BusinessUnit = BPC,Maintain current engagement practices; no immediate action needed.
1649,Walter,Pruitt,CIO,IT/IS,WBL,Full-Time,Male,7.35,62.0,1,3,2,Fully Meets,3,0.14076438722237736,Low Risk,low performance rating; Race = White; training investment,Maintain current engagement practices; no immediate action needed.
2261,Samuel,Jennings,IT Support,IT/IS,MSC,Full-Time,Female,4.15,68.0,1,2,5,Fully Meets,2,0.1407559916979195,Low Risk,Gender = Female; low engagement; BusinessUnit = MSC,Maintain current engagement practices; no immediate action needed.
1375,Luca,Francis,Sr. Accountant,Admin Offices,PYZ,Contract,Female,5.03,27.0,3,1,2,Exceeds,3,0.14070143733408372,Low Risk,low performance rating; Gender = Female; education level,Maintain current engagement practices; no immediate action needed.
2392,Demetrius,Mendez,Data Analyst,IT/IS,BPC,Full-Time,Male,6.97,82.0,3,4,2,Fully Meets,1,0.14061224547424145,Low Risk,BusinessUnit = BPC; training investment; EmployeeClassification = Full-Time,Maintain current engagement practices; no immediate action needed.
2557,Davion,Vasquez,BI Developer,IT/IS,MSC,Full-Time,Female,6.85,62.0,3,1,1,Fully Meets,2,0.1405266070723846,Low Risk,MaritalStatus = Married; Gender = Female; JobFunctionDescription = Engineer,Maintain current engagement practices; no immediate action needed.
2734,Maxim,Mooney,Area Sales Manager,Sales,NEL,Contract,Female,5.65,78.0,2,2,3,Fully Meets,4,0.14005307187436578,Low Risk,Gender = Female; BusinessUnit = NEL; low performance rating,Maintain current engagement practices; no immediate action needed.
2265,Halle,Pena,IT Support,IT/IS,SVG,Contract,Female,6.57,82.0,4,2,2,Fully Meets,1,0.13997349394206934,Low Risk,Gender = Female; poor work-life balance; low satisfaction score,Maintain current engagement practices; no immediate action needed.
2736,Zara,Werner,Area Sales Manager,Sales,BPC,Contract,Male,6.16,63.0,2,4,2,Fully Meets,5,0.13948840302916302,Low Risk,low performance rating; BusinessUnit = BPC; training investment,Maintain current engagement practices; no immediate action needed.
3532,Marlon,Ford,Area Sales Manager,IT/IS,EW,Part-Time,Female,4.78,60.0,2,2,5,Fully Meets,1,0.1393712426276836,Low Risk,Gender = Female; Employee = Part-Time; EmployeeClassification = Full-Time,Maintain current engagement practices; no immediate action needed.
3824,Derek,Holmes,IT Support,IT/IS,SVG,Contract,Male,6.55,78.0,4,4,5,Fully Meets,3,0.13879724603310634,Low Risk,low performance rating; low satisfaction score; training investment,Maintain current engagement practices; no immediate action needed.
2410,Sam,Gross,Data Analyst,IT/IS,PYZ,Full-Time,Male,3.76,69.0,4,4,1,Fully Meets,2,0.13879408962528536,Low Risk,Race = White; low satisfaction score; education level,Maintain current engagement practices; no immediate action needed.
3465,Willow,Stuart,Area Sales Manager,Sales,WBL,Full-Time,Male,4.71,65.0,4,5,3,Needs Improvement,3,0.13749147759670766,Low Risk,low performance rating; low satisfaction score; PayZone = Zone B,Maintain current engagement practices; no immediate action needed.
2693,Malcolm,Rivas,Area Sales Manager,Sales,EW,Part-Time,Male,5.78,39.0,5,2,2,Fully Meets,4,0.13715578225101435,Low Risk,Race = White; low performance rating; MaritalStatus = Married,Maintain current engagement practices; no immediate action needed.
2608,Lewis,Hobbs,Area Sales Manager,Sales,EW,Contract,Male,5.75,49.0,4,1,5,Fully Meets,4,0.13692867562962327,Low Risk,low performance rating; low satisfaction score; age,Maintain current engagement practices; no immediate action needed.
3530,Zariah,Black,Area Sales Manager,Sales,TNS,Full-Time,Female,6.7,33.0,2,1,5,Fully Meets,2,0.1367525346561581,Low Risk,Gender = Female; BusinessUnit = TNS; PayZone = Zone B,Maintain current engagement practices; no immediate action needed.
2233,Sheldon,Castillo,IT Support,IT/IS,MSC,Contract,Female,6.83,49.0,1,5,1,Fully Meets,1,0.1366724761952289,Low Risk,Gender = Female; desired salary at hire; EmployeeClassification = Full-Time,Maintain current engagement practices; no immediate action needed.
1935,Jordin,Lozano,Production Technician II,Sales,TNS,Part-Time,Male,7.56,52.0,1,5,4,Fully Meets,3,0.13652355138074732,Low Risk,low performance rating; BusinessUnit = TNS; age,Maintain current engagement practices; no immediate action needed.
2721,Emerson,Zavala,Area Sales Manager,Sales,BPC,Full-Time,Male,6.4,45.0,4,1,3,Fully Meets,4,0.13641809396186158,Low Risk,low performance rating; BusinessUnit = BPC; low satisfaction score,Maintain current engagement practices; no immediate action needed.
2591,Cruz,Arellano,Area Sales Manager,Sales,SVG,Full-Time,Male,6.86,33.0,5,4,5,Fully Meets,4,0.13567169239589708,Low Risk,low performance rating; Employee = Full-Time; low satisfaction score,Maintain current engagement practices; no immediate action needed.
1338,Rogelio,Flores,Sr. Network Engineer,Admin Offices,BPC,Contract,Male,5.82,38.0,1,1,1,Fully Meets,3,0.1356465434619272,Low Risk,low performance rating; Race = Other; poor work-life balance,Maintain current engagement practices; no immediate action needed.
2240,Pedro,Nelson,IT Support,IT/IS,SVG,Part-Time,Female,7.64,29.0,4,2,5,Fully Meets,2,0.1354440635959485,Low Risk,Gender = Female; Division = Finance & Accounting; low satisfaction score,Maintain current engagement practices; no immediate action needed.
1320,Estelle,Howard,Administrative Assistant,Admin Offices,WBL,Part-Time,Female,7.58,43.0,1,5,5,Fully Meets,3,0.1354373626857601,Low Risk,low performance rating; Race = White; age,Maintain current engagement practices; no immediate action needed.
2709,Emily,Freeman,Area Sales Manager,Sales,SVG,Full-Time,Male,4.31,41.0,2,1,2,Fully Meets,2,0.1354184824879998,Low Risk,Employee = Full-Time; PayZone = Zone A; Division = Field Operations,Maintain current engagement practices; no immediate action needed.
3435,Jac,McKinzie,Area Sales Manager,Sales,NEL,Contract,Male,7.94,52.0,3,4,3,Exceeds,3,0.13500222605256032,Low Risk,low performance rating; BusinessUnit = NEL; JobFunctionDescription = Executive Assistant,Maintain current engagement practices; no immediate action needed.
1385,Anderson,Meadows,Administrative Assistant,Admin Offices,SVG,Full-Time,Female,6.15,60.0,1,3,3,PIP,3,0.1349583616234821,Low Risk,low performance rating; experience level; Division = Field Operations,Maintain current engagement practices; no immediate action needed.
2533,Chandler,Reynolds,IT Manager - DB,IT/IS,PL,Full-Time,Male,5.22,60.0,1,1,3,Fully Meets,1,0.13475670241353427,Low Risk,Race = White; Division = Field Operations; Employee = Full-Time,Maintain current engagement practices; no immediate action needed.
3861,Lizbeth,Hunt,Sr. Network Engineer,IT/IS,PL,Full-Time,Male,4.34,61.0,1,3,5,PIP,3,0.13456988007900506,Low Risk,low performance rating; Race = Other; MaritalStatus = Widowed,Maintain current engagement practices; no immediate action needed.
3539,Chaz,Bruce,Area Sales Manager,Sales,BPC,Full-Time,Male,6.63,43.0,3,3,4,Fully Meets,5,0.13407993894563944,Low Risk,low performance rating; BusinessUnit = BPC; experience level,Maintain current engagement practices; no immediate action needed.
2673,Alena,Walter,Area Sales Manager,Sales,PL,Full-Time,Male,4.55,27.0,1,5,1,Fully Meets,4,0.13376006129889345,Low Risk,Race = Other; low performance rating; JobFunctionDescription = Splicer,Maintain current engagement practices; no immediate action needed.
3460,Alisa,James,Area Sales Manager,Sales,SVG,Full-Time,Male,6.43,82.0,3,4,3,Fully Meets,3,0.1335360402956876,Low Risk,low performance rating; Employee = Full-Time; PayZone = Zone A,Maintain current engagement practices; no immediate action needed.
2665,Abdiel,Good,Area Sales Manager,Sales,NEL,Contract,Male,6.36,35.0,5,1,5,Fully Meets,4,0.13346962946539495,Low Risk,low performance rating; low engagement; BusinessUnit = NEL,Maintain current engagement practices; no immediate action needed.
2583,Gerry,Friedman,Area Sales Manager,Sales,PYZ,Contract,Male,5.86,30.0,5,5,3,Fully Meets,5,0.1334275620963661,Low Risk,low satisfaction score; MaritalStatus = Married; low performance rating,Maintain current engagement practices; no immediate action needed.
1324,Peter,Foley,Accountant I,Admin Offices,MSC,Part-Time,Female,5.01,40.0,3,5,3,Fully Meets,3,0.1330847130853836,Low Risk,low performance rating; age; education level,Maintain current engagement practices; no immediate action needed.
3445,Reid,Park,Area Sales Manager,Sales,PL,Contract,Female,5.52,41.0,5,4,2,Exceeds,4,0.1328899558498488,Low Risk,low satisfaction score; Gender = Female; low performance rating,Maintain current engagement practices; no immediate action needed.
2674,Clay,Compton,Area Sales Manager,Sales,BPC,Part-Time,Male,4.03,58.0,1,1,4,Fully Meets,1,0.13186055725737117,Low Risk,training investment; low engagement; JobFunctionDescription = Engineer,Maintain current engagement practices; no immediate action needed.
2614,Andy,Stewart,Area Sales Manager,Sales,PL,Part-Time,Male,5.2,39.0,1,5,1,Fully Meets,5,0.1317043400415866,Low Risk,low performance rating; age; Division = Field Operations,Maintain current engagement practices; no immediate action needed.
3510,Raven,Koch,Area Sales Manager,Sales,PYZ,Part-Time,Female,6.46,70.0,4,2,3,Fully Meets,2,0.13131712045472485,Low Risk,Gender = Female; low satisfaction score; MaritalStatus = Married,Maintain current engagement practices; no immediate action needed.
3446,Hector,Dalton,Area Sales Manager,Sales,BPC,Part-Time,Female,4.92,30.0,3,4,5,Exceeds,2,0.13057981200365731,Low Risk,Gender = Female; BusinessUnit = BPC; Race = White,Maintain current engagement practices; no immediate action needed.
3464,James,Duke,Area Sales Manager,Sales,PYZ,Contract,Male,3.77,28.0,5,2,3,Needs Improvement,5,0.13050742261052745,Low Risk,low performance rating; low engagement; low satisfaction score,Maintain current engagement practices; no immediate action needed.
2598,Yesenia,Payne,Area Sales Manager,Sales,PL,Part-Time,Male,6.55,62.0,3,5,2,Fully Meets,4,0.13028579521566627,Low Risk,low performance rating; JobFunctionDescription = Splicer; experience level,Maintain current engagement practices; no immediate action needed.
2254,Benjamin,Marquez,IT Support,IT/IS,SVG,Full-Time,Female,5.52,69.0,2,3,5,Fully Meets,2,0.1295106188932186,Low Risk,experience level; Gender = Female; Employee = Full-Time,Maintain current engagement practices; no immediate action needed.
3526,Darius,Krause,Area Sales Manager,Sales,NEL,Full-Time,Male,3.86,78.0,5,1,3,Fully Meets,4,0.12877932573406997,Low Risk,low performance rating; BusinessUnit = NEL; low satisfaction score,Maintain current engagement practices; no immediate action needed.
2477,Trevin,Shannon,Director of Sales,Sales,PL,Contract,Female,4.48,44.0,4,4,3,Fully Meets,2,0.12872976428882707,Low Risk,low satisfaction score; Gender = Female; PayZone = Zone A,Maintain current engagement practices; no immediate action needed.
2740,Madyson,Chapman,Area Sales Manager,Sales,MSC,Full-Time,Male,3.65,43.0,5,2,1,Fully Meets,1,0.12822951763507612,Low Risk,BusinessUnit = MSC; JobFunctionDescription = Construction Manager; low engagement,Maintain current engagement practices; no immediate action needed.
3432,Maruk,Fraval,Area Sales Manager,Sales,BPC,Contract,Male,6.52,77.0,3,2,5,Fully Meets,3,0.1274855468103758,Low Risk,low performance rating; JobFunctionDescription = Driver; PayZone = Zone B,Maintain current engagement practices; no immediate action needed.
1648,Charlee,Calhoun,Sales Manager,Sales,MSC,Part-Time,Male,5.2,49.0,4,4,5,Fully Meets,3,0.12709995396985097,Low Risk,low performance rating; JobFunctionDescription = Driver; low satisfaction score,Maintain current engagement practices; no immediate action needed.
2262,Shane,Harper,IT Support,IT/IS,TNS,Contract,Female,7.36,76.0,4,4,3,Fully Meets,2,0.12697765874992797,Low Risk,low satisfaction score; Gender = Female; JobFunctionDescription = Engineer,Maintain current engagement practices; no immediate action needed.
2307,Case,Hahn,Network Engineer,Executive Office,BPC,Part-Time,Male,6.21,38.0,2,5,3,Fully Meets,2,0.12694089584997786,Low Risk,experience level; desired salary at hire; BusinessUnit = BPC,Maintain current engagement practices; no immediate action needed.
3474,Arely,Patton,Area Sales Manager,Sales,MSC,Full-Time,Male,6.38,61.0,1,3,2,Fully Meets,2,0.12683449111752695,Low Risk,experience level; JobFunctionDescription = Laborer; BusinessUnit = MSC,Maintain current engagement practices; no immediate action needed.
3484,Albert,Gonzalez,Area Sales Manager,Sales,EW,Part-Time,Male,7.91,31.0,2,1,4,Fully Meets,4,0.12674197378669608,Low Risk,JobFunctionDescription = Model Assistant; low performance rating; Race = Other,Maintain current engagement practices; no immediate action needed.
2480,Jason,Foss,IT Director,IT/IS,CCDR,Part-Time,Male,6.0,49.0,2,3,3,Fully Meets,2,0.1264031288768292,Low Risk,Race = White; Employee = Part-Time; low performance score,Maintain current engagement practices; no immediate action needed.
2481,Simon,Roup,IT Manager - DB,IT/IS,PL,Full-Time,Male,7.62,29.0,5,2,1,Fully Meets,1,0.12611261530594026,Low Risk,Employee = Full-Time; PayZone = Zone A; low satisfaction score,Maintain current engagement practices; no immediate action needed.
2263,Kali,Yates,IT Manager - Support,IT/IS,PYZ,Contract,Male,6.55,61.0,1,3,4,Fully Meets,2,0.12583849689704157,Low Risk,training investment; experience level; low performance score,Maintain current engagement practices; no immediate action needed.
3521,Jocelyn,Bradford,Area Sales Manager,Sales,WBL,Contract,Female,7.41,77.0,3,1,3,Fully Meets,4,0.12544389663412459,Low Risk,low performance rating; training investment; Gender = Female,Maintain current engagement practices; no immediate action needed.
2671,Nasir,Glass,Area Sales Manager,Sales,WBL,Part-Time,Male,4.02,82.0,2,1,5,Fully Meets,5,0.12412542635299498,Low Risk,Employee = Part-Time; low performance rating; low engagement,Maintain current engagement practices; no immediate action needed.
2678,Presley,Dodson,Area Sales Manager,Sales,MSC,Full-Time,Male,5.16,60.0,3,5,3,Fully Meets,5,0.12340556924693717,Low Risk,low performance rating; Division = Field Operations; Race = White,Maintain current engagement practices; no immediate action needed.
3488,Willie,Patterson,Area Sales Manager,Sales,CCDR,Contract,Female,3.88,29.0,5,1,1,Fully Meets,2,0.123302650387513,Low Risk,Gender = Female; experience level; training investment,Maintain current engagement practices; no immediate action needed.
2729,David,Kirk,Area Sales Manager,Sales,NEL,Part-Time,Female,7.62,78.0,5,3,1,Fully Meets,2,0.12325235859835267,Low Risk,Gender = Female; BusinessUnit = NEL; JobFunctionDescription = Engineer,Maintain current engagement practices; no immediate action needed.
2650,Karley,Long,Administrative Assistant,Sales,BPC,Part-Time,Female,7.69,62.0,1,1,1,Fully Meets,1,0.12289509865903388,Low Risk,Gender = Female; BusinessUnit = BPC; PayZone = Zone B,Maintain current engagement practices; no immediate action needed.
2730,Alexandra,Bryant,Area Sales Manager,Sales,PL,Contract,Female,4.63,59.0,3,2,4,Fully Meets,2,0.12270249317910964,Low Risk,Gender = Female; low engagement; PayZone = Zone B,Maintain current engagement practices; no immediate action needed.
2581,Howard,Mullaney,Area Sales Manager,Sales,MSC,Full-Time,Male,5.05,56.0,3,2,4,Fully Meets,1,0.12212160792509504,Low Risk,low engagement; Employee = Full-Time; training investment,Maintain current engagement practices; no immediate action needed.
2635,Maxim,Phillips,Accountant I,Admin Offices,SVG,Full-Time,Female,3.8,69.0,1,3,3,Fully Meets,1,0.12138345840315168,Low Risk,Employee = Full-Time; PayZone = Zone B; Gender = Female,Maintain current engagement practices; no immediate action needed.
2223,Isla,Hawkins,IT Manager - Support,IT/IS,BPC,Full-Time,Female,6.06,84.0,1,1,4,Exceeds,2,0.12128316246169119,Low Risk,BusinessUnit = BPC; Gender = Female; Employee = Full-Time,Maintain current engagement practices; no immediate action needed.
2622,Mary,Moore,Area Sales Manager,Sales,BPC,Contract,Male,6.02,35.0,5,3,1,Fully Meets,4,0.12095219157763995,Low Risk,low performance rating; low satisfaction score; BusinessUnit = BPC,Maintain current engagement practices; no immediate action needed.
2713,Abagail,Villanueva,Area Sales Manager,Sales,WBL,Full-Time,Male,6.78,29.0,2,5,4,Fully Meets,5,0.12077218775988725,Low Risk,low performance rating; MaritalStatus = Married; PayZone = Zone A,Maintain current engagement practices; no immediate action needed.
2651,Demarcus,Frazier,Administrative Assistant,Sales,CCDR,Contract,Female,5.67,34.0,3,1,2,Fully Meets,2,0.12019873883942926,Low Risk,Gender = Female; training investment; low engagement,Maintain current engagement practices; no immediate action needed.
3493,Hugo,Clay,Area Sales Manager,Sales,PYZ,Full-Time,Male,7.03,42.0,1,3,5,Fully Meets,5,0.12016171852291983,Low Risk,low performance rating; experience level; age,Maintain current engagement practices; no immediate action needed.
2710,Madyson,Yates,Area Sales Manager,Sales,TNS,Part-Time,Male,4.41,32.0,2,4,3,Fully Meets,5,0.11984189701780695,Low Risk,low performance rating; Employee = Part-Time; Division = Field Operations,Maintain current engagement practices; no immediate action needed.
2483,Peter,Monroe,IT Manager - Infra,IT/IS,WBL,Part-Time,Male,6.67,82.0,1,5,3,Fully Meets,2,0.11939124614093162,Low Risk,PayZone = Zone A; experience level; low performance score,Maintain current engagement practices; no immediate action needed.
2582,Whitney,Gill,Area Sales Manager,Sales,MSC,Part-Time,Female,5.99,34.0,2,3,5,Fully Meets,1,0.11881778547152683,Low Risk,Gender = Female; JobFunctionDescription = Laborer; Employee = Part-Time,Maintain current engagement practices; no immediate action needed.
3508,Aidan,Harding,Area Sales Manager,Sales,CCDR,Full-Time,Male,5.03,84.0,5,1,4,Fully Meets,5,0.11844068555748045,Low Risk,low performance rating; PayZone = Zone B; Employee = Full-Time,Maintain current engagement practices; no immediate action needed.
3485,Jaiden,Johnson,Area Sales Manager,Sales,MSC,Contract,Male,4.75,32.0,1,2,3,Fully Meets,5,0.11835600640233764,Low Risk,low performance rating; Race = White; low engagement,Maintain current engagement practices; no immediate action needed.
3483,Jaslene,Harding,Area Sales Manager,Sales,SVG,Part-Time,Male,4.83,62.0,4,1,5,Fully Meets,1,0.11807175139362225,Low Risk,low satisfaction score; Employee = Part-Time; PayZone = Zone B,Maintain current engagement practices; no immediate action needed.
2661,Avah,Hayes,Area Sales Manager,Sales,MSC,Part-Time,Male,5.05,56.0,3,3,2,Fully Meets,2,0.1174774589196677,Low Risk,MaritalStatus = Married; PayZone = Zone A; training investment,Maintain current engagement practices; no immediate action needed.
2698,Jaycee,Alexander,Area Sales Manager,Sales,NEL,Contract,Male,5.31,57.0,4,5,5,Fully Meets,4,0.11612902788482898,Low Risk,low satisfaction score; low performance rating; BusinessUnit = NEL,Maintain current engagement practices; no immediate action needed.
3429,Edward,Buck,Area Sales Manager,Sales,PL,Full-Time,Male,7.62,35.0,2,1,1,Fully Meets,4,0.1157732920949608,Low Risk,low engagement; low performance rating; Employee = Full-Time,Maintain current engagement practices; no immediate action needed.
3536,Aylin,Berg,Area Sales Manager,Sales,WBL,Contract,Female,3.97,38.0,2,1,4,Fully Meets,2,0.11501282073946169,Low Risk,Gender = Female; training investment; low engagement,Maintain current engagement practices; no immediate action needed.
3551,Emery,Roach,Area Sales Manager,Sales,PYZ,Part-Time,Male,7.96,72.0,4,4,3,Needs Improvement,4,0.11498094641903149,Low Risk,low performance rating; JobFunctionDescription = Engineer; low satisfaction score,Maintain current engagement practices; no immediate action needed.
2589,Jabari,Frank,Area Sales Manager,Sales,BPC,Contract,Male,5.64,76.0,5,2,1,Fully Meets,5,0.11483624534585629,Low Risk,low satisfaction score; BusinessUnit = BPC; low performance rating,Maintain current engagement practices; no immediate action needed.
2209,Rick,Clayton,IT Support,IT/IS,PYZ,Part-Time,Male,6.28,26.0,2,2,5,Needs Improvement,5,0.11464004416125692,Low Risk,experience level; low performance rating,Maintain current engagement practices; no immediate action needed.
2733,Davian,Davis,Area Sales Manager,Sales,WBL,Contract,Male,4.48,31.0,4,3,1,Fully Meets,5,0.11446375690838989,Low Risk,PayZone = Zone A; low satisfaction score; low performance rating,Maintain current engagement practices; no immediate action needed.
2717,Colt,Sutton,Area Sales Manager,Sales,PYZ,Full-Time,Male,6.17,31.0,1,1,2,Fully Meets,1,0.11426760974417817,Low Risk,low engagement; training investment; Employee = Full-Time,Maintain current engagement practices; no immediate action needed.
2647,Rylan,Key,Area Sales Manager,Sales,WBL,Contract,Male,7.54,76.0,5,5,3,Fully Meets,5,0.11349180905815605,Low Risk,low performance rating; PayZone = Zone A; low satisfaction score,Maintain current engagement practices; no immediate action needed.
3494,Cohen,Raymond,Area Sales Manager,Sales,SVG,Contract,Male,6.1,32.0,2,1,1,Fully Meets,4,0.11301555252579507,Low Risk,low engagement; low performance rating; PayZone = Zone B,Maintain current engagement practices; no immediate action needed.
3509,Cruz,Boyer,Area Sales Manager,Sales,BPC,Part-Time,Female,5.28,49.0,5,4,2,Fully Meets,2,0.1124782423547638,Low Risk,Gender = Female; BusinessUnit = BPC; MaritalStatus = Married,Maintain current engagement practices; no immediate action needed.
3553,Khalil,Mendez,Area Sales Manager,Sales,NEL,Contract,Male,6.51,77.0,2,4,4,Fully Meets,4,0.11219454497605674,Low Risk,training investment; low performance rating; BusinessUnit = NEL,Maintain current engagement practices; no immediate action needed.
2725,Dean,Little,Area Sales Manager,Sales,MSC,Contract,Male,6.69,57.0,1,4,5,Fully Meets,4,0.11178911827708615,Low Risk,low performance rating; Division = Field Operations; Race = White,Maintain current engagement practices; no immediate action needed.
2595,Karly,Ho,Area Sales Manager,Sales,PYZ,Part-Time,Male,6.8,28.0,5,3,4,Fully Meets,4,0.11071286721280023,Low Risk,low performance rating; low satisfaction score; PayZone = Zone A,Maintain current engagement practices; no immediate action needed.
2735,Santiago,Rosales,Area Sales Manager,Sales,PL,Contract,Female,5.77,25.0,1,5,2,Fully Meets,2,0.11046370383894243,Low Risk,Gender = Female; PayZone = Zone B,Maintain current engagement practices; no immediate action needed.
3467,Celia,Curtis,Area Sales Manager,Sales,WBL,Contract,Female,6.22,39.0,3,4,2,Exceeds,1,0.11022121185269027,Low Risk,Gender = Female; age; JobFunctionDescription = Engineer,Maintain current engagement practices; no immediate action needed.
2621,Laura,Bullock,Area Sales Manager,Sales,PL,Part-Time,Male,7.86,84.0,5,3,4,Fully Meets,2,0.10960650553033491,Low Risk,Race = White; low satisfaction score; PayZone = Zone B,Maintain current engagement practices; no immediate action needed.
2659,Bailey,Hays,Area Sales Manager,Sales,SVG,Part-Time,Male,4.02,36.0,3,5,2,Fully Meets,2,0.10923969514358535,Low Risk,desired salary at hire; PayZone = Zone B; Employee = Part-Time,Maintain current engagement practices; no immediate action needed.
2682,Keagan,Hutchinson,Area Sales Manager,Sales,NEL,Contract,Male,5.99,50.0,2,1,2,Fully Meets,2,0.10909017408204015,Low Risk,BusinessUnit = NEL; low engagement; PayZone = Zone A,Maintain current engagement practices; no immediate action needed.
2620,Kaylin,Dillon,Area Sales Manager,Sales,NEL,Full-Time,Male,5.39,53.0,3,4,4,Fully Meets,1,0.1085276480576088,Low Risk,BusinessUnit = NEL; Employee = Full-Time; MaritalStatus = Married,Maintain current engagement practices; no immediate action needed.
3502,Eugene,Marks,Area Sales Manager,Sales,BPC,Full-Time,Male,6.82,50.0,3,5,5,Fully Meets,1,0.1071879812333016,Low Risk,BusinessUnit = BPC; Race = White; Employee = Full-Time,Maintain current engagement practices; no immediate action needed.
3504,Javon,Kelley,Area Sales Manager,Sales,SVG,Full-Time,Male,4.79,46.0,4,3,3,Fully Meets,2,0.10634328963379337,Low Risk,low satisfaction score; JobFunctionDescription = Laborer; Employee = Full-Time,Maintain current engagement practices; no immediate action needed.
2688,Luciana,Steele,Area Sales Manager,Sales,NEL,Contract,Male,5.45,59.0,3,2,3,Fully Meets,1,0.10631783150464755,Low Risk,BusinessUnit = NEL; MaritalStatus = Married; JobFunctionDescription = Engineer,Maintain current engagement practices; no immediate action needed.
2631,Darien,Young,Area Sales Manager,Sales,MSC,Full-Time,Female,5.4,28.0,1,5,4,Fully Meets,2,0.1057618385047295,Low Risk,Gender = Female; Employee = Full-Time; experience level,Maintain current engagement practices; no immediate action needed.
3517,Milagros,Francis,Area Sales Manager,Sales,EW,Part-Time,Male,6.43,85.0,1,4,1,Fully Meets,4,0.10487210762959592,Low Risk,JobFunctionDescription = Splicer; PayZone = Zone A; BusinessUnit = EW,Maintain current engagement practices; no immediate action needed.
3557,Nicholas,Obrien,Area Sales Manager,Sales,BPC,Part-Time,Male,7.45,66.0,5,4,2,Fully Meets,2,0.10460444414237749,Low Risk,BusinessUnit = BPC; Division = Field Operations; Employee = Part-Time,Maintain current engagement practices; no immediate action needed.
2600,Thomas,Sloan,Administrative Assistant,Sales,CCDR,Full-Time,Female,7.85,62.0,2,5,4,Fully Meets,2,0.10452249943901293,Low Risk,Gender = Female; Employee = Full-Time,Maintain current engagement practices; no immediate action needed.
2731,Denzel,Jensen,Administrative Assistant,Sales,BPC,Part-Time,Female,7.48,77.0,3,2,2,Fully Meets,1,0.10380148483822171,Low Risk,Gender = Female; BusinessUnit = BPC; Race = Other,Maintain current engagement practices; no immediate action needed.
2660,Sanaa,Valenzuela,Area Sales Manager,Sales,EW,Part-Time,Male,6.96,67.0,1,5,1,Fully Meets,4,0.10279603326387926,Low Risk,low performance rating; Division = Shop (Fleet); education level,Maintain current engagement practices; no immediate action needed.
2639,Simeon,Roy,Area Sales Manager,Sales,PL,Part-Time,Male,5.82,51.0,3,1,3,Fully Meets,2,0.1026605060169739,Low Risk,Employee = Part-Time; low engagement; experience level,Maintain current engagement practices; no immediate action needed.
2628,Charles,Coleman,Area Sales Manager,Sales,BPC,Part-Time,Male,4.63,35.0,4,5,2,Fully Meets,2,0.10071335095361898,Low Risk,low satisfaction score; PayZone = Zone A; BusinessUnit = BPC,Maintain current engagement practices; no immediate action needed.
2588,Callum,Ford,Area Sales Manager,Sales,PL,Full-Time,Male,5.94,38.0,1,5,5,Fully Meets,5,0.10058507652243921,Low Risk,low performance rating; Race = Other; Division = Field Operations,Maintain current engagement practices; no immediate action needed.
2722,Sawyer,Oneal,Area Sales Manager,Sales,CCDR,Contract,Male,5.8,47.0,4,3,2,Fully Meets,2,0.10031198068195282,Low Risk,low satisfaction score; Race = White; training investment,Maintain current engagement practices; no immediate action needed.
2592,Rubi,Shields,Area Sales Manager,Sales,EW,Contract,Male,5.78,77.0,1,5,2,Fully Meets,2,0.09919435693075944,Low Risk,JobFunctionDescription = Splicer; training investment; PayZone = Zone B,Maintain current engagement practices; no immediate action needed.
3490,Weston,Preston,Area Sales Manager,Sales,MSC,Part-Time,Female,7.45,35.0,3,5,2,Fully Meets,2,0.0969356813340287,Low Risk,Gender = Female; BusinessUnit = MSC; PayZone = Zone A,Maintain current engagement practices; no immediate action needed.
2664,Felipe,Rollins,Area Sales Manager,Sales,WBL,Full-Time,Male,4.7,65.0,2,5,2,Fully Meets,1,0.09685320999353958,Low Risk,Employee = Full-Time; EmployeeClassification = Full-Time; desired salary at hire,Maintain current engagement practices; no immediate action needed.
2702,Sophie,Carrillo,Area Sales Manager,Sales,BPC,Contract,Male,6.81,64.0,1,5,2,Fully Meets,2,0.09643367462216913,Low Risk,BusinessUnit = BPC; training investment; training investment,Maintain current engagement practices; no immediate action needed.
3452,Jaydon,Blackburn,Area Sales Manager,Sales,PYZ,Part-Time,Male,3.71,80.0,5,5,2,Fully Meets,2,0.09630948164792864,Low Risk,PayZone = Zone A; desired salary at hire; Employee = Part-Time,Maintain current engagement practices; no immediate action needed.
2687,Bruno,Ashley,Area Sales Manager,Sales,WBL,Part-Time,Male,5.1,81.0,5,4,5,Fully Meets,2,0.09571350978499296,Low Risk,JobFunctionDescription = Engineer; PayZone = Zone A; low satisfaction score,Maintain current engagement practices; no immediate action needed.
2670,Vincent,Logan,Area Sales Manager,Sales,PYZ,Part-Time,Male,5.33,32.0,2,4,1,Fully Meets,1,0.09551137357367624,Low Risk,JobFunctionDescription = Engineer; Race = Other,Maintain current engagement practices; no immediate action needed.
2686,Ryker,Hopkins,Area Sales Manager,Sales,PYZ,Contract,Male,4.94,71.0,3,5,4,Fully Meets,4,0.0951105955363946,Low Risk,low performance rating; training investment; Race = Other,Maintain current engagement practices; no immediate action needed.
2669,Jade,Becker,Administrative Assistant,Sales,SVG,Part-Time,Female,7.59,75.0,2,4,1,Fully Meets,1,0.09365717113543898,Low Risk,Gender = Female; Division = Field Operations,Maintain current engagement practices; no immediate action needed.
3492,Vicente,Merritt,Area Sales Manager,Sales,PL,Full-Time,Male,6.66,34.0,5,1,5,Fully Meets,1,0.09353418595636097,Low Risk,Employee = Full-Time; training investment; MaritalStatus = Married,Maintain current engagement practices; no immediate action needed.
3430,Michael,Riordan,Area Sales Manager,Sales,CCDR,Contract,Male,5.1,28.0,5,5,4,Fully Meets,2,0.09341556385168767,Low Risk,low satisfaction score; Division = Finance & Accounting; education level,Maintain current engagement practices; no immediate action needed.
2712,Helen,Humphrey,Area Sales Manager,Sales,PYZ,Full-Time,Male,7.93,34.0,2,3,5,Fully Meets,1,0.0915099350253202,Low Risk,Employee = Full-Time; MaritalStatus = Married; PayZone = Zone A,Maintain current engagement practices; no immediate action needed.
3554,Lizeth,Holland,Area Sales Manager,Sales,MSC,Part-Time,Male,7.32,68.0,1,2,2,Fully Meets,1,0.09058804680868796,Low Risk,Division = People Services; BusinessUnit = MSC; training investment,Maintain current engagement practices; no immediate action needed.
2645,Breanna,Kerr,Area Sales Manager,Sales,TNS,Contract,Male,6.06,79.0,3,4,5,Fully Meets,4,0.08974339503127965,Low Risk,low performance rating; BusinessUnit = TNS; MaritalStatus = Married,Maintain current engagement practices; no immediate action needed.
3514,Alexus,Estes,Area Sales Manager,Sales,BPC,Full-Time,Male,6.28,69.0,1,2,1,Fully Meets,1,0.0894522880866855,Low Risk,BusinessUnit = BPC; Employee = Full-Time; PayZone = Zone B,Maintain current engagement practices; no immediate action needed.
2697,Benjamin,Goodman,Area Sales Manager,Sales,WBL,Full-Time,Male,6.42,62.0,5,1,3,Fully Meets,1,0.08848886967954367,Low Risk,PayZone = Zone A; Race = White; low satisfaction score,Maintain current engagement practices; no immediate action needed.
2607,Lamont,Summers,Area Sales Manager,Sales,SVG,Contract,Male,7.33,50.0,1,3,2,Fully Meets,2,0.08769498986142679,Low Risk,Race = White; JobFunctionDescription = Engineer; poor work-life balance,Maintain current engagement practices; no immediate action needed.
2662,Cody,Bates,Area Sales Manager,Sales,TNS,Contract,Male,5.48,81.0,1,4,1,Fully Meets,2,0.0829253733200477,Low Risk,training investment; BusinessUnit = TNS; PayZone = Zone A,Maintain current engagement practices; no immediate action needed.
2585,Mike,Guilianno,Area Sales Manager,Sales,PYZ,Contract,Male,5.14,25.0,1,5,4,Fully Meets,2,0.08115138897127716,Low Risk,PayZone = Zone A; JobFunctionDescription = Laborer; education level,Maintain current engagement practices; no immediate action needed.
3528,Kymani,Benjamin,Area Sales Manager,Sales,PYZ,Full-Time,Male,3.78,35.0,2,5,2,Fully Meets,2,0.07967637023065853,Low Risk,Employee = Full-Time; Division = Finance & Accounting; age,Maintain current engagement practices; no immediate action needed.
2646,Saniya,Ho,Area Sales Manager,Sales,PYZ,Contract,Male,6.98,25.0,2,4,2,Fully Meets,1,0.07924829336778555,Low Risk,poor work-life balance; PayZone = Zone A; education level,Maintain current engagement practices; no immediate action needed.
2606,Aspen,Freeman,Area Sales Manager,Sales,CCDR,Full-Time,Male,5.75,75.0,5,1,1,Fully Meets,2,0.07833268334346274,Low Risk,Race = White; Employee = Full-Time; low engagement,Maintain current engagement practices; no immediate action needed.
3505,Amaya,Hicks,Area Sales Manager,Sales,EW,Contract,Male,5.91,83.0,3,4,2,Fully Meets,1,0.07092949153917072,Low Risk,training investment; experience level; PayZone = Zone B,Maintain current engagement practices; no immediate action needed.
2689,Johnathon,Serrano,Area Sales Manager,Sales,PL,Part-Time,Male,5.57,72.0,1,2,1,Fully Meets,1,0.07057360937895463,Low Risk,Race = Other; Employee = Part-Time; low engagement,Maintain current engagement practices; no immediate action needed.
2597,Layla,Kane,Area Sales Manager,Sales,NEL,Contract,Male,6.31,82.0,5,4,4,Fully Meets,2,0.0674131829649715,Low Risk,BusinessUnit = NEL; low satisfaction score; PayZone = Zone A,Maintain current engagement practices; no immediate action needed.
2711,Rachel,Bowers,Area Sales Manager,Sales,WBL,Contract,Male,4.93,53.0,2,4,5,Fully Meets,2,0.06670283740228132,Low Risk,Division = Field Operations,Maintain current engagement practices; no immediate action needed.
2691,Soren,Downs,Area Sales Manager,Sales,CCDR,Part-Time,Male,7.56,54.0,1,4,1,Fully Meets,1,0.06278641359021578,Low Risk,JobFunctionDescription = Supervisor; desired salary at hire,Maintain current engagement practices; no immediate action needed.
